prompt,command
"List all files in the current directory, including hidden ones, in long format.",ls -la
"Show the first 10 lines of a file named ""report.txt"".",head -n 10 report.txt
"Count how many times the word ""error"" appears in the syslog.","grep -o ""error"" /var/log/syslog | wc -l"
Create a compressed tar archive named backup.tar.gz of the folder /home/user/data.,tar -czvf backup.tar.gz /home/user/data
Find all .log files larger than 5 MB in /var/log and delete them.,"find /var/log -type f -name ""*.log"" -size +5M -exec rm -f {} \;"
Display the current disk usage of each mounted filesystem in human‑readable form.,df -h
"Show a tree view of the directory structure under /etc, limited to depth 2.",tree -L 2 /etc
"Search recursively for the string ""TODO"" in all .py files under the src directory, ignoring case.","grep -ri ""TODO"" src/*.py"
"Replace all occurrences of ""localhost"" with ""127.0.0.1"" in the file hosts.conf, editing the file in place.",sed -i 's/localhost/127.0.0.1/g' hosts.conf
Show the last 20 lines of the system journal for the ssh service.,journalctl -u ssh -n 20
"List all currently running processes owned by the user alice, showing PID and command.","ps -u alice -o pid,cmd"
Monitor real‑time network bandwidth usage on interface eth0.,ifstat -i eth0 1
Download a file from https://example.com/file.zip and save it as file.zip.,curl -L -o file.zip https://example.com/file.zip
Extract the contents of archive.tar.bz2 into the current directory.,tar -xjvf archive.tar.bz2
"Show the differences between two configuration files, config1.cfg and config2.cfg, ignoring whitespace changes.",diff -w config1.cfg config2.cfg
Print the current date and time in ISO 8601 format.,date --iso-8601=seconds
Create a new user named devuser with a home directory and default shell /bin/bash.,sudo useradd -m -s /bin/bash devuser
Change the permissions of script.sh to be executable by the owner only.,chmod 700 script.sh
"Append the line ""export PATH=$PATH:/opt/tools"" to the end of ~/.bashrc if it is not already present.",grep -qxF 'export PATH=$PATH:/opt/tools' ~/.bashrc || echo 'export PATH=$PATH:/opt/tools' >> ~/.bashrc
List the 5 most memory‑intensive processes sorted descending.,ps aux --sort=-%mem | head -n 6
Show the current IPv4 routing table.,ip -4 route show
Convert all .wav audio files in the music directory to .mp3 at 192k bitrate using ffmpeg.,"for f in music/*.wav; do ffmpeg -i ""$f"" -b:a 192k ""${f%.wav}.mp3""; done"
Generate a random 16‑character alphanumeric password and copy it to the clipboard (Linux with xclip).,tr -dc A-Za-z0-9 </dev/urandom | head -c16 | xclip -selection clipboard
Schedule a cron job to run /usr/local/bin/backup.sh at 2 am every Sunday.,"(crontab -l 2>/dev/null; echo ""0 2 * * 0 /usr/local/bin/backup.sh"") | crontab -"
"Display the size of each subdirectory in the current folder, sorted largest first.",du -sh */ | sort -hr
"Find and kill all processes containing the string ""node"" in their command line.",pkill -f node
Show the amount of free memory in megabytes.,free -m | awk '/Mem:/ {print $4}'
Create a symbolic link named latest.log pointing to /var/log/app.log.,ln -s /var/log/app.log latest.log
List all open TCP ports and the processes that own them.,sudo lsof -iTCP -sTCP:LISTEN -P -n
"Compress the file largefile.bin using gzip, keeping the original file.",gzip -c largefile.bin > largefile.bin.gz
"Display the first occurrence of the word ""FAIL"" in the log file system.log, along with its line number.","grep -n ""FAIL"" system.log | head -n 1"
Show a summary of CPU usage per core.,mpstat -P ALL 1 1
Copy the directory /var/www/html to /backup/www preserving permissions and timestamps.,rsync -a /var/www/html/ /backup/www/
List all Docker containers (running and stopped) with their status.,"docker ps -a --format ""{{.ID}}\t{{.Names}}\t{{.Status}}"""
Pull the latest version of the nginx image from Docker Hub.,docker pull nginx:latest
"Show the environment variables that contain the word ""PATH"".",env | grep PATH
Create a 1 GB file filled with zeros named zero.img.,dd if=/dev/zero of=zero.img bs=1M count=1024
Display the last 5 commit messages in the current Git repository.,"git log -5 --pretty=format:""%h %s"""
"Switch to the branch feature/login in Git, creating it if it does not exist.",git checkout -B feature/login
Show the total number of lines of code (excluding blank lines) in the src directory for *.c and *.h files.,"find src -type f \( -name ""*.c"" -o -name ""*.h"" \) -exec cat {} + | grep -v '^\s*$' | wc -l"
Display the current SELinux mode.,getenforce
Set the system timezone to UTC.,sudo timedatectl set-timezone UTC
List the top 10 largest files in /var/log.,find /var/log -type f -exec du -h {} + | sort -rh | head -n 10
Show a progress bar while copying a large directory using rsync.,rsync -a --info=progress2 /source/ /dest/
Print the hostname of the machine in uppercase.,hostname | tr '[:lower:]' '[:upper:]'
Check whether port 443 on remote host example.com is open.,nc -zvw3 example.com 443
Generate a SHA‑256 checksum for the file archive.tar.gz and save it to archive.sha256.,sha256sum archive.tar.gz > archive.sha256
List all files in /tmp that have not been accessed in the last 30 days.,find /tmp -type f -atime +30
Display the current user's UID and GID.,id -u && id -g
"Create a new Bash function named greet that prints ""Hello, $1!"" and add it to ~/.bashrc.","echo -e '\nfunction greet() { echo ""Hello, $1!""; }' >> ~/.bashrc"
Show the version of the installed Python interpreter.,python3 --version
Convert the text file data.txt to uppercase and save as data_upper.txt.,tr '[:lower:]' '[:upper:]' < data.txt > data_upper.txt
List all mounted filesystems of type ext4.,mount | grep 'type ext4'
Display the last 100 lines of the Apache error log and follow new entries in real time.,tail -n 100 -f /var/log/apache2/error.log
Create a temporary file securely and print its name.,tempfile=$(mktemp) && echo $tempfile
Show the current kernel version.,uname -r
"Replace tabs with four spaces in the file script.py, editing the file in place.",sed -i 's/\t/    /g' script.py
Find duplicate files (by checksum) in the directory ~/documents and list them.,fdupes -r ~/documents
Schedule a system shutdown in 15 minutes with a custom message.,"sudo shutdown +15 ""System will shut down in 15 minutes"""
List all users on the system who have UID greater than or equal to 1000.,awk -F: '$3>=1000 {print $1}' /etc/passwd
Show the amount of free space on the root partition in gigabytes.,df -h / | awk 'NR==2 {print $4}'
"Create a zip archive named project.zip containing the contents of the folder project/, excluding any .git directories.","zip -r project.zip project/ -x ""*/.git/*"""
Display the current shell's exit status of the last command.,echo $?
"Search for the pattern ""^ERROR"" at the beginning of lines in log.txt and count matches.","grep -c ""^ERROR"" log.txt"
List all symbolic links in /usr/local/bin and show their targets.,find /usr/local/bin -type l -ls
Set the environment variable JAVA_HOME to /usr/lib/jvm/java-11-openjdk and export it for the current session.,export JAVA_HOME=/usr/lib/jvm/java-11-openjdk
Show the current working directory,pwd
"List all files, including hidden ones, in the current directory",ls -a
Display detailed information for files in the /var/log directory,ls -lh /var/log
Find all .txt files recursively from the current directory,"find . -type f -name ""*.txt"""
Search for the word 'ERROR' in syslog and show line numbers,"grep -n ""ERROR"" /var/log/syslog"
Show the first 10 lines of the file /etc/passwd,head -n 10 /etc/passwd
Show the last 20 lines of the file /var/log/syslog,tail -n 20 /var/log/syslog
Display the current user's username,whoami
Show disk usage of the /home directory in human readable format,du -sh /home
Show a tree view of the current directory up to depth 2,tree -L 2
Count the number of lines in the file /etc/passwd,wc -l < /etc/passwd
Show the current date and time in ISO 8601 format,date --iso-8601=seconds
Create a compressed tar archive named backup.tar.gz of the /etc directory,tar -czf backup.tar.gz /etc
Extract the archive backup.tar.gz into the current directory,tar -xzf backup.tar.gz
Show the IP addresses of all network interfaces,ip -brief address
Display the process tree for the current user,pstree -u $USER
Monitor real-time changes to the file /var/log/syslog,tail -f /var/log/syslog
Find all files larger than 100 MB in /var and delete them after confirmation,find /var -type f -size +100M -exec rm -i {} \;
Replace all occurrences of 'foo' with 'bar' in file config.txt and save changes in-place,sed -i 's/foo/bar/g' config.txt
Show the 5 most memory‑intensive processes,ps aux --sort=-%mem | head -n 6
Display the current shell's environment variables sorted alphabetically,printenv | sort
Download the file from https://example.com/file.txt to /tmp using curl and show progress,curl -O --progress-bar https://example.com/file.txt
Upload local file report.pdf to https://example.com/upload using wget,wget --method=PUT --body-file=report.pdf https://example.com/upload
Create a new user named alice with a home directory and default shell /bin/bash,sudo useradd -m -s /bin/bash alice
Add the current user to the sudo group,sudo usermod -aG sudo $USER
Show the difference between file1.txt and file2.txt ignoring whitespace changes,diff -w file1.txt file2.txt
List all listening TCP ports with their associated processes,sudo ss -tlnp
Display the last 5 commands from the shell history,history | tail -n 5
Schedule a script backup.sh to run daily at 2 am using cron,"(crontab -l 2>/dev/null; echo ""0 2 * * * /path/to/backup.sh"") | crontab -"
Show the size of each subdirectory in /var sorted by size descending,du -sh /var/* | sort -hr
Find all symbolic links in the current directory and list their targets,find . -type l -ls
Compress all .log files in /var/log into a single zip archive logs.zip,zip logs.zip /var/log/*.log
Extract only the file config.yaml from archive settings.tar.gz,tar -xzf settings.tar.gz config.yaml
Show the CPU usage per core in real time,mpstat -P ALL 1
List all installed packages on an Ubuntu system,dpkg -l
Search the manual pages for commands related to networking,apropos network
Print the first 3 columns of /etc/passwd separated by commas,"cut -d ':' -f1,3,5 /etc/passwd | tr ':' ','"
Create an empty file named placeholder.txt only if it does not already exist,touch placeholder.txt
Rename all *.jpeg files in the current directory to have a .jpg extension,"for f in *.jpeg; do mv ""$f"" ""${f%.jpeg}.jpg""; done"
Display the current system load averages,cat /proc/loadavg
Show the top 10 most frequently used commands from history,"history | awk '{CMD[$2]++} END {for (c in CMD) print CMD[c] "" "" c}' | sort -nr | head -n 10"
Check if port 8080 is open on localhost,nc -zv 127.0.0.1 8080
Print the current kernel version,uname -r
Display the amount of free and used memory in megabytes,free -m
Convert the file data.txt from DOS to Unix line endings,dos2unix data.txt
Show the last login time for user bob,last -n 1 bob
"Create a directory tree ~/projects/{app,lib,tests} in one command","mkdir -p ~/projects/{app,lib,tests}"
Append the text 'Completed' to the end of the file notes.md,"echo ""Completed"" >> notes.md"
"List all files in /etc sorted by modification time, newest first",ls -lt /etc
Find all Python files that contain the string 'TODO' and print their filenames,"grep -rl ""TODO"" --include=*.py ."
Show a summary of disk usage for each mounted filesystem,df -h
Set the executable permission for all shell scripts in the current directory,chmod +x *.sh
Display the environment variable PATH with each directory on a new line,echo $PATH | tr ':' '\n'
Create a symbolic link named latest.log pointing to /var/log/app.log,ln -s /var/log/app.log latest.log
"Print the current date in the format 'Day, DD Month YYYY'","date ""+%A, %d %B %Y"""
Show the difference between the two branches master and feature using git,git diff master..feature
List the 10 largest files in the home directory,find ~ -type f -exec du -h {} + | sort -hr | head -n 10
"Combine the contents of file1.txt and file2.txt into a new file combined.txt, removing duplicate lines",cat file1.txt file2.txt | sort | uniq > combined.txt
Run the command ls in a new terminal window (GNOME),"gnome-terminal -- bash -c ""ls; exec bash"""
Display the HTTP response headers for https://example.com using curl,curl -I https://example.com
Create a 5‑minute countdown timer that beeps when finished,"for i in {5..1}; do echo $i; sleep 60; done; echo -e ""\a"""
Show the current git branch name,git rev-parse --abbrev-ref HEAD
List all files in the current directory that are larger than 10 KB,find . -type f -size +10k
Print the first word of each line in file data.csv,"cut -d ',' -f1 data.csv"
Display the number of CPU cores available,nproc
Show the current timezone setting,"timedatectl | grep ""Time zone"""
Check the syntax of the Bash script script.sh without executing it,bash -n script.sh
Replace spaces with underscores in all filenames in the current directory,"for f in *\ *; do mv ""$f"" ""${f// /_}""; done"
Create a random password of 16 characters and copy it to the clipboard (Linux with xclip),tr -dc A-Za-z0-9 </dev/urandom | head -c16 | xclip -selection clipboard
Show the last 5 git commit messages on the current branch,git log -5 --pretty=format:'%h %s'
List all Docker containers (running and stopped),docker ps -a
Stop and remove all stopped Docker containers,docker container prune -f
Display the size of the /var directory in megabytes,du -sm /var
Find all files with the setuid bit set in /usr/bin,find /usr/bin -type f -perm -4000
"Show a summary of the most common words in file article.txt (ignore case, top 10)",tr -cs '[:alnum:]' '\n' < article.txt | tr '[:upper:]' '[:lower:]' | sort | uniq -c | sort -nr | head -n 10
Create a new Git branch named feature/login and switch to it,git checkout -b feature/login
List all open files for process with PID 1234,lsof -p 1234
Show the current SELinux mode,getenforce
Compress the directory logs/ into a bzip2 archive logs.tar.bz2,tar -cjf logs.tar.bz2 logs/
Extract only the subdirectory src/ from archive source.tar.gz,tar -xzf source.tar.gz src/
Display the last 3 lines of the output of the command dmesg,dmesg | tail -n 3
Create a temporary file and print its name,tempfile=$(mktemp); echo $tempfile
Show the current system uptime in a human‑readable format,uptime -p
Search for the pattern 'TODO' in all files under src/ ignoring binary files,"grep -R --exclude-dir=.git -n ""TODO"" src/"
List the top 5 directories by size under /var,du -h --max-depth=1 /var | sort -hr | head -n 5
Show the current locale settings,locale
Create a new empty Git repository in the current directory,git init
Display the last 10 entries of the system journal,journalctl -n 10
Check the MD5 checksum of file archive.zip,md5sum archive.zip
Replace the first occurrence of 'apple' with 'orange' in each line of file fruits.txt,sed 's/apple/orange/' fruits.txt
List all active network connections and the processes that own them,sudo ss -tunap
Show a progress bar while copying a large file large.iso to /mnt/usb,pv large.iso > /mnt/usb/large.iso
Find all empty directories under /tmp and delete them,find /tmp -type d -empty -delete
"Display the number of lines, words, and characters in file report.txt",wc report.txt
"Create a new file named data.json with the content '{""key"": ""value""}'","echo '{""key"": ""value""}' > data.json"
Show the current user's groups,groups
List all files that have been modified in the last 24 hours in /var/log,find /var/log -type f -mtime -1
Display the top 10 processes by CPU usage,ps aux --sort=-%cpu | head -n 11
Show the current date in UTC,date -u
Search for the word 'failure' in syslog and display the 5 lines before each match,"grep -B5 ""failure"" /var/log/syslog"
List all installed Python packages using pip,pip list
Show the current terminal's size in rows and columns,stty size
Compress a string 'Hello World' using base64 encoding,echo -n 'Hello World' | base64
Display the current Git remote URLs,git remote -v
Find and delete all .tmp files in /tmp older than 7 days,"find /tmp -type f -name ""*.tmp"" -mtime +7 -delete"
Show the current system's hostname,hostname
List all files in the current directory with their inode numbers,ls -i
Create a new file named script.sh with executable permission and write a simple echo command into it,"echo -e ""#!/bin/bash\necho \""Hello from script\"""" > script.sh && chmod +x script.sh"
Display the first 5 lines of each .conf file in /etc,head -n 5 /etc/*.conf
Show the amount of free space on the root filesystem,df -h /
"Search for the string 'password' in all configuration files under /etc, ignoring case","grep -ri ""password"" /etc/*.conf"
List all loaded kernel modules,lsmod
Show the current user's UID and GID,id
Display the contents of the file /proc/cpuinfo,cat /proc/cpuinfo
Create a compressed gzip file from logs.txt,gzip -c logs.txt > logs.txt.gz
Extract a gzip file logs.txt.gz,gunzip -c logs.txt.gz > logs.txt
Show the current time in milliseconds since the epoch,date +%s%3N
"List all files in the current directory sorted by size, largest first",ls -S
Find all processes owned by the user alice,ps -u alice
Show the kernel ring buffer messages,dmesg
Display a calendar for the current month,cal
Create a new directory named backup with parent directories as needed,mkdir -p backup
Copy the file source.txt to destination.txt preserving attributes,cp -p source.txt destination.txt
Move all .log files from /var/log to /tmp/logs,mv /var/log/*.log /tmp/logs
Delete the file old.tmp without prompting,rm -f old.tmp
Show the current shell's version,echo $BASH_VERSION
Display the current user's home directory,echo $HOME
List all active services using systemd,systemctl list-units --type=service --state=running
Show the current system's uptime in seconds,cat /proc/uptime | awk '{print $1}'
Search for the word 'TODO' in all .py files and display line numbers,"grep -n ""TODO"" *.py"
Create a new empty file named empty.txt only if it does not exist,test -e empty.txt || touch empty.txt
"Show detailed information for all files, including hidden ones",ls -la
"Display the first 10 lines of a file named ""log.txt""",head -n 10 log.txt
"Show the last 20 lines of ""error.log"" with line numbers",tail -n 20 -n error.log
"Count how many words are in ""document.txt""",wc -w document.txt
"Find all "".conf"" files recursively from the current directory","find . -type f -name ""*.conf"""
"Search for the string ""TODO"" in all "".py"" files and show line numbers","grep -n ""TODO"" *.py"
"Replace all occurrences of ""foo"" with ""bar"" in ""data.txt"" (in‑place)",sed -i 's/foo/bar/g' data.txt
Show disk usage of the current directory in human‑readable format,du -sh .
Display the current working directory,pwd
"Create a new directory named ""backup"" and move all "".log"" files into it",mkdir -p backup && mv *.log backup/
"Archive the ""src"" folder into a gzipped tarball called ""src.tar.gz""",tar -czvf src.tar.gz src/
"Extract the contents of ""archive.zip"" into the current directory",unzip archive.zip
Show the process tree for the current user,ps -u $USER -f --forest
List open network ports listening on TCP,ss -tln
Show the last 5 commands you executed in the shell history,history | tail -n 5
Display the amount of free memory in megabytes,free -m | awk '/Mem:/ {print $4}'
"Convert the PDF file ""report.pdf"" to a series of PNG images",convert -density 300 report.pdf report-%03d.png
"Download a file from ""https://example.com/file.tar.gz"" using curl and save as ""file.tar.gz""",curl -L -o file.tar.gz https://example.com/file.tar.gz
"Create a symbolic link named ""latest.log"" pointing to ""log_2024_03_24.txt""",ln -s log_2024_03_24.txt latest.log
List all running Docker containers,docker ps
"Stop a Docker container with ID ""a1b2c3d4e5f6""",docker stop a1b2c3d4e5f6
"Show the differences between ""file1.txt"" and ""file2.txt"" ignoring whitespace changes",diff -w file1.txt file2.txt
"Count how many times the word ""error"" appears in ""system.log"" (case‑insensitive)","grep -oi ""error"" system.log | wc -l"
Print the current user's UID and GID,id -u && id -g
"Set the executable permission for all scripts in the ""scripts"" directory",chmod +x scripts/*.sh
"Append the current timestamp to the file ""audit.log""",date '+%Y-%m-%d %H:%M:%S' >> audit.log
List the 5 largest files in the current directory tree,find . -type f -exec du -h {} + | sort -rh | head -n 5
Show a tree view of the directory structure up to depth 2,tree -L 2
"Compress all "".log"" files into a single gzip archive named ""logs.gz""",tar -czf logs.gz *.log
"Monitor real‑time changes to the file ""access.log""",tail -f access.log
"Create a new user called ""devuser"" with a home directory at ""/home/devuser""",sudo useradd -m -d /home/devuser devuser
"Switch to the user ""devuser"" and start a bash shell",sudo su - devuser
"Print the first 5 fields of each line in ""data.csv"" using comma as delimiter","cut -d',' -f1-5 data.csv"
"Sort the lines of ""names.txt"" alphabetically and remove duplicates",sort -u names.txt
"Display the total number of lines across all "".md"" files in the repository","find . -name ""*.md"" -exec cat {} + | wc -l"
Generate a random 12‑character alphanumeric password and copy it to the clipboard (Linux with xclip),"tr -dc A-Za-z0-9 </dev/urandom | head -c12 | xclip -selection clipboard && echo ""Password copied to clipboard"""
Show the IP address of the machine's primary network interface,ip -4 addr show $(ip route get 8.8.8.8 | awk '{print $5}') | grep -oP '(?<=inet\s)\d+(\.\d+){3}'
"Create a Bash function called ""extract"" that extracts archives based on their extension","extract() { if [ -f ""$1"" ] ; then case ""$1"" in *.tar.bz2) tar xvjf ""$1"" ;; *.tar.gz) tar xvzf ""$1"" ;; *.zip) unzip ""$1"" ;; *.rar) unrar x ""$1"" ;; *) echo ""cannot extract '$1'"" ;; esac else echo ""$1 is not a valid file""; fi }"
"Find all empty directories under ""/var/www"" and delete them",find /var/www -type d -empty -delete
Show the CPU usage per core in a single line,"mpstat -P ALL 1 1 | awk '/Average/ && $2 ~ /[0-9]/ {printf ""CPU%s: %.1f%% "", $2, 100-$12}'"
"Schedule a cron job that runs ""/usr/local/bin/backup.sh"" every day at 2 am","(crontab -l 2>/dev/null; echo ""0 2 * * * /usr/local/bin/backup.sh"") | crontab -"
Display the last commit message in the current Git repository,git log -1 --pretty=%B
"Show the size of each subdirectory in the current folder, sorted largest first",du -sh */ | sort -rh
"Create a virtual environment named ""venv"" using Python 3.11",python3.11 -m venv venv
List all installed Homebrew packages on macOS,brew list
Upgrade all npm packages globally,npm update -g
Display the current system's hostname,hostname
"Show the last 10 lines of ""syslog"" and highlight the word ""failed"" in red","tail -n 10 /var/log/syslog | grep --color=always -i ""failed"""
"Print the SHA‑256 checksum of the file ""image.iso""",sha256sum image.iso
"Create a text file ""todo.txt"" with the content ""Finish report"" using a single command","echo ""Finish report"" > todo.txt"
"Append the line ""# Backup completed"" to the end of ""backup.log"" only if it does not already exist","grep -qxF ""# Backup completed"" backup.log || echo ""# Backup completed"" >> backup.log"
"Display a progress bar while copying a large file ""big.iso"" to ""/mnt/backup"" using pv",pv big.iso > /mnt/backup/big.iso
"List all environment variables that contain the word ""PATH""",env | grep PATH
"Convert all "".wav"" files in ""samples"" to ""mp3"" using ffmpeg, preserving the original filenames","for f in samples/*.wav; do ffmpeg -i ""$f"" ""${f%.wav}.mp3""; done"
Show the number of CPU cores available on the machine,nproc
"Print a random quote from the file ""quotes.txt""",shuf -n 1 quotes.txt
"Create a compressed zip archive named ""project.zip"" containing the ""src"" and ""docs"" directories, excluding any ""*.tmp"" files","zip -r project.zip src docs -x ""*.tmp"""
Display the current user's crontab entries,crontab -l
"Kill all processes named ""node""",pkill node
Show a summary of the most recent 5 commits in the current Git repository,git log -5 --oneline
Set the system timezone to UTC,sudo timedatectl set-timezone UTC
List all USB devices currently connected,lsusb
Print the current shell's version,echo $BASH_VERSION
"Create a new empty file named ""placeholder.txt"" only if it does not already exist",touch placeholder.txt
"Find all Python files that contain the string ""TODO"" and replace it with ""DONE"" in place","grep -rl ""TODO"" *.py | xargs sed -i 's/TODO/DONE/g'"
"Show the total number of lines of code (excluding blank lines) in the ""src"" directory for files with extensions "".c"" and "".h""","find src -type f \( -name ""*.c"" -o -name ""*.h"" \) -exec cat {} + | grep -v '^\s*$' | wc -l"
"List all files and directories in the current folder, including hidden ones, in long format",ls -la
"Display the first 10 lines of a file named ""report.txt""",head report.txt
"Show the last 20 lines of a log file called ""system.log""",tail -n 20 system.log
Find all Python files in the current directory and its subdirectories,"find . -type f -name ""*.py"""
"Search for the string ""ERROR"" in all .log files recursively and display line numbers","grep -R -n ""ERROR"" *.log"
"Count how many times the word ""failed"" appears in ""audit.txt""","grep -o ""failed"" audit.txt | wc -l"
"Replace all occurrences of ""foo"" with ""bar"" in the file ""data.csv"" (in-place)",sed -i 's/foo/bar/g' data.csv
"Sort the contents of ""names.txt"" alphabetically and remove duplicate lines",sort -u names.txt
"Show the disk usage of each directory in the current folder, human‑readable",du -h --max-depth=1
"Create a compressed tar archive named ""backup.tar.gz"" of the directory ""project""",tar -czvf backup.tar.gz project
"Extract the archive ""backup.tar.gz"" into the current directory",tar -xzvf backup.tar.gz
"Download a file from ""https://example.com/file.zip"" and save it as ""file.zip""",curl -O https://example.com/file.zip
Download a file from a URL and show a progress bar,wget --progress=bar https://example.com/file.zip
Show the 5 most recent commits in a Git repository,git log -5 --oneline
"Create a new Git branch called ""feature/login"" and switch to it",git checkout -b feature/login
List all listening TCP ports on the system,ss -tln
"Ping the host ""google.com"" 4 times and display only the summary line",ping -c 4 google.com | tail -1
Find all files larger than 100 MB in /var/log,find /var/log -type f -size +100M
Show the current user's crontab entries,crontab -l
Schedule a daily backup at 2 AM using cron (one‑liner to add to crontab),"(crontab -l 2>/dev/null; echo ""0 2 * * * /usr/local/bin/backup.sh"") | crontab -"
"Convert the file ""image.png"" to a JPEG named ""image.jpg"" using ImageMagick",convert image.png image.jpg
"Resize all JPEG images in the folder ""photos"" to a width of 800 px while keeping aspect ratio",mogrify -resize 800x -format jpg photos/*.jpg
Print the environment variable PATH,echo $PATH
Add /usr/local/bin to the PATH for the current session,export PATH=$PATH:/usr/local/bin
Display the last 5 commands you typed in the shell history,history | tail -5
"Show the differences between two files ""old.cfg"" and ""new.cfg"" in unified diff format",diff -u old.cfg new.cfg
"Count the number of lines, words, and characters in ""essay.txt""",wc essay.txt
Print the first field (username) from /etc/passwd for all users with UID >= 1000,awk -F: '$3>=1000 {print $1}' /etc/passwd
"Create a symbolic link named ""latest.log"" that points to ""log_2023_12_31.log""",ln -s log_2023_12_31.log latest.log
Display the kernel version,uname -r
Show the list of loaded kernel modules,lsmod
"Compress the file ""largefile.bin"" using xz with maximum compression",xz -9 largefile.bin
"Decompress ""archive.tar.xz"" and extract its contents",tar -xJf archive.tar.xz
Generate a random 16‑character alphanumeric password and copy it to the clipboard (Linux with xclip),"tr -dc 'A-Za-z0-9' </dev/urandom | head -c16 | xclip -selection clipboard && echo ""Password copied to clipboard"""
"Print the current CPU temperature (Linux, assuming /sys/class/thermal)","cat /sys/class/thermal/thermal_zone0/temp | awk '{print $1/1000 ""°C""}'"
"Find all lines containing the word ""TODO"" in all source files (*.c, *.h) and display them with file names","grep -Hn ""TODO"" *.c *.h"
Show the top 10 processes by memory usage,ps aux --sort=-%mem | head -n 11
"Create a new user called ""devuser"" with a home directory and default shell /bin/bash",sudo useradd -m -s /bin/bash devuser
"Change the password for user ""devuser"" (prompt will appear for input)",sudo passwd devuser
List all Docker containers (both running and stopped),docker ps -a
"Start a Docker container from the image ""nginx:latest"" mapping host port 8080 to container port 80",docker run -d -p 8080:80 nginx:latest
Set SELinux to permissive mode temporarily,sudo setenforce 0
"Display the size of the file ""video.mkv"" in a human‑readable format",du -h video.mkv | cut -f1
"Recursively change ownership of ""/var/www"" to user ""www-data"" and group ""www-data""",sudo chown -R www-data:www-data /var/www
"Find and delete all empty directories under ""/tmp""",find /tmp -type d -empty -delete
"Generate a SHA‑256 checksum for the file ""installer.sh""",sha256sum installer.sh
"Create a Bash function named ""extract"" that extracts archives based on file extension (zip, tar.gz, tar.bz2, 7z)","extract() { case ""$1"" in *.tar.gz|*.tgz) tar -xzf ""$1"" ;; *.tar.bz2|*.tbz2) tar -xjf ""$1"" ;; *.zip) unzip ""$1"" ;; *.7z) 7z x ""$1"" ;; *) echo ""Unsupported file type"" ;; esac }"
Run a command every 5 minutes using while loop and sleep (example: print timestamp),while true; do date; sleep 300; done
List all files in the current directory,ls
Show hidden files in the current directory,ls -a
"Display the first 10 lines of a file named ""example.log""",head -n 10 example.log
Count the number of lines in all .log files in /var/log,cat /var/log/*.log | wc -l
"Replace all occurrences of ""foo"" with ""bar"" in file ""data.txt"" (in‑place)",sed -i 's/foo/bar/g' data.txt
Show disk usage of the /home directory in human‑readable form,du -h /home
Create a compressed tar archive of the /var/log directory named logs.tar.gz,tar -czvf logs.tar.gz /var/log
"Monitor real‑time changes to a log file ""system.log""",tail -F system.log
Show the current CPU usage as a percentage,"top -bn1 | grep ""Cpu(s)"""
List all running processes sorted by memory usage (descending),ps aux --sort=-%mem
"Kill a process by name ""myapp""",pkill myapp
Show the IP address of the machine (IPv4),hostname -I | awk '{print $1}'
Download a file from URL https://example.com/file.txt to the current directory,curl -O https://example.com/file.txt
"Extract a zip file ""archive.zip"" into directory ""output""",unzip archive.zip -d output
"Show the difference between two files ""old.cfg"" and ""new.cfg""",diff old.cfg new.cfg
"Search for the pattern ""ERROR"" in all .log files, ignoring case","grep -i ""ERROR"" *.log"
"Display the last 5 lines of ""app.log"" and follow new lines",tail -n 5 -F app.log
"Set an environment variable MY_VAR to ""value"" for the current session","export MY_VAR=""value"""
"Append the text ""Completed"" to the file ""status.txt""","echo ""Completed"" >> status.txt"
Find files larger than 100 MiB in /data,find /data -type f -size +100M
"Create a new user ""alice"" and set her password to ""Secret123"" (non‑interactive)","sudo useradd alice && echo ""alice:Secret123"" | sudo chpasswd"
"Schedule a job to run every day at 02:00 that executes ""/usr/local/bin/backup.sh""","(crontab -l 2>/dev/null; echo ""0 2 * * * /usr/local/bin/backup.sh"") | crontab -"
Show the current Git branch in the repository,git rev-parse --abbrev-ref HEAD
Show the last 3 commits in the current Git repository (one‑line format),git log -3 --oneline
"Switch to the Git branch ""feature/login""",git checkout feature/login
Undo the last commit but keep the changes staged,git reset --soft HEAD~1
"Show the contents of a compressed .gz file ""data.gz"" without extracting",zcat data.gz
"Count the number of files (including hidden) in the directory ""/tmp""",ls -A /tmp | wc -l
Display the calendar for next month,"cal $(date -d ""+1 month"" +%m) $(date -d ""+1 month"" +%Y)"
Check if TCP port 8080 is open on localhost,nc -zv 127.0.0.1 8080
"Convert a PDF file ""doc.pdf"" to plain text ""doc.txt"" using pdftotext",pdftotext doc.pdf doc.txt
"Resize all jpg images in the folder ""photos"" to 800x600 pixels (overwrite)",mogrify -resize 800x600! photos/*.jpg
"Find and delete empty directories under ""/var/tmp""",find /var/tmp -type d -empty -delete
Show the current date and time in UTC,date -u
"Create a symbolic link named ""latest.log"" pointing to ""/var/log/app.log""",ln -s /var/log/app.log latest.log
Show the top 5 processes by CPU usage,ps aux --sort=-%cpu | head -n 6
Monitor network traffic on interface eth0 (display packets),tcpdump -i eth0
"Show the difference between two directories ""dir1"" and ""dir2""",diff -qr dir1 dir2
"Compress a file ""report.txt"" using bzip2 (creates report.txt.bz2)",bzip2 report.txt
List the 10 largest files in /var (human readable),du -ah /var | sort -rh | head -n 10
"Create a new empty file named ""placeholder.txt""",touch placeholder.txt
"Set file permissions of ""script.sh"" to rwxr-xr-- (754)",chmod 754 script.sh
"Find and replace ""DEBUG"" with ""INFO"" in all .conf files recursively from the current directory","grep -rl ""DEBUG"" . --include=""*.conf"" | xargs sed -i 's/DEBUG/INFO/g'"
Show the system uptime in a human‑readable format,uptime -p
Check the status of the ssh service using systemd,systemctl status ssh
Show the list of mounted filesystems with their mount points,mount | column -t
"Create a Docker container from the image ""nginx:latest"" and map host port 8080 to container port 80",docker run -d -p 8080:80 nginx:latest
"Run a Python script ""app.py"" after activating the virtual environment in "".venv""",source .venv/bin/activate && python app.py
List all Docker images on the host,docker images
Show the last reboot time of the system,who -b
Display the groups the current user belongs to,groups
Show the present working directory,pwd\n/home/user/projects
Display the current user name,whoami\nuser
Show the first 10 lines of a file called data.log,head -n 10 data.log\n[First 10 lines of data.log]
Show the last 5 lines of a file named error.log,tail -n 5 error.log\n[Last 5 lines of error.log]
Count the number of lines in file.txt,wc -l < file.txt\n42
Search for the word 'TODO' recursively in the src directory,"grep -R ""TODO"" src/\nsrc/main.c:12:// TODO: implement feature\nsrc/util.c:45:// TODO: refactor"
Find all .sh files in the current directory and its subdirectories,"find . -type f -name ""*.sh""\n./install.sh\n./scripts/deploy.sh"
Display the disk usage of the /var directory in human readable form,du -sh /var\n4.2G\t/var
Create a compressed tar archive named backup.tar.gz containing the folder /etc,tar -czf backup.tar.gz /etc\n
List all running processes containing the word 'python',ps aux | grep python | grep -v grep\nuser   1234  0.3  1.2  987654  12345 ?  Ssl  10:00   0:02 python script.py
Display the contents of /etc/passwd with line numbers,nl /etc/passwd | head -n 5\n     1 root:x:0:0:root:/root:/bin/bash\n     2 daemon:x:1:1:daemon:/usr/sbin:/usr/sbin/nologin\n     3 bin:x:2:2:bin:/bin:/usr/sbin/nologin\n     4 sys:x:3:3:sys:/dev:/usr/sbin/nologin\n     5 sync:x:4:65534:sync:/bin:/bin/sync
Replace all occurrences of 'foo' with 'bar' in file.txt and save the result to a new file out.txt,sed 's/foo/bar/g' file.txt > out.txt\n
Sort the lines of unsorted.txt alphabetically and remove duplicate lines,sort -u unsorted.txt > sorted_unique.txt\n
Download the file from https://example.com/file.zip to /tmp,curl -L -o /tmp/file.zip https://example.com/file.zip\n
Show the differences between file1.txt and file2.txt,diff file1.txt file2.txt\n3c3\n< old line\n---\n> new line
Create a new directory named projects and change into it,mkdir -p projects && cd projects\n
Append the text 'Hello World' to the end of greetings.txt,"echo ""Hello World"" >> greetings.txt\n"
Count how many .py files are in the src directory,"find src -type f -name ""*.py"" | wc -l\n27"
Show the size of each file in the current directory in human readable format,ls -lh\n-rw-r--r-- 1 user user 1.2K Mar 24 10:00 file1.txt\n-rwxr-xr-x 1 user user 4.0K Mar 24 09:58 script.sh
Display the environment variables that contain the word 'PATH',env | grep PATH\nPATH=/usr/local/sbin:/usr/local/bin:/usr/sbin:/usr/bin:/sbin:/bin\nLD_LIBRARY_PATH=/usr/local/lib
Run the command 'make' and capture both stdout and stderr to build.log,make > build.log 2>&1\n
Show the calendar for March 2026,cal 03 2026\n    March 2026\nSu Mo Tu We Th Fr Sa\n 1  2  3  4  5  6  7\n 8  9 10 11 12 13 14\n15 16 17 18 19 20 21\n22 23 24 25 26 27 28\n29 30 31
Print the first field of each line in /etc/passwd (the usernames),cut -d: -f1 /etc/passwd | head -n 5\nroot\ndaemon\nbin\nsys\nsync
Show the current system uptime in a pretty format,"uptime -p\nup 3 hours, 12 minutes"
Display the top 10 lines of the output of 'dmesg',dmesg | head -n 10\n[    0.000000] Linux version 5.15.0-78-generic ...
Create a symbolic link named latest.log pointing to logs/2026-03-24.log,ln -s logs/2026-03-24.log latest.log\n
Show the current memory usage in megabytes,"free -m | awk 'NR==2{printf ""Used: %s MB\nFree: %s MB"", $3,$4}'\nUsed: 2048 MB\nFree: 1024 MB"
Compress the directory logs into logs.tar.bz2 using bzip2 compression,tar -cjf logs.tar.bz2 logs/\n
Display the last 3 commit messages in the current git repository,"git log -3 --pretty=format:""%h %s""\n9f8e7d2 Fixed typo in README\n3a2b1c4 Added new feature X\n7d6c5b3 Initial commit"
"Show the size of the /home directory, summarised by subdirectory",du -sh /home/*\n/home/alice   12G\n/home/bob     8G
List all open network ports with the associated processes,"ss -tulpn\nLISTEN   0         128                *:22                *:*        users:(""sshd"",pid=1234,fd=3)"
Convert the string '2026-03-24' to Unix timestamp,"date -d ""2026-03-24"" +%s\n1748304000"
"Print the current shell's PATH variable as a colon‑separated list, one entry per line","printf ""%s\n"" ""$PATH"" | tr ':' '\n'\n/usr/local/sbin\n/usr/local/bin\n/usr/sbin\n/usr/bin"
Create a 5‑second pause in a script,sleep 5\n
Show the number of CPU cores available,nproc\n8
List the 10 largest files in the current directory and subdirectories,find . -type f -exec du -h {} + | sort -rh | head -n 10\n4.5G ./videos/movie.mkv\n3.2G ./backup/db.dump
Replace the first occurrence of 'apple' with 'orange' on each line of fruits.txt,sed 's/apple/orange/' fruits.txt > fruits_modified.txt\n
Show the current shell options that are set,shopt\ncheckwinsize     on\ncmdhist          on\nexpand_aliases   on
"Print the last 20 lines of syslog, but only lines that contain 'error'",grep -i error /var/log/syslog | tail -n 20\nMar 24 10:15:32 host kernel: [error] device not found
Generate a random password of 16 characters using OpenSSL,openssl rand -base64 12 | tr -d '=+/\n' | cut -c1-16\nA9f3kLmP2qR8sXzY
"Show the current date in the format 'Day, DD Mon YYYY'","date ""+%A, %d %b %Y""\nTuesday, 24 Mar 2026"
Create a new empty file named notes.txt if it does not exist,touch notes.txt\n
Print the process tree for the current user,pstree -u $USER\nuser───bash(1234)───vim(5678)
Show the total number of files in the current directory and all subdirectories,find . -type f | wc -l\n342
Display the last modification time of file report.pdf,stat -c %y report.pdf\n2026-03-22 14:05:12.000000000 +0000
Run a command in the background and redirect its output to bg.log,long_running_task > bg.log 2>&1 &\n[1] 9876
List all installed packages that contain the word 'python' (Debian/Ubuntu),dpkg -l | grep python\nii  python3       3.10.6-1ubuntu0.1  amd64  interactive high-level object-oriented language (default python3 version)
Show the current shell's exit status of the previous command,echo $?\n0
Display the first 5 columns of the output of 'ls -l',"ls -l | awk '{print $1,$2,$3,$4,$5}' | head -n 5\ndrwxr-xr-x 2 user user 4096 Mar 24 09:58 .\ndrwxr-xr-x 5 user user 4096 Mar 20 11:12 ..\n-rw-r--r-- 1 user user  123 Mar 23 14:22 file1.txt"
"Create a Bash array named fruits containing apple, banana, and cherry",fruits=(apple banana cherry)\n
"Print the number of lines, words, and characters in file.txt",wc file.txt\n  120   850  5230 file.txt
Compress standard input using gzip and write to output.gz,cat largefile | gzip > output.gz\n
List the most recent 5 entries in the system journal,journalctl -n 5 --no-pager\nMar 24 12:00:01 host systemd[1]: Started Session 42 of user user.\nMar 24 12:00:02 host sshd[1024]: Accepted publickey for user from 192.168.1.5 port 54321 ssh2: RSA SHA256:...
Display the current directory tree up to depth 2,tree -L 2\n.\n├── src\n│   ├── main.c\n│   └── utils.c\n└── README.md
Show the difference between two branches 'dev' and 'main' in a git repo,"git diff main..dev\ndiff --git a/file.txt b/file.txt\nindex e69de29..4b825dc 100644\n--- a/file.txt\n+++ b/file.txt\n@@ -0,0 +1,2 @@\n+new line 1\n+new line 2"
Calculate the MD5 checksum of file.iso,md5sum file.iso\n5d41402abc4b2a76b9719d911017c592  file.iso
Search for lines that start with a digit in data.txt,grep '^[0-9]' data.txt\n1 This is the first line\n2 Another line starting with a number
Replace tabs with four spaces in file.txt and overwrite the file,expand -t 4 file.txt > file.tmp && mv file.tmp file.txt\n
Show the current kernel version,uname -r\n6.2.0-31-generic
"Show all files and directories in the current folder, including hidden ones, in a long listing format.",ls -la
Display the first 10 lines of the file /var/log/syslog.,head -n 10 /var/log/syslog
"Count how many times the word ""error"" appears in the log file /var/log/syslog (case‑insensitive).","grep -i ""error"" /var/log/syslog | wc -l"
Find all Python files (*.py) in the current directory and its subdirectories and list their full paths.,"find . -type f -name ""*.py"""
"Search recursively for the string ""TODO"" in all .c and .h files, showing line numbers.","grep -R -n ""TODO"" --include=""*.{c,h}"" ."
Create a compressed tar archive named backup.tar.gz containing the directory /etc and exclude the file /etc/hosts.,"tar --exclude=""/etc/hosts"" -czvf backup.tar.gz /etc"
Download the file https://example.com/data.csv and save it as data.csv in the current directory.,curl -L -o data.csv https://example.com/data.csv
Show the current disk usage of all mounted filesystems in a human‑readable format.,df -h
"List the top 5 processes consuming the most memory, showing PID, user, %MEM and command.",ps aux --sort=-%mem | head -n 6
"Replace every occurrence of ""foo"" with ""bar"" in the file config.txt, editing the file in place.",sed -i 's/foo/bar/g' config.txt
"Print the 3rd column of the file /etc/passwd, using ':' as the delimiter.",cut -d':' -f3 /etc/passwd
Merge the sorted files a.txt and b.txt into a single sorted file merged.txt without duplicates.,sort -u a.txt b.txt > merged.txt
Show the last 20 lines of the system log and keep following new entries as they appear.,tail -n 20 -f /var/log/syslog
Create a new user named alice with a home directory and default shell /bin/bash.,sudo useradd -m -s /bin/bash alice
Change the permissions of the directory /var/www to 750 recursively.,chmod -R 750 /var/www
Find all files larger than 100 MB in /home and delete them after confirming each deletion.,find /home -type f -size +100M -ok rm {} \;
Show the current environment variables in alphabetical order.,printenv | sort
Display the current date and time in ISO 8601 format.,date --iso-8601=seconds
List all open network ports and the processes that own them.,sudo ss -tulnp
Copy the directory /var/www to /backup/www preserving permissions and timestamps.,rsync -a /var/www/ /backup/www/
Extract only the file config.yaml from the archive archive.tar.gz into the current directory.,tar -xzvf archive.tar.gz config.yaml
Show the number of CPU cores available on this machine.,nproc
Generate a random 16‑character alphanumeric password and store it in the variable PASS.,PASS=$(tr -dc 'A-Za-z0-9' </dev/urandom | head -c16)
Create a symbolic link named latest.log that points to /var/log/app.log.,ln -s /var/log/app.log latest.log
"Display the first and last 5 lines of the file large.txt side by side, separated by a tab.",paste <(head -n5 large.txt) <(tail -n5 large.txt)
List all files in the current directory that were modified in the last 24 hours.,find . -type f -mtime -1
"Show the total size of all *.log files in /var/log, in a human‑readable format.",du -ch /var/log/*.log | grep total
"Compress the directory logs/ into a zip file named logs.zip, preserving directory structure.",zip -r logs.zip logs/
Schedule a cron job that runs /usr/local/bin/backup.sh at 2 am every Sunday.,"(crontab -l ; echo ""0 2 * * 0 /usr/local/bin/backup.sh"") | crontab -"
Display the IP address of the eth0 interface.,ip -4 addr show dev eth0 | grep -oP '(?<=inet\s)\d+(\.\d+){3}'
Find all lines in access.log that contain a 404 status code and output only the requested URL field (assuming common log format).,"awk '$9==""404"" {print $7}' access.log"
"Replace the first occurrence of the word ""apple"" with ""orange"" on each line of fruits.txt, editing the file in place.","sed -i '0,/apple/s//orange/' fruits.txt"
Show a tree view of the directory structure under /etc limited to depth 2.,find /etc -maxdepth 2 -type d | sed -e 's/[^-][^\/]*\//|   /g' -e 's/|   \([^|]*\)$/|--- \1/'
Display the current bash version.,echo $BASH_VERSION
Count how many files are in each subdirectory of the current folder and display the result.,"for d in */; do echo -n ""$d: ""; find ""$d"" -type f | wc -l; done"
Monitor CPU usage every 2 seconds for the next 10 samples using mpstat.,mpstat 2 10
"Create a Bash array named fruits containing ""apple"", ""banana"" and ""cherry"" and print the second element.",fruits=(apple banana cherry); echo ${fruits[1]}
Append the current timestamp to the file audit.log without adding a newline before it.,date '+%Y-%m-%d %H:%M:%S' >> audit.log
"Show the difference between two sorted files old.txt and new.txt, indicating lines only in new.txt with a leading ""+"".",comm -13 <(sort old.txt) <(sort new.txt) | sed 's/^/+/'}
Run the command longtask.sh in the background and redirect both stdout and stderr to logfile.txt.,nohup ./longtask.sh > logfile.txt 2>&1 &
"List the 10 most frequently occurring words in the file book.txt, ignoring case and punctuation.",tr -cs '[:alnum:]' '\n' < book.txt | tr '[:upper:]' '[:lower:]' | sort | uniq -c | sort -nr | head -n10
"Display the size of the /home directory in megabytes, rounded to the nearest whole number.",du -sm /home | cut -f1
Find all symbolic links in /usr/bin that are broken.,find /usr/bin -xtype l
Show a progress bar while copying a large file source.iso to /mnt/backup using pv.,pv source.iso > /mnt/backup/source.iso
"Print the hostname of the machine, followed by a colon and the current working directory.","echo ""$(hostname):$(pwd)"""
Convert the file data.json to a pretty‑printed format using jq and overwrite the original file.,jq '.' data.json > data.tmp && mv data.tmp data.json
"Display the last modification time of the file script.sh in the format ""YYYY‑MM‑DD HH:MM:SS"".",stat -c '%y' script.sh | cut -d'.' -f1
"Create a temporary file, write ""Hello World"" into it, display its contents, and then delete it, all in one line.","tmp=$(mktemp) && echo ""Hello World"" > $tmp && cat $tmp && rm $tmp"
"Show the total number of lines across all .log files in /var/log, without listing each file individually.",cat /var/log/*.log | wc -l
"Search for the pattern ""^ERROR"" in syslog, ignore case, and display the matching lines with line numbers.","grep -i -n ""^ERROR"" /var/log/syslog"
Replace tabs with four spaces in the file report.txt and save the result to report_spaces.txt.,expand -t4 report.txt > report_spaces.txt
List all Docker containers (running and stopped) with their names and status.,"docker ps -a --format ""{{.Names}}\t{{.Status}}"""
"Create a Bash function called greet that takes a name as an argument and prints ""Hello, <name>!""","greet() { echo ""Hello, $1!""; }"
"Find all files named ""secret.key"" anywhere under /home and change their permissions to 600.","find /home -type f -name ""secret.key"" -exec chmod 600 {} \;"
Show the kernel version of the running system.,uname -r
"List the 5 largest files under /var, displaying size in human‑readable form and full path.",find /var -type f -exec du -h {} + | sort -hr | head -n5
Generate a SHA‑256 checksum of the file iso_image.iso and save it to iso_image.sha256.,sha256sum iso_image.iso > iso_image.sha256
Display a calendar for the current month with weeks starting on Monday.,cal -m
Show the current load average values from /proc/loadavg.,cat /proc/loadavg
"Compress the text file notes.txt using bzip2, keeping the original file.",bzip2 -k notes.txt
List all files in the current directory that have the set‑uid bit set.,find . -type f -perm -4000 -ls
"Replace every occurrence of the string ""2020"" with ""2021"" in all *.md files recursively, creating backup files with the suffix .bak.","find . -type f -name ""*.md"" -exec sed -i.bak 's/2020/2021/g' {} +"
"Show the number of lines, words, and characters in the file poem.txt using a single command.",wc poem.txt
Create a new Git branch named feature/login from the current HEAD and switch to it.,git checkout -b feature/login
Display the first 5 entries of the systemd journal for the ssh service.,journalctl -u ssh -n 5
Find all files in /tmp that have not been accessed in the last 30 days and delete them without prompting.,find /tmp -type f -atime +30 -delete
List all files (including hidden) in the current directory with detailed information,ls -la
"Create a new directory named ""project"" and navigate into it",mkdir project && cd project
"Display the first 10 lines of a file called ""log.txt""",head -n 10 log.txt
"Display the last 20 lines of a file called ""log.txt""",tail -n 20 log.txt
"Search for the word ""ERROR"" (case‑insensitive) in all "".log"" files recursively","grep -iR ""ERROR"" *.log"
"Count how many times the word ""failed"" appears in ""system.log""","grep -o ""failed"" system.log | wc -l"
"Show the disk usage of the ""/var"" directory in human‑readable format",du -sh /var
"Show the total size of all "".mp4"" files in the current directory",du -ch *.mp4 | grep total
"Find all files larger than 100 MB in ""/home/user""",find /home/user -type f -size +100M
"Compress the ""backup"" folder into a gzipped tarball named ""backup.tar.gz""",tar -czvf backup.tar.gz backup/
"Extract the archive ""archive.tar.gz"" into the current directory",tar -xzvf archive.tar.gz
Display the top 5 processes by CPU usage,ps aux --sort=-%cpu | head -n 6
Kill a process with PID 1234,kill 1234
"Force‑kill a process named ""myapp""",pkill -9 myapp
Show the IP address of the machine (IPv4 only),hostname -I | awk '{print $1}'
Test connectivity to google.com with 3 ping packets,ping -c 3 google.com
"Download a file from ""https://example.com/file.zip"" using curl and save as ""file.zip""",curl -L -o file.zip https://example.com/file.zip
Download the same file using wget with progress bar,wget https://example.com/file.zip
Show the environment variable PATH,echo $PATH
"Append a new directory ""/opt/tools"" to the PATH variable for the current session",export PATH=$PATH:/opt/tools
List all currently loaded kernel modules,lsmod
"Change permissions of ""script.sh"" to be executable by the owner only",chmod 700 script.sh
"Recursively change ownership of ""/data"" to user ""alice"" and group ""staff""",chown -R alice:staff /data
"Show the first 5 columns of a CSV file ""data.csv"" using cut","cut -d',' -f1-5 data.csv"
"Replace all occurrences of ""foo"" with ""bar"" in ""config.cfg"" in place",sed -i 's/foo/bar/g' config.cfg
"Print the 3rd column of a space‑separated file ""table.txt"" using awk",awk '{print $3}' table.txt
"Display the last modification time of ""report.pdf""",stat -c %y report.pdf
"Create a 1 GB file filled with zeros named ""bigfile.bin""",dd if=/dev/zero of=bigfile.bin bs=1M count=1024
"Show the difference between two files ""old.txt"" and ""new.txt""",diff old.txt new.txt
"Find all lines containing an email address in ""users.txt"" using a regex","grep -E -o '[A-Za-z0-9._%+-]+@[A-Za-z0-9.-]+\.[A-Za-z]{2,}' users.txt"
Schedule a command to run at 2 AM tomorrow using at,"echo ""/usr/local/bin/backup.sh"" | at 02:00 tomorrow"
Display the current date and time in ISO‑8601 format,date -Iseconds
"Convert all spaces to tabs in ""data.txt"" and overwrite the file",sed -i 's/ /\t/g' data.txt
Show the HTTP headers of https://api.example.com using curl,curl -I https://api.example.com
"Create a Bash array named ""files"" containing all "".sh"" files in the current directory",files=( *.sh )
"Loop over the array ""files"" and echo each filename","for f in ""${files[@]}""; do echo ""$f""; done"
"Check if the command ""git"" exists in the PATH","command -v git >/dev/null && echo ""git is installed"" || echo ""git not found"""
"Show the size of each subdirectory in the current directory, sorted largest first",du -sh */ | sort -hr
Generate a random password of 16 characters using openssl,openssl rand -base64 12
"Create a new user ""bob"" without a home directory and with the shell set to /bin/false",sudo useradd -M -s /bin/false bob
List all open TCP ports with the associated process names,sudo ss -tulpn
Display the last 5 commits in the current git repository on one line each,git log -5 --oneline
"Add all changes, commit with message ""Update"", and push to origin master","git add . && git commit -m ""Update"" && git push origin master"
"Show the total number of lines across all "".py"" files recursively","find . -name ""*.py"" -exec cat {} + | wc -l"
"Print the SHA‑256 checksum of the file ""archive.zip""",sha256sum archive.zip
"Convert a PDF file ""doc.pdf"" to a series of PNG images using ImageMagick",convert -density 300 doc.pdf page_%03d.png
"Create a background process that runs ""script.sh"" and redirects output to ""script.log""",nohup ./script.sh > script.log 2>&1 &
Show the list of installed packages on a Debian‑based system,dpkg -l
Upgrade all installed packages on a Red Hat‑based system,sudo yum update -y
"Add a cron job that runs ""/usr/local/bin/cleanup.sh"" every day at 3 AM","(crontab -l ; echo ""0 3 * * * /usr/local/bin/cleanup.sh"") | crontab -"
"Check the syntax of a Bash script ""deploy.sh"" without executing it",bash -n deploy.sh
"Measure the execution time of the command ""ls -R /""",time ls -R /
List all IPv4 addresses assigned to network interfaces,ip -4 addr show | grep -oP '(?<=inet\s)\d+(\.\d+){3}'
"List all files and directories in the current folder, including hidden ones, in a long listing format.","ls -la
# drwxr-xr-x  5 user user 4096 Mar 24 12:00 .
# drwxr-xr-x 10 user user 4096 Mar 24 10:00 ..
# -rw-r--r--  1 user user   23 Mar 24 11:45 .bashrc
# -rw-r--r--  1 user user 1024 Mar 24 12:10 example.txt"
"Show the first 10 lines of a file named ""log.txt"".","head -n 10 log.txt
# [output of first 10 lines]"
"Display the last 20 lines of ""system.log"" and continuously follow new entries.","tail -n 20 -f system.log
# [last 20 lines]
# (new lines appear as they are written)"
"Search recursively for the word ""ERROR"" in all "".log"" files under ""/var/log"" and show line numbers.","grep -Rin ""ERROR"" /var/log/*.log
# /var/log/app.log:45:ERROR: failed to connect
# /var/log/db.log:102:ERROR: query timeout"
"Count how many times the string ""TODO"" appears in all "".py"" files in the current directory and subdirectories.","grep -R ""TODO"" --include='*.py' . | wc -l
# 27"
"Replace all occurrences of ""foo"" with ""bar"" in the file ""data.txt"" and edit the file in place.",sed -i 's/foo/bar/g' data.txt
"Create a compressed tar archive named ""backup.tar.gz"" containing the directory ""project"" while preserving permissions.","tar -czvf backup.tar.gz project
# project/
# project/file1.txt
# project/subdir/
# project/subdir/file2.py"
"Extract the archive ""backup.tar.gz"" into the directory ""/tmp/restore"".","mkdir -p /tmp/restore && tar -xzvf backup.tar.gz -C /tmp/restore
# project/
# project/file1.txt
# project/subdir/
# project/subdir/file2.py"
Show the current working directory.,"pwd
# /home/user/projects"
Print the current date and time in ISO 8601 format.,"date --iso-8601=seconds
# 2026-03-24T15:42:07+00:00"
"Find all files larger than 100 MB in ""/var/www"" and list their sizes in human‑readable form.","find /var/www -type f -size +100M -exec du -h {} +
# 150M    /var/www/media/video1.mp4
# 200M    /var/www/media/video2.mp4"
Show the amount of free and used memory on the system in megabytes.,"free -m
#               total        used        free      shared  buff/cache   available
# Mem:           7982        3124        2156         123        2701        4500
# Swap:          2048          12        2036"
"List all currently running processes sorted by memory usage, showing only the top 5.","ps aux --sort=-%mem | head -n 6
# USER       PID %CPU %MEM    VSZ   RSS TTY      STAT START   TIME COMMAND
# root       1234  0.0 12.3 1256780 500000 ?       Ssl  Mar24   0:45 /usr/bin/java -jar app.jar
# user       5678  1.2  8.9 987654  350000 pts/0   Sl+  Mar24   2:30 python script.py
# ..."
Kill the process with PID 4242 using a forceful signal.,kill -9 4242
Display the network interfaces and their IP addresses.,"ip -brief addr
# lo               UNKNOWN        127.0.0.1/8 ::1/128
# eth0             UP             192.168.1.42/24 fe80::a00:27ff:fe4e:66a1/64"
Show the routing table in a concise format.,"ip route show
# default via 192.168.1.1 dev eth0 proto dhcp metric 100 
# 192.168.1.0/24 dev eth0 proto kernel scope link src 192.168.1.42"
"Test connectivity to ""example.com"" with 4 ICMP echo requests and display a summary.","ping -c 4 example.com
# PING example.com (93.184.216.34) 56(84) bytes of data.
# 64 bytes from 93.184.216.34: icmp_seq=1 ttl=56 time=12.3 ms
# ...
# 4 packets transmitted, 4 received, 0% packet loss, time 3005ms"
"Download the file ""https://example.com/file.tar.gz"" and save it as ""file.tar.gz"" using curl, showing a progress bar.","curl -O https://example.com/file.tar.gz
# % Total    % Received % Xferd  Average Speed   Time    Time     Time  Current
# 100  1024k  100  1024k    0     0  1.5M      0 --:--:-- --:--:-- --:--:-- 1.5M"
"Upload the local file ""report.pdf"" to the remote server ""user@host:/tmp"" using scp with compression enabled.","scp -C report.pdf user@host:/tmp
# report.pdf                                      100%   45KB  45.0KB/s   00:00"
"Synchronize the local directory ""src/"" to the remote directory ""/var/www/"" on ""user@host"" using rsync, preserving permissions and showing progress.","rsync -avz --progress src/ user@host:/var/www/
# sending incremental file list
# ./
# file1.txt
# file2.js
# sent 1.23M bytes  received 456 bytes  2.46M bytes/sec"
"Create a new empty file named ""empty.txt"" and set its permissions to read‑only for everyone.",touch empty.txt && chmod 444 empty.txt
"Append the line ""export PATH=$PATH:/opt/bin"" to the end of "".bashrc"" only if it does not already exist.",grep -qxF 'export PATH=$PATH:/opt/bin' ~/.bashrc || echo 'export PATH=$PATH:/opt/bin' >> ~/.bashrc
"Show the disk usage of each subdirectory in ""/home/user"" in human‑readable format, sorted from largest to smallest.","du -h --max-depth=1 /home/user | sort -hr
# 12G /home/user/videos
# 4.5G /home/user/projects
# 1.2G /home/user/music"
"Find all symbolic links in ""/etc"" that are broken.","find /etc -xtype l -ls
# 123456   0 lrwxrwxrwx 1 root root 23 Mar 24 10:00 /etc/broken-link -> /nonexistent/target"
"Display the first 5 columns of the output of ""ps aux"" using awk.","ps aux | awk '{print $1,$2,$3,$4,$5}'
# USER       PID %CPU %MEM VSZ
# root         1  0.0  0.1 225124
# user      2345  0.2  1.5 1048576"
"Count the number of lines, words, and characters in the file ""document.md"".","wc document.md
#  120  845 5432 document.md"
"Print the environment variable ""HOME"" using parameter expansion inside a Bash command substitution.","echo ""Home directory: $(echo $HOME)""
# Home directory: /home/user"
"Generate a random 12‑character alphanumeric password and store it in a variable called ""PASS"".","PASS=$(tr -dc 'A-Za-z0-9' </dev/urandom | head -c12)
# echo $PASS
# aZ3f9K2bX1Qp"
"Create a Bash array named ""files"" containing all "".conf"" files in ""/etc"".","files=(/etc/*.conf)
# echo ""${files[@]}""
# /etc/ssh/sshd_config /etc/fstab ..."
"Print the current Git branch name in the repository located at ""/srv/app"".","git -C /srv/app rev-parse --abbrev-ref HEAD
# main"
"Show the diff between the last two commits in the current Git repository, ignoring whitespace changes.","git diff -w HEAD~1..HEAD
# diff output..."
"Start a Docker container from the image ""nginx:latest"", map host port 8080 to container port 80, and name it ""mynginx"".","docker run -d -p 8080:80 --name mynginx nginx:latest
# a1b2c3d4e5f6..."
"Show the logs of the Docker container ""mynginx"" and follow new entries.","docker logs -f mynginx
# 2026/03/24 15:00:00 [error] 1#1: *1 open() ..."
"Stop and remove the Docker container ""mynginx"" if it exists.",docker rm -f mynginx 2>/dev/null || true
"Find all Python files that define a function named ""process_data"" using grep with Perl compatible regex.","grep -RPl ""^def\s+process_data\b"" . --include='*.py'
# ./module1.py
# ./utils/helpers.py"
"Replace the first occurrence of the word ""foo"" with ""bar"" on each line of ""list.txt"" and write the result to ""list_fixed.txt"".",sed 's/foo/bar/' list.txt > list_fixed.txt
Print the calendar for the current month with Monday as the first day of the week.,"cal -m
#      March 2026
# Mo Tu We Th Fr Sa Su
#  1  2  3  4  5  6  7
#  8  9 10 11 12 13 14
# 15 16 17 18 19 20 21
# 22 23 24 25 26 27 28
# 29 30 31"
Show the top 10 most frequently used commands from the Bash history.,"history | awk '{CMD[$2]++} END {for (c in CMD) print CMD[c] "" "" c}' | sort -nr | head -n 10
# 150 git
# 120 cd
#  95 ls"
"Create a symbolic link named ""latest"" that points to the directory ""/var/backups/2026-03-20"".",ln -sfn /var/backups/2026-03-20 latest
"Display the size of the file ""video.mp4"" in megabytes with one decimal place using du.","du -BM video.mp4 | cut -f1
# 123M"
Show the current CPU model name from /proc/cpuinfo.,"grep -m1 'model name' /proc/cpuinfo | cut -d: -f2 | sed 's/^ //'
# Intel(R) Core(TM) i7-9700K CPU @ 3.60GHz"
"List all open TCP ports and the processes that own them, without requiring root privileges.","ss -tulpn
# Netid State      Recv-Q Send-Q Local Address:Port               Peer Address:Port  Process
# tcp   LISTEN     0      128    0.0.0.0:22                      0.0.0.0:*      users:(""sshd"",pid=1234,fd=3)"
"Compress the contents of the directory ""logs/"" into a zip file named ""logs.zip"" without including the parent directory path.","zip -r logs.zip -j logs/*
#  adding: logs/app.log (deflated 45%)
#  adding: logs/error.log (deflated 30%)"
"Extract only the file ""config.yaml"" from the archive ""backup.tar.gz"" into the current directory.","tar -xzvf backup.tar.gz config.yaml --strip-components=1
# config.yaml"
Show the current user's UID and GID.,"id -u
# 1000
id -g
# 1000"
"Generate a UUID and store it in a variable called ""UUID"".","UUID=$(cat /proc/sys/kernel/random/uuid)
# echo $UUID
# 3f9c2e1a-8d5b-4f6a-9c2b-1e5d6f7a8b9c"
"List the 10 most recent commits in the current Git repository, showing only the abbreviated hash and commit message.","git log --oneline -n 10
# a1b2c3d Fix bug in parser
# d4e5f6g Add new feature X
# ..."
"Show the difference between two files ""old.txt"" and ""new.txt"" side by side, ignoring whitespace differences.","diff -y -w old.txt new.txt
# line1 from old.txt                      | line1 from new.txt
# line2 from old.txt            <       line2 only in old.txt"
"Create a Bash function called ""mkcd"" that creates a directory and immediately changes into it.","mkcd() { mkdir -p ""$1"" && cd ""$1""; }
# mkcd project
# (now in ./project)"
Display the first 10 lines of a file named log.txt,head -n 10 log.txt
"Count the number of lines, words, and characters in report.md",wc report.md
Find all .py files recursively from the current directory,"find . -type f -name ""*.py"""
"Search for the word ""ERROR"" in syslog and ignore case","grep -i ""ERROR"" /var/log/syslog"
"Replace all occurrences of ""foo"" with ""bar"" in config.cfg in-place",sed -i 's/foo/bar/g' config.cfg
Show disk usage of each subdirectory in /var/www,du -h --max-depth=1 /var/www
Create a compressed tar archive named backup.tar.gz of the folder /etc,tar -czvf backup.tar.gz /etc
Extract the archive data.tar.bz2 into the current directory,tar -xjvf data.tar.bz2
Show the last 20 lines of syslog and follow new entries,tail -n 20 -f /var/log/syslog
Show a tree view of the current directory up to two levels deep,tree -L 2
List all listening TCP ports with associated process names,sudo lsof -iTCP -sTCP:LISTEN -P -n
Display the current date and time in ISO 8601 format,date --iso-8601=seconds
Generate a random 12‑character alphanumeric password,tr -dc 'A-Za-z0-9' </dev/urandom | head -c12
Kill the process with PID 1234,kill 1234
Force kill the process named myapp,pkill -9 myapp
Display the IP address of the eth0 interface,ip -4 addr show dev eth0 | grep -oP '(?<=inet\s)\d+(\.\d+){3}'
Download a file from https://example.com/file.zip to /tmp,curl -L -o /tmp/file.zip https://example.com/file.zip
Upload local file data.csv to remote server via SCP,scp data.csv user@remote.host:/home/user/
Show the difference between two files old.txt and new.txt,diff -u old.txt new.txt
Combine the contents of file1.txt and file2.txt into merged.txt,cat file1.txt file2.txt > merged.txt
Sort the lines of unsorted.txt alphabetically and remove duplicates,sort -u unsorted.txt -o sorted.txt
Show the last modification time of all .log files in /var/log,stat -c '%n %y' /var/log/*.log
Create a new user called devuser with home directory /home/devuser,sudo useradd -m -d /home/devuser devuser
Add devuser to the sudo group,sudo usermod -aG sudo devuser
Set a password for devuser interactively,sudo passwd devuser
Find all processes using more than 100 MB of resident memory,"ps -eo pid,comm,rss --sort=-rss | awk '$3>102400 {print $0}'"
Display the current kernel version,uname -r
Show the routing table,ip route show
Print the first column (username) from /etc/passwd,cut -d: -f1 /etc/passwd
Convert a space‑separated file data.txt to a comma‑separated file data.csv,"tr ' ' ',' < data.txt > data.csv"
Display the size of the file bigfile.iso in a human‑readable format,ls -lh bigfile.iso | awk '{print $5}'
Monitor file changes in /etc with inotifywait for 10 seconds,timeout 10 inotifywait -m /etc
Compress all .log files in /var/log into logs.tar.gz,tar -czf logs.tar.gz /var/log/*.log
Decrypt the file secret.gpg using GPG and output to secret.txt,gpg --output secret.txt --decrypt secret.gpg
Display the environment variables that contain the word PATH,env | grep PATH
"Set the variable MYVAR to ""hello"" for the current shell session",export MYVAR=hello
"Append the line ""alias ll='ls -la'"" to ~/.bashrc","echo ""alias ll='ls -la'"" >> ~/.bashrc"
List the 10 most recently modified files in /home/user,ls -lt /home/user | head -n 10
Show the CPU information of the system,lscpu
Display the current battery status on a laptop,"upower -i $(upower -e | grep BAT) | grep -E ""state|percentage"""
"Create a directory tree /tmp/project/{src,bin,doc} in one command","mkdir -p /tmp/project/{src,bin,doc}"
Run a command with a timeout of 30 seconds,timeout 30 my_long_running_command
Find all files larger than 500 MB in /data,find /data -type f -size +500M
Show the HTTP response headers for https://api.example.com/status,curl -I https://api.example.com/status
Extract the third column from a CSV file using awk,"awk -F',' '{print $3}' data.csv"
Schedule a daily backup at 2 am using cron (edit crontab),"(crontab -l ; echo ""0 2 * * * /usr/local/bin/daily_backup.sh"") | crontab -"
Display the last 5 git commit messages in a repository,git log -5 --pretty=format:'%h %s'
Show the differences between the current branch and origin/main,git diff origin/main
Clone the repository https://github.com/example/repo.git into ~/repo,git clone https://github.com/example/repo.git ~/repo
Create a virtual environment named venv using Python 3.10,python3.10 -m venv venv
Activate the virtual environment venv,source venv/bin/activate
Start a Docker container from image nginx:latest exposing port 8080,docker run -d -p 8080:80 nginx:latest
"List all files, including hidden ones, in long format sorted by modification time.",ls -la --sort=time
"Create a new directory named ""project"" and navigate into it.",mkdir project && cd project
"Display the first 10 lines of the file ""report.txt"".",head -n 10 report.txt
"Show the last 5 lines of ""log.txt"" and continuously follow new additions.",tail -n 5 -f log.txt
"Search for the word ""ERROR"" (case‑insensitive) in all "".log"" files recursively.","grep -i ""ERROR"" -R *.log"
"Count how many times the string ""TODO"" appears in ""src/main.c"".","grep -o ""TODO"" src/main.c | wc -l"
"Replace all occurrences of ""foo"" with ""bar"" in ""config.cfg"" and edit the file in place.",sed -i 's/foo/bar/g' config.cfg
"Show the disk usage of each subdirectory in the current folder, human‑readable.",du -h --max-depth=1
Display a tree view of the current directory up to depth 2.,tree -L 2
Find all files larger than 100 MB and list their sizes.,find . -type f -size +100M -exec ls -lh {} \;
"Archive the ""logs"" directory into a gzipped tarball named ""logs.tar.gz"".",tar -czvf logs.tar.gz logs/
"Extract the contents of ""backup.tar.gz"" into the current directory.",tar -xzvf backup.tar.gz
Show the amount of free and used memory in megabytes.,free -m
Display the current CPU temperature (requires lm‑sensors).,sensors | grep 'CPU Temperature'
"List all currently running processes that belong to the user ""alice"".",ps -u alice
Kill the process with PID 12345.,kill 12345
Show a summary of network interfaces and their IP addresses.,ip -brief addr
"Download the file from ""https://example.com/data.csv"" and save it as ""data.csv"".",curl -o data.csv https://example.com/data.csv
"Download a file with progress bar and resume capability from ""https://example.com/large.iso"".",wget -c https://example.com/large.iso
"Compress ""report.txt"" using gzip, keeping the original file.",gzip -c report.txt > report.txt.gz
"Decompress ""archive.gz"" and write the output to stdout.",gzip -dc archive.gz
"Show the first 5 columns of ""data.tsv"" using tab as delimiter.",cut -f1-5 data.tsv
"Sort the lines of ""names.txt"" alphabetically and remove duplicates.",sort -u names.txt
"Display the last modification time of ""script.sh"" in ISO‑8601 format.",stat -c %y script.sh
"Create a symbolic link named ""latest.log"" pointing to ""log_2023_09_01.txt"".",ln -s log_2023_09_01.txt latest.log
"Append the current date and time to the file ""run.log"".",date >> run.log
"Find all ""*.tmp"" files older than 7 days and delete them without prompting.","find . -type f -name ""*.tmp"" -mtime +7 -delete"
"Show the total number of lines across all ""*.py"" files in the ""src"" directory.","find src -name ""*.py"" -exec cat {} + | wc -l"
Display the top 10 memory‑consuming processes.,ps aux --sort=-%mem | head -n 11
Show the current system uptime in a human‑readable format.,uptime -p
"Create a new user ""bob"" with a home directory and default shell /bin/bash.",sudo useradd -m -s /bin/bash bob
"Change the password for user ""bob"" (interactive).",sudo passwd bob
"Set the file permissions of ""script.sh"" to be executable by the owner only.",chmod 700 script.sh
"Show the SHA‑256 checksum of the file ""archive.zip"".",sha256sum archive.zip
"Convert the PDF ""doc.pdf"" to a series of PNG images (one per page).",convert -density 300 doc.pdf page_%03d.png
"Extract the first column from ""data.csv"" and sort it uniquely.","cut -d, -f1 data.csv | sort -u"
Display the current Git branch name in the repository.,git rev-parse --abbrev-ref HEAD
Show the last 3 commits on the current branch with one‑line summaries.,git log -3 --oneline
"Create a new Git tag ""v1.2.3"" on the current commit.",git tag v1.2.3
"Show the differences between the working tree and the last commit for ""app.js"".",git diff app.js
List all Docker containers (running and stopped) in a table.,"docker ps -a --format ""table {{.ID}}	{{.Image}}	{{.Status}}	{{.Names}}"""
"Start a Docker container from image ""nginx:latest"" mapping host port 8080 to container port 80.",docker run -d -p 8080:80 nginx:latest
"Stop and remove a Docker container with ID ""a1b2c3d4e5f6"".",docker rm -f a1b2c3d4e5f6
"Show the total size of the ""/var/log"" directory in a human‑readable format.",du -sh /var/log
Monitor real‑time CPU usage per core.,mpstat -P ALL 1
"Print the value of the environment variable ""HOME"" using parameter expansion.","echo ""${HOME}"""
"Read a line of input from the user and store it in the variable ""name"".","read -p ""Enter your name: "" name"
"Loop over all "".txt"" files in the current directory and display their line counts.","for f in *.txt; do echo ""$f: $(wc -l < ""$f"") lines""; done"
"Schedule a one‑time job to run ""backup.sh"" at 02:30 AM tomorrow using at.","echo ""~/backup.sh"" | at 02:30 tomorrow"
Show the current timezone setting.,"timedatectl | grep ""Time zone"""
Display the last 20 entries of the system journal (requires systemd).,journalctl -n 20
"Find and replace the string ""VERSION=1.0"" with ""VERSION=2.0"" in all ""Makefile"" files recursively.","find . -type f -name ""Makefile"" -exec sed -i 's/VERSION=1\.0/VERSION=2.0/g' {} +"
"Generate a UUID and store it in the variable ""uuid"".",uuid=$(cat /proc/sys/kernel/random/uuid)
Show the current shell's version information.,"echo ""$BASH_VERSION"""
"Create a compressed zip archive ""src.zip"" containing only the ""src"" directory, preserving permissions.",zip -r -X src.zip src/
"List all installed packages that contain the word ""python"" (Debian/Ubuntu).",dpkg -l | grep python
Show the current date and time in RFC‑3339 format.,date --rfc-3339=seconds
"Print the first 5 characters of each line in ""data.txt"".",cut -c1-5 data.txt
"Display a progress bar while copying a large file ""big.iso"" to ""/mnt/backup"" using rsync.",rsync --progress big.iso /mnt/backup/
"Set the system hostname to ""myhost"" (requires sudo).",sudo hostnamectl set-hostname myhost
"Check whether the port 22 is open on the remote host ""example.com"" using nc.",nc -zv example.com 22
"Display the first 3 columns of the output of ""ps aux"".","ps aux | awk '{print $1,$2,$3}'"
"Append the contents of ""new.log"" to ""combined.log"" only if ""new.log"" is non‑empty.",if [ -s new.log ]; then cat new.log >> combined.log; fi
List all files in the current directory that have the setuid bit set.,find . -type f -perm -4000 -ls
"Create a 10 MB file filled with zeros named ""zero.bin"".",dd if=/dev/zero of=zero.bin bs=1M count=10
Print the number of CPU cores available on the system.,nproc
"Show the current SELinux mode (enforcing, permissive, disabled).",getenforce
Replace all spaces with underscores in the filenames of the current directory (non‑recursive).,"for f in *\ *; do mv ""$f"" ""${f// /_}""; done"
Display detailed information of files sorted by size,ls -lS
Count the number of lines in a file named data.txt,wc -l < data.txt
Find all .log files recursively from the current directory,"find . -type f -name ""*.log"""
Show the first 10 lines of a file called report.txt,head -n 10 report.txt
Display the last 5 lines of a log file and keep updating as new lines are added,tail -n 5 -f /var/log/syslog
Replace all occurrences of 'foo' with 'bar' in file config.cfg (in‑place),sed -i 's/foo/bar/g' config.cfg
Create a new directory named 'backup' and set permissions to 750,mkdir -m 750 backup
Copy all .txt files from src/ to dest/ preserving attributes,cp -a src/*.txt dest/
Move a file 'old.txt' to 'archive/old.txt' and rename it to 'old_2023.txt',mv old.txt archive/old_2023.txt
Download a file from https://example.com/file.zip using curl and show progress,curl -O -L https://example.com/file.zip
Extract a tar.gz archive named archive.tar.gz into /opt/data,tar -xzvf archive.tar.gz -C /opt/data
Compress the directory logs/ into logs.tar.bz2 using bzip2 compression,tar -cjf logs.tar.bz2 logs/
Show the current date and time in ISO‑8601 format,date -Iseconds
List all running processes containing the string 'python',ps aux | grep '[p]ython'
Kill a process with PID 1234 gracefully,kill 1234
Force‑kill a process listening on port 8080,fuser -k 8080/tcp
Show the amount of free and used memory in human‑readable form,free -h
Display disk usage of /home partition in human‑readable format,df -h /home
Show the top 5 memory‑consuming processes,"ps -eo pid,comm,%mem --sort=-%mem | head -n 6"
Create a symbolic link named 'latest.log' pointing to 'logs/2023-03-24.log',ln -s logs/2023-03-24.log latest.log
Search for the word 'ERROR' (case‑insensitive) in all .log files in /var/log,grep -i 'ERROR' /var/log/*.log
Count how many times the word 'failed' appears in syslog,grep -o 'failed' /var/log/syslog | wc -l
Show the difference between two files file1.txt and file2.txt,diff file1.txt file2.txt
"Combine the contents of fileA.txt and fileB.txt into combined.txt, removing duplicate lines",cat fileA.txt fileB.txt | sort -u > combined.txt
Print the current user's username,whoami
Display the last login time for user 'alice',last -F alice | head -n 1
List all installed packages on a Debian system,dpkg -l
Upgrade all packages on an Ubuntu system (non‑interactive),DEBIAN_FRONTEND=noninteractive apt-get update && DEBIAN_FRONTEND=noninteractive apt-get -y upgrade
Show the current environment variables sorted alphabetically,printenv | sort
Add '/usr/local/bin' to the PATH for the current session,export PATH=$PATH:/usr/local/bin
Set a variable 'COUNT' to the number of .sh files in the current directory,COUNT=$(ls -1 *.sh | wc -l)
Create a bash function named 'mkcd' that makes a directory and changes into it,"mkcd() { mkdir -p ""$1"" && cd ""$1""; }"
Run a command in the background and write its PID to a file pid.txt,my_long_running_command & echo $! > pid.txt
Check the HTTP status code of https://example.org without downloading the body,"curl -s -o /dev/null -w ""%{http_code}"" https://example.org"
Convert a PNG image image.png to a JPEG named image.jpg using ImageMagick,convert image.png image.jpg
Generate a random 16‑character alphanumeric password and store it in variable PASS,PASS=$(tr -dc A-Za-z0-9 </dev/urandom | head -c16)
Show a tree view of the directory 'src' up to depth 2,find src -maxdepth 2 -type d -print | sed -e 's/[^-][^\/]*\//  |/g' -e 's/|  \([^|]*\)$/|-- \1/'
Monitor CPU usage in real time,top -b -d 1 | head -n 20
Create a compressed zip archive named project.zip containing the contents of the directory project/,zip -r project.zip project/
Extract only the file config.yaml from archive.tar.gz,tar -xzvf archive.tar.gz config.yaml --strip-components=0
"Show the size of each file in the current directory in human‑readable format, sorted largest first",du -sh * | sort -hr
Append the current date and time to a log file /var/log/custom.log,date '+%Y-%m-%d %H:%M:%S' >> /var/log/custom.log
Check if a command 'git' exists in the PATH and print a message,"command -v git >/dev/null && echo ""git is installed"" || echo ""git not found"""
Read a line of input from the user and store it in variable INPUT,"read -p ""Enter value: "" INPUT"
Print the number of CPU cores available,nproc
Display the current IP address(es) of the machine (IPv4 only),ip -4 addr show | grep -oP '(?<=inet\s)\d+(\.\d+){3}'
Create a temporary file and store its name in variable TMPFILE,TMPFILE=$(mktemp)
Show a progress bar while copying a large file large.iso to /mnt/backup,pv large.iso > /mnt/backup/large.iso
List the 10 most recently modified files in /var/www,ls -lt /var/www | head -n 10
Create a user 'devuser' with a home directory and add to sudo group,sudo useradd -m -s /bin/bash -G sudo devuser
Generate a SHA‑256 checksum of file archive.tar.gz,sha256sum archive.tar.gz
Print the first 5 columns of a CSV file data.csv using comma as delimiter,"cut -d',' -f1-5 data.csv"
Run a Python script script.py and capture both stdout and stderr to log.txt,python script.py > log.txt 2>&1
List all open network sockets and the processes that own them,ss -tulpn
"Display the first 10 lines of a file named ""report.txt"".",head -n 10 report.txt
"Count how many lines are in ""log.txt"".",wc -l < log.txt
Find all files ending with .sh in /usr/local/bin and its subdirectories.,"find /usr/local/bin -type f -name ""*.sh"""
Show the disk usage of the /home directory in human‑readable form.,du -sh /home
"Sort the contents of ""data.txt"" alphabetically and remove duplicate lines.",sort -u data.txt
Display the last 5 entries of the system log file.,tail -n 5 /var/log/syslog
"Search for the word ""ERROR"" (case‑insensitive) in all *.log files in the current directory.","grep -i ""ERROR"" *.log"
"Replace all occurrences of ""foo"" with ""bar"" in file ""config.cfg"" and save changes in‑place.",sed -i 's/foo/bar/g' config.cfg
Show a tree view of the current directory up to depth 2.,tree -L 2 .
"Create a compressed tar archive named backup.tar.gz containing the ""project"" directory.",tar -czvf backup.tar.gz project/
"Extract the archive ""archive.tar.bz2"" into the current directory.",tar -xjvf archive.tar.bz2
"Download the file from https://example.com/file.zip and save it as ""file.zip"".",curl -O https://example.com/file.zip
Show the current date and time in ISO 8601 format.,date -Iseconds
List all listening TCP ports with the associated process names.,ss -tlnp
Print the value of the environment variable PATH.,echo $PATH
"Append the text ""Completed"" to the end of the file ""status.log"".","echo ""Completed"" >> status.log"
"Create a new empty file named ""notes.txt"" if it does not already exist.",touch notes.txt
"Change the permissions of ""script.sh"" to be executable by the owner only.",chmod 700 script.sh
Display the first field (username) from each line of /etc/passwd.,cut -d: -f1 /etc/passwd
"Count how many times the word ""failed"" appears in ""auth.log"".","grep -o ""failed"" auth.log | wc -l"
"Find the process ID of the program ""nginx"".",pidof nginx
"Monitor the file ""access.log"" in real time, showing new lines as they are added.",tail -f access.log
"Compress the directory ""logs"" into a zip file named ""logs.zip"" without preserving directory structure.",zip -j logs.zip logs/*
"Show the difference between two files ""old.cfg"" and ""new.cfg"" using unified diff format.",diff -u old.cfg new.cfg
"Print the first 3 columns of ""data.csv"" separated by tabs.","cut -d, -f1-3 data.csv | tr ',' '\t'"
"Create a symbolic link named ""latest"" that points to the file ""release_v2.3.tar.gz"".",ln -s release_v2.3.tar.gz latest
"Display the last modification time of the file ""report.pdf"".",stat -c %y report.pdf
"Search recursively for the string ""TODO"" in all *.py files and show line numbers.","grep -R -n ""TODO"" *.py"
List the 5 largest files in the current directory and its subdirectories.,find . -type f -exec du -h {} + | sort -rh | head -n 5
"Show a progress bar while copying ""largefile.iso"" to ""/mnt/backup"" using rsync.",rsync --progress largefile.iso /mnt/backup/
Display the IPv4 address of the machine's primary network interface.,ip -4 addr show $(ip route get 1.1.1.1 | awk '{print $5}') | grep -oP '(?<=inet\s)\d+(\.\d+){3}'
Generate a random password of length 16 using OpenSSL and print it.,openssl rand -base64 12
"List all Git branches, both local and remote, sorted by last commit date.",git for-each-ref --sort=-committerdate --format='%(refname:short)' refs/heads refs/remotes
Show the total number of lines of code (excluding blank lines) in all *.c and *.h files in the src directory.,"find src -name ""*.c"" -o -name ""*.h"" | xargs cat | grep -v '^\s*$' | wc -l"
"Create a new user ""devuser"" with a home directory and default shell /bin/bash.",sudo useradd -m -s /bin/bash devuser
"Lock the user account ""guest"" to prevent login.",sudo usermod -L guest
Display the kernel version currently running.,uname -r
"Show the list of installed packages that contain the word ""python"" using apt.",apt list --installed | grep python
"Schedule a cron job that runs ""/usr/local/bin/backup.sh"" every day at 2 AM.","(crontab -l ; echo ""0 2 * * * /usr/local/bin/backup.sh"") | crontab -"
"Convert the image ""photo.png"" to a JPEG with 80% quality using ImageMagick.",convert photo.png -quality 80 photo.jpg
Print the current system uptime in a human‑readable format.,uptime -p
Find and kill all processes consuming more than 80% CPU for longer than 5 minutes.,"ps -eo pid,pcpu,etime --no-headers | awk '$2>80 && $3>""00:05:00"" {print $1}' | xargs -r kill -9"
"Display the last 20 entries of the journal for the service ""ssh"".",journalctl -u ssh -n 20
"Create a Bash function named ""mkcd"" that creates a directory and then changes into it.","mkcd() { mkdir -p ""$1"" && cd ""$1""; }"
Show the total number of files in the current directory (non‑recursive).,"printf ""%s\n"" * | wc -l"
List the top 10 processes by memory usage.,"ps -eo pid,pmem,comm --sort=-pmem | head -n 11"
"Encrypt the file ""secret.txt"" using GPG with symmetric encryption.",gpg -c secret.txt
"Decrypt the file ""secret.txt.gpg"" and output to stdout without creating a file.",gpg -d secret.txt.gpg
"Show the size of each subdirectory in the current directory, sorted largest first.",du -sh */ | sort -rh
Display the HTTP response headers for https://api.example.com/status using curl.,curl -I https://api.example.com/status
"Generate a SHA256 checksum for the file ""archive.tar.gz"" and save it to ""archive.sha256"".",sha256sum archive.tar.gz > archive.sha256
"Replace the first occurrence of ""foo"" with ""bar"" on each line of ""list.txt"" and write the result to ""list_new.txt"".",sed 's/foo/bar/' list.txt > list_new.txt
Show the current locale settings.,locale
List all open files by the process with PID 1234.,lsof -p 1234
Display the mount points and their file system types.,"findmnt -t ext4,xfs"
"Create a Bash script that prints ""Hello, World!"" and make it executable.","echo -e ""#!/usr/bin/env bash\n echo \""Hello, World!\"""" > hello.sh && chmod +x hello.sh"
Show the difference between the current branch and the remote master branch in a Git repository.,git diff master..origin/master
Print the current user's UID and GID.,id -u && id -g
List all files larger than 100 MB in /var/log.,find /var/log -type f -size +100M -exec ls -lh {} +
Display the current shell's version.,echo $BASH_VERSION
Count the number of running Docker containers.,docker ps -q | wc -l
Show a summary of network interface statistics.,ifconfig -s
"Convert the string ""2023-07-15"" to epoch seconds using date.","date -d ""2023-07-15"" +%s"
"Create a compressed bzip2 archive of the directory ""data"" named ""data.tar.bz2"".",tar -cjf data.tar.bz2 data/
Show hidden files as well,ls -a
List files with detailed information sorted by size,ls -lS
Display the first 10 lines of a log file,head -n 10 /var/log/syslog
Show the last 20 lines of a log file and follow new entries,tail -n 20 -f /var/log/syslog
Search for the word 'error' (case‑insensitive) in all .log files,"grep -i ""error"" *.log"
Replace the string 'foo' with 'bar' in-place in config.cfg,sed -i 's/foo/bar/g' config.cfg
"Copy all .jpg files to the images folder, preserving attributes",cp -a *.jpg images/
Move all files older than 30 days from logs/ to archive/,find logs/ -type f -mtime +30 -exec mv {} archive/ \;
Show the disk usage of the /home directory in human‑readable format,du -sh /home
List all currently running processes owned by user alice,ps -u alice
Compress the folder project/ into a gzipped tarball,tar -czvf project.tar.gz project/
Extract the archive backup.tar.bz2 into /opt/restore/,tar -xjvf backup.tar.bz2 -C /opt/restore/
Download a file from example.com and save it as page.html,curl -o page.html https://example.com
Download a file with progress bar and resume if interrupted,wget -c https://example.com/file.iso
Display the last 5 commands you typed,history | tail -n 5
Show the differences between file1.txt and file2.txt side by side,diff -y file1.txt file2.txt
Find the process ID (PID) of the nginx service,pidof nginx
Kill the process with PID 1234 gracefully,kill 1234
Forcefully kill all processes named python3,pkill -9 python3
Print the value of the PATH environment variable,echo $PATH
Append the line 'export JAVA_HOME=/usr/lib/jvm/java-11-openjdk' to ~/.bashrc,echo 'export JAVA_HOME=/usr/lib/jvm/java-11-openjdk' >> ~/.bashrc
Reload the current shell's environment variables,source ~/.bashrc
Test connectivity to google.com with 4 ping packets,ping -c 4 google.com
Display the routing table,ip route show
Create a symbolic link named latest.log pointing to logs/2023-09-01.log,ln -s logs/2023-09-01.log latest.log
Check the SHA256 checksum of file.iso,sha256sum file.iso
Convert all .png images in images/ to .jpg using ImageMagick,"for f in images/*.png; do convert ""$f"" ""${f%.png}.jpg""; done"
List the 10 largest files in /var,find /var -type f -exec du -h {} + | sort -rh | head -n 10
Monitor real‑time CPU usage per core,mpstat -P ALL 1
Display the last login time for user bob,last -n 1 bob | head -n 1
Find and delete empty directories under /tmp,find /tmp -type d -empty -delete
Show the version of Bash you are running,bash --version
List all open TCP ports and the processes using them,ss -tulpn
Set the file permissions of script.sh to be executable by the owner only,chmod 700 script.sh
Change the owner of data/ to user alice and group staff,chown alice:staff data/
Display the calendar for the current month,cal
Print a progress bar while copying a large file,pv largefile.iso > /dev/null
"Create a Bash array named fruits containing apple, banana, cherry",fruits=(apple banana cherry)
Loop over the files in the current directory and echo their names,"for f in *; do echo ""$f""; done"
Generate a UUID and store it in a variable uuid,uuid=$(cat /proc/sys/kernel/random/uuid) && echo $uuid
Show the differences between the current branch and origin/main in a git repository,git fetch origin && git diff origin/main
Create a new git branch named feature/login and switch to it,git checkout -b feature/login
Compress a single file data.csv using gzip and keep the original,gzip -c data.csv > data.csv.gz
Extract a .gz file to standard output without creating a file,gzip -dc archive.gz
Display the last 5 entries of the system journal,journalctl -n 5
Search the system journal for entries containing 'ssh' from today,journalctl --since today | grep ssh
Create a temporary file securely and output its name,tmpfile=$(mktemp) && echo $tmpfile
Set a trap to delete the temporary file on script exit,"trap ""rm -f $tmpfile"" EXIT"
List all files and directories in the current folder,ls
"List all files, including hidden ones, in long format sorted by modification time",ls -la --sort=time
"Show the last 20 lines of ""error.log"" and follow new additions",tail -n 20 -f error.log
"Count how many lines, words, and characters are in ""report.md""",wc report.md
Find all .txt files in the current directory and its subdirectories,"find . -type f -name ""*.txt"""
"Search for the string ""TODO"" in all .py files recursively","grep -R ""TODO"" --include=""*.py"" ."
"Replace all occurrences of ""foo"" with ""bar"" in ""data.csv"" (in‑place)",sed -i 's/foo/bar/g' data.csv
"Print the 5th column of a comma‑separated file ""data.csv""","cut -d',' -f5 data.csv"
Show the disk usage of the current directory in human readable form,du -sh .
"Create a compressed tarball named ""backup.tar.gz"" of the folder ""project""",tar -czvf backup.tar.gz project
"Extract the archive ""archive.zip"" into the current directory",unzip archive.zip
"Download a file from ""https://example.com/file.txt"" using curl and save as ""file.txt""",curl -o file.txt https://example.com/file.txt
List all listening TCP ports with the associated process names,ss -tlnp
Show the amount of free and used memory in megabytes,free -m
Show the last login time for the current user,last -n 1 $(whoami)
"Create a new directory named ""logs"" and change into it",mkdir logs && cd logs
Copy all .conf files from /etc to a backup folder ~/etc_backup preserving attributes,mkdir -p ~/etc_backup && cp -a /etc/*.conf ~/etc_backup/
Move all files larger than 100M from /var/log to /tmp/large_logs,mkdir -p /tmp/large_logs && find /var/log -type f -size +100M -exec mv {} /tmp/large_logs/ \;
"Change the permissions of ""script.sh"" to be executable by the owner only",chmod 700 script.sh
"Set an environment variable ""API_KEY"" to ""12345"" for the current session",export API_KEY=12345
"Append the line ""alias ll='ls -la'"" to the end of ~/.bashrc","echo ""alias ll='ls -la'"" >> ~/.bashrc"
Show the first 5 processes sorted by memory usage,ps aux --sort=-%mem | head -n 5
"Display the differences between two files ""old.txt"" and ""new.txt""",diff old.txt new.txt
"Compress a large file ""video.mkv"" using gzip and keep the original",gzip -c video.mkv > video.mkv.gz
"Check the SHA256 checksum of ""download.iso""",sha256sum download.iso
"Create a symbolic link named ""latest.log"" pointing to ""log_2023_12_31.log""",ln -s log_2023_12_31.log latest.log
"Schedule a one‑time job to run ""backup.sh"" at 02:30 tomorrow using at","echo ""./backup.sh"" | at 02:30 tomorrow"
List the 10 most frequently used commands from your bash history,"history | awk '{CMD[$2]++} END {for (c in CMD) print CMD[c] "" "" c}' | sort -rn | head -n 10"
Show the current IP address of the eth0 interface,ip -4 addr show dev eth0 | grep -oP '(?<=inet\s)\d+(\.\d+){3}'
"Create a Bash array named ""servers"" containing ""host1"", ""host2"", and ""host3""",servers=(host1 host2 host3)
"Loop over the array ""servers"" and ping each host once","for srv in ""${servers[@]}""; do ping -c 1 ""$srv""; done"
"Print the current value of the variable ""PATH"" with each directory on a new line","echo ""$PATH"" | tr ':' '\n'"
"Run the command ""make"" and capture both stdout and stderr to a file ""build.log""",make > build.log 2>&1
"Display a progress bar while copying a large file ""big.iso"" to /mnt/usb using pv",pv big.iso > /mnt/usb/big.iso
Show the number of CPU cores available on the system,nproc
"Print the first 3 fields of each line in ""data.tsv"" separated by tabs",cut -f1-3 data.tsv
"Convert all spaces to tabs in the file ""space.txt"" and save as ""tab.txt""",expand -t 1 space.txt > tab.txt
"Monitor real‑time changes to the file ""access.log"" and display only lines containing ""ERROR""","tail -F access.log | grep ""ERROR"""
"Create a Docker container named ""web"" from the image ""nginx:latest"" and map host port 8080 to container port 80",docker run -d --name web -p 8080:80 nginx:latest
"List all Docker images sorted by size, showing the top 5","docker images --format ""{{.Repository}}:{{.Tag}} {{.Size}}"" | sort -k2 -h | tail -n 5"
"SSH into the server ""example.com"" as user ""admin"" using a specific private key",ssh -i ~/.ssh/id_rsa_admin admin@example.com
"Copy the local directory ""src"" to the remote host ""backup@example.com"" under ""/var/backups"" using rsync over SSH",rsync -avz -e ssh src/ backup@example.com:/var/backups/src/
"Show the top 10 lines of the output of ""dmesg"" that contain the word ""usb""",dmesg | grep -i usb | head -n 10
Show the commit history of the current Git repository in a one‑line format,git log --oneline
Stash any uncommitted changes in the current Git repository,"git stash push -m ""temp stash"""
Apply the most recent stash and drop it,git stash pop
"Display the size of each subdirectory in the current folder, sorted from largest to smallest",du -sh */ | sort -hr
"Find all files named ""config.yaml"" and replace the string ""debug: false"" with ""debug: true"" in each of them","find . -type f -name ""config.yaml"" -exec sed -i 's/debug: false/debug: true/g' {} \;"
"Create a temporary file, write ""Hello World"" into it, display its contents, and then delete it, all in one line","tmp=$(mktemp) && echo ""Hello World"" > $tmp && cat $tmp && rm $tmp"
"Show the first 10 lines of a file named ""report.txt""",head -n 10 report.txt
"Search for the word ""ERROR"" in all "".log"" files recursively","grep -R ""ERROR"" *.log"
"Count how many lines are in the file ""data.csv""",wc -l < data.csv
"Create a new directory called ""backup"" and move all "".conf"" files into it",mkdir backup && mv *.conf backup/
"Find all files larger than 100 MB in ""/home"" and list their paths",find /home -type f -size +100M
"Replace all occurrences of ""foo"" with ""bar"" in the file ""config.ini"" (in‑place)",sed -i 's/foo/bar/g' config.ini
"Download a file from ""https://example.com/file.zip"" using curl and save it as ""file.zip""",curl -L -o file.zip https://example.com/file.zip
Show the last 20 lines of the system log and continuously update as new lines are added,tail -n 20 -f /var/log/syslog
"List all running processes that belong to the user ""alice""",ps -u alice
"Compress the directory ""logs"" into a zip file named ""logs.zip""",zip -r logs.zip logs
Show the current date and time in ISO 8601 format,date --iso-8601=seconds
"Create a symbolic link named ""latest.log"" that points to ""log_2023_12_31.txt""",ln -s log_2023_12_31.txt latest.log
"Print the environment variable ""PATH"" with each directory on a new line",echo $PATH | tr ':' '\n'
"Display the first 5 fields of each line in ""data.tsv"" using tab as the delimiter",cut -f1-5 data.tsv
"Find all Python files that contain the string ""def main""","grep -rl ""def main"" --include='*.py' ."
Show the amount of free memory in megabytes,free -m | awk '/Mem:/ {print $4}'
"Append the current timestamp to the file ""log.txt""",date '+%Y-%m-%d %H:%M:%S' >> log.txt
"Create a user called ""devuser"" with a home directory and default shell /bin/bash",sudo useradd -m -s /bin/bash devuser
"Set the permission of ""script.sh"" to be executable by the owner only",chmod 700 script.sh
Display the top 5 processes by memory usage,ps aux --sort=-%mem | head -n 6
"Show a tree view of the directory ""src"" up to depth 2",tree -L 2 src
"Schedule a one‑time job to run ""/usr/local/bin/backup.sh"" at 02:30 tomorrow using at","echo ""/usr/local/bin/backup.sh"" | at 02:30 tomorrow"
"Show the differences between two files ""old.cfg"" and ""new.cfg"" ignoring whitespace",diff -w old.cfg new.cfg
"Convert the JSON file ""data.json"" to a pretty‑printed format using jq",jq '.' data.json
"List the 10 most recently modified files in ""/etc""",ls -lt /etc | head -n 10
"Create a bash array named ""servers"" containing ""web1"", ""web2"", and ""db1""",servers=(web1 web2 db1)
"Loop over the array ""servers"" and ping each host once, printing the result","for host in ""${servers[@]}""; do ping -c 1 ""$host"" && echo ""$host is reachable"" || echo ""$host is down""; done"
Print the number of CPU cores available on the system,nproc
Monitor the real‑time CPU usage of all processes sorted by usage,top -b -o +%CPU
"Create a compressed tarball named ""project.tar.gz"" containing the directory ""project"" while excluding any ""node_modules"" folders",tar --exclude='*/node_modules' -czvf project.tar.gz project
"Replace the first occurrence of ""VERSION=1"" with ""VERSION=2"" in ""Makefile"" and write the result to a new file ""Makefile.new""","sed '0,/VERSION=1/s//VERSION=2/' Makefile > Makefile.new"
"Display the last modified date of the file ""README.md""",stat -c %y README.md
Check whether the port 8080 is listening on the local machine,ss -ltn | grep ':8080'
"Generate a SHA‑256 checksum for the file ""archive.zip""",sha256sum archive.zip
Create a temporary file and print its path,"tempfile=$(mktemp) && echo ""$tempfile"""
"Read a line of input from the user and store it in a variable called ""name""","read -p ""Enter your name: "" name"
"Print the first column of the output of ""ps aux"" (the usernames) without duplicates",ps aux | awk '{print $1}' | sort -u
"Schedule a cron job that runs ""/usr/bin/cleanup.sh"" every Sunday at 03:15","(crontab -l 2>/dev/null; echo ""15 3 * * 0 /usr/bin/cleanup.sh"") | crontab -"
"Convert all spaces to tabs in the file ""data.txt"" and save the result to ""data_tab.txt""",expand -t 1 data.txt > data_tab.txt
"Display a progress bar while copying a large file ""big.iso"" to ""/mnt/backup"" using rsync",rsync --progress big.iso /mnt/backup/
"Find all symbolic links in ""/usr/local"" that are broken",find /usr/local -xtype l
"Print the total number of lines across all "".py"" files in the current directory and subdirectories",find . -name '*.py' -print0 | xargs -0 wc -l | tail -n1
"Set the system date to 1 January 2025, 12:00 PM (requires root)",sudo date -s '2025-01-01 12:00:00'
"Compress standard input using gzip and write to ""output.gz""",gzip > output.gz
"List the size of each file in the current directory in human‑readable format, sorted largest first",ls -lhS
"Show the environment variables that contain the word ""PATH""",env | grep PATH
"Create a 100 MB file filled with zeros named ""zero.bin""",dd if=/dev/zero of=zero.bin bs=1M count=100
"Display the first 5 lines of each file matching ""*.md"" in the current directory","for f in *.md; do echo ""--- $f ---""; head -n 5 ""$f""; done"
Display the first 10 lines of a file called log.txt,head -n 10 log.txt
Show the last 20 lines of system.log,tail -n 20 /var/log/system.log
Search for the string 'ERROR' in all log files,"grep -i ""ERROR"" *.log"
Replace all occurrences of 'foo' with 'bar' in config.cfg (in-place),sed -i 's/foo/bar/g' config.cfg
Move all .jpg files to the images folder,mv *.jpg images/
Copy the entire project directory to a backup location preserving attributes,cp -a project/ /backup/project/
Compress the logs directory into a gzipped tarball named logs.tar.gz,tar -czvf logs.tar.gz logs/
Extract the archive backup.tar.bz2 into the current directory,tar -xjvf backup.tar.bz2
Monitor real-time system performance,top
Show the IP address of the eth0 interface,ip addr show eth0 | grep 'inet ' | awk '{print $2}'
Test connectivity to example.com with 4 ping packets,ping -c 4 example.com
Download a file from https://example.com/file.zip,curl -O https://example.com/file.zip
Download a file with progress bar and resume support,wget -c https://example.com/largefile.iso
List all currently listening TCP ports,ss -tln
Schedule a script backup.sh to run daily at 2am using cron,"(crontab -l 2>/dev/null; echo ""0 2 * * * /usr/local/bin/backup.sh"") | crontab -"
"Print the first field of each line in data.csv, assuming comma delimiter","cut -d',' -f1 data.csv"
Sort the file scores.txt numerically in descending order,sort -nr scores.txt
Find duplicate lines in a file list.txt,sort list.txt | uniq -d
Generate a random password of 16 characters,openssl rand -base64 12 | cut -c1-16
Show the last modification time of all files in the current directory,"stat -c ""%y %n"" *"
Display the difference between two files old.txt and new.txt,diff old.txt new.txt
Print the environment variables that contain the word PATH,env | grep PATH
"Show the disk usage of each subdirectory in /home, human readable",du -h --max-depth=1 /home
Convert all .png images in the images folder to .jpg format using ImageMagick,"for f in images/*.png; do convert ""$f"" ""${f%.png}.jpg""; done"
Append the current date to the file notes.txt,date >> notes.txt
Display the 5 most recent git commits in a repository,git log -5 --oneline
Create a new git branch named feature-x from the current HEAD,git checkout -b feature-x
"Show the size of the /var directory, summarized in megabytes",du -sm /var
"Search for the string 'TODO' in all .py files, showing line numbers","grep -n ""TODO"" *.py"
Display the current user's UID and GID,id -u && id -g
Set the execute permission for all scripts in the bin directory,chmod +x bin/*.sh
Remove all empty lines from file data.txt,sed -i '/^$/d' data.txt
Print the first 3 columns of a tab-separated file data.tsv,cut -f1-3 data.tsv
Show the kernel version,uname -r
Create a compressed zip archive of the docs folder named docs.zip,zip -r docs.zip docs/
Extract the zip archive backup.zip into the /tmp directory,unzip backup.zip -d /tmp
List the 10 largest files in the current directory tree,find . -type f -exec du -h {} + | sort -hr | head -n 10
Display a tree view of the current directory up to depth 2,tree -L 2
Create a user called alice with a home directory and bash shell,sudo useradd -m -s /bin/bash alice
Lock the user account bob,sudo usermod -L bob
Show the HTTP response headers for https://example.com,curl -I https://example.com
Monitor file changes in /etc using inotifywait for 60 seconds,timeout 60 inotifywait -m /etc
Print the number of CPU cores,nproc
Display a progress bar while copying a large file using pv,pv largefile.iso > /mnt/backup/largefile.iso
Show the first 10 lines of the file /var/log/syslog.,head -n 10 /var/log/syslog
"Search recursively for the word ""ERROR"" in all .log files under /var/log.","grep -R ""ERROR"" /var/log/*.log"
Display the current working directory.,pwd
Create a compressed tar archive named backup.tar.gz containing the directory /home/user/data.,tar -czf backup.tar.gz /home/user/data
Find all Python files modified in the last 2 days.,"find . -name ""*.py"" -mtime -2"
"Show disk usage of each directory in the current folder, sorted by size.",du -h --max-depth=1 | sort -hr
"Replace all occurrences of ""foo"" with ""bar"" in file.txt and save changes in-place.",sed -i 's/foo/bar/g' file.txt
"Count how many lines contain the word ""TODO"" in all .c files recursively.","grep -R ""TODO"" *.c | wc -l"
"Display the last 20 lines of the output of the command ""dmesg"" in real time.",dmesg | tail -n 20
Show the process tree for the process with PID 1234.,pstree -p 1234
Download the file from https://example.com/file.zip and save it as file.zip.,curl -O https://example.com/file.zip
Extract the contents of archive.tar.gz into the directory /tmp/extract_here.,tar -xzf archive.tar.gz -C /tmp/extract_here
Display the 5 most memory‑intensive processes.,ps aux --sort=-%mem | head -n 6
Show the IP addresses of all network interfaces.,ip -brief address
"Create a new user called ""devuser"" with a home directory and add them to the sudo group.",sudo useradd -m -G sudo devuser
Print the 3rd column of data.txt assuming it is whitespace‑delimited.,awk '{print $3}' data.txt
Show the current system date and time in ISO‑8601 format.,date --iso-8601=seconds
Append the current timestamp to the file log.txt.,date >> log.txt
Generate a random password of 16 characters using OpenSSL.,openssl rand -base64 12
Show the differences between file1.txt and file2.txt side by side.,diff --side-by-side file1.txt file2.txt
Set the executable permission for all .sh scripts in the current directory.,chmod +x *.sh
Display the 10 most frequently used commands from your bash history.,"history | awk '{CMD[$2]++} END {for (c in CMD) print CMD[c]"" ""c}' | sort -rn | head -n 10"
Monitor the CPU usage of the system in real time.,top
Compress all .log files in /var/log into a single zip archive named logs.zip.,zip logs.zip /var/log/*.log
Show the size of the file largefile.bin in a human‑readable format.,ls -lh largefile.bin
List the 15 most recently modified files in the home directory.,ls -lt ~ | head -n 15
Print the environment variable PATH.,echo $PATH
Convert all .wav audio files in the current folder to .mp3 using ffmpeg.,"for f in *.wav; do ffmpeg -i ""$f"" ""${f%.wav}.mp3""; done"
Check the syntax of the script test.sh without executing it.,bash -n test.sh
Display the current swap usage in megabytes.,"free -m | awk '/Swap/ {print $3"" MB used, ""$4"" MB free""}'"
Print the first field of each line in /etc/passwd (the usernames).,cut -d: -f1 /etc/passwd
Schedule a command to run at 2:30 AM tomorrow using at.,"echo ""/usr/bin/backup.sh"" | at 02:30 tomorrow"
Show the number of CPU cores available.,nproc
Find and delete all empty directories under /tmp.,find /tmp -type d -empty -delete
Display the last 5 commits in the current git repository in one‑line format.,git log --oneline -5
Create a 100 MB file filled with zeros named zero.bin.,dd if=/dev/zero of=zero.bin bs=1M count=100
"List all installed packages that contain the word ""python"" using apt.",apt list --installed | grep python
Print the total number of lines across all .txt files in the current directory.,cat *.txt | wc -l
Display the current firewall rules using ufw.,sudo ufw status verbose
Rename all files ending with .jpeg to .jpg in the current directory.,"for f in *.jpeg; do mv ""$f"" ""${f%.jpeg}.jpg""; done"
Show the memory usage of each mounted filesystem.,"df -h --output=source,size,used,avail,pcent,target"
Generate a SHA‑256 checksum for the file archive.tar.gz.,sha256sum archive.tar.gz
Print the current shell's version.,echo $BASH_VERSION
Display the system's uptime in a human‑readable format.,uptime -p
List all users currently logged in.,who
"Search for the pattern ""^ERROR"" at the beginning of lines in syslog.log and show line numbers.","grep -n ""^ERROR"" syslog.log"
Set the system date to 2023‑12‑31 23:59 using the date command (requires root).,"sudo date -s ""2023-12-31 23:59"""
"Create a directory structure src/{main,test} in one command.","mkdir -p src/{main,test}"
"Show the difference between two branches, feature and develop, in a git repository.",git diff feature..develop
Display the contents of the file config.yaml with syntax highlighting using bat (if installed).,bat config.yaml
Limit the output of ls to the first 20 entries using head.,ls | head -n 20
Find all files larger than 500 MB in /var and write their paths to large_files.txt.,find /var -type f -size +500M > large_files.txt
Print the current time in UTC.,date -u
Show the last 5 entries of the system journal for the ssh service.,journalctl -u ssh -n 5
"Create a Bash array named fruits containing ""apple"", ""banana"", and ""cherry"".","fruits=(""apple"" ""banana"" ""cherry"")"
Display the current terminal's dimensions (rows and columns).,stty size
"Combine the contents of file1.txt and file2.txt into a new file combined.txt, removing duplicate lines.",cat file1.txt file2.txt | sort -u > combined.txt
"Show all files, including hidden ones, in the current directory",ls -la
Display the first 10 lines of a file named data.log,head -n 10 data.log
Show the last 20 lines of syslog and continuously follow new entries,tail -n 20 -f /var/log/syslog
"Count how many times the word ""error"" appears in the file report.txt (case‑insensitive)","grep -i ""error"" report.txt | wc -l"
"Show disk usage of each directory in the current folder, sorted by size",du -sh * | sort -h
Create a compressed tar archive named backup.tar.gz containing the folder /etc and /var/www,tar -czvf backup.tar.gz /etc /var/www
Extract the archive backup.tar.gz into /tmp directory,tar -xzvf backup.tar.gz -C /tmp
List all running processes that belong to the user alice,ps -u alice -f
"Replace all occurrences of ""foo"" with ""bar"" in file config.cfg (in‑place)",sed -i 's/foo/bar/g' config.cfg
Show the amount of free and used memory in a human‑readable format,free -h
Download a file from https://example.com/file.zip and save it as file.zip,curl -L -o file.zip https://example.com/file.zip
Upload local file image.png to https://transfer.sh/ and display the resulting URL,curl --upload-file ./image.png https://transfer.sh/image.png
Show the last modification time of the file script.sh,stat -c %y script.sh
Create a new user called devuser without a home directory and set its shell to /bin/bash,sudo useradd -M -s /bin/bash devuser
Find the top 5 processes consuming the most memory,ps aux --sort=-%mem | head -n 6
Print the IPv4 address of the primary network interface,ip -4 addr show $(ip route get 8.8.8.8 | awk '{print $5}') | grep -oP '(?<=inet\s)\d+(\.\d+){3}'
"Show the number of lines, words and bytes in file summary.txt",wc summary.txt
List all open network ports and the processes that own them,sudo lsof -i -P -n | grep LISTEN
"Show the difference between two files, old.conf and new.conf, ignoring whitespace changes",diff -w old.conf new.conf
"Search recursively for the string ""TODO"" in all .py files, showing file name and line number","grep -rn ""TODO"" --include='*.py' ."
Display a progress bar while copying a large file large.iso to /mnt/backup using pv,pv large.iso > /mnt/backup/large.iso
Schedule a script backup.sh to run daily at 2 AM using cron (system‑wide),"echo ""0 2 * * * root /usr/local/bin/backup.sh"" | sudo tee /etc/cron.d/daily_backup"
Print the size of the file video.mp4 in megabytes with two decimal places,"printf ""%.2f MB\n"" $(du -b video.mp4 | cut -f1 | awk '{print $1/1024/1024}')"
"Convert all .wav files in the current directory to .mp3 using ffmpeg, preserving the original filenames","for f in *.wav; do ffmpeg -i ""$f"" ""${f%.wav}.mp3""; done"
Display the 5 most recent git commits in a compact format,git log -5 --oneline
Replace spaces with underscores in all filenames within the directory pictures/,"for f in pictures/*\ *; do mv ""$f"" ""${f// /_}""; done"
Calculate the SHA‑256 checksum of the file archive.zip and save it to archive.sha256,sha256sum archive.zip > archive.sha256
"List the top 10 largest files in the filesystem, sorted descending",find / -type f -exec du -h {} + 2>/dev/null | sort -rh | head -n 10
"Show a real‑time view of the last 100 lines of /var/log/auth.log, highlighting the word ""failed""","tail -n 100 -f /var/log/auth.log | grep --color=always -i ""failed"""
Create a Docker container from the image nginx:latest and map host port 8080 to container port 80,docker run -d -p 8080:80 nginx:latest
Stop and remove all Docker containers that have exited,docker rm $(docker ps -a -q -f status=exited)
"List all installed packages that contain the word ""python"" using apt",apt list --installed | grep python
Generate a QR code from the URL https://openai.com and save it as qrcode.png (requires qrencode),qrencode -o qrcode.png https://openai.com
Print the current Git branch name (inside a repo),git rev-parse --abbrev-ref HEAD
Create a 1 GB file filled with zeros named dummy.bin,dd if=/dev/zero of=dummy.bin bs=1M count=1024
Show the HTTP response headers for https://api.github.com (no body),curl -I https://api.github.com
Display the current SELinux mode,getenforce
Find all files larger than 100 MB and delete them after confirmation,"find . -type f -size +100M -exec ls -lh {} \; -exec read -p ""Delete {}? (y/n) "" ans \; -eq y && rm -i {} \;"
Show a histogram of the distribution of file sizes in the current directory,du -b * | awk '{print $1}' | sort -n | uniq -c | nl -w2 -s' | '
List all USB devices currently attached,lsusb
Convert a Markdown file README.md to PDF using pandoc,pandoc README.md -o README.pdf
Display the current battery charge percentage (on a laptop),acpi -b | grep -P -o '[0-9]+(?=%)'
Create a new tmux session named dev and attach to it,tmux new -s dev
Kill all processes named python3,pkill python3
Show the difference between two branches main and feature using a side‑by‑side diff,git diff --color-words --side-by-side main..feature
"Show the first 10 lines of a file named ""access.log"".",head -n 10 access.log
"Search for the word ""ERROR"" (case‑insensitive) in all "".log"" files in /var/log and display line numbers.","grep -i -n ""ERROR"" /var/log/*.log"
"Count how many times the string ""TODO"" appears in all "".py"" files recursively from the current directory.","grep -roh ""TODO"" ./**/*.py | wc -l"
"Create a compressed tarball named ""backup.tar.gz"" containing the directory ""project"" while preserving permissions.",tar -czvf backup.tar.gz project
"Extract the archive ""data.tar.bz2"" into the current directory, preserving file timestamps.",tar -xjvf data.tar.bz2 --preserve-permissions
"Display the current disk usage of the ""/home"" partition in a human‑readable format.",df -h /home
"Show the top 5 processes consuming the most memory, sorted descending.",ps aux --sort=-%mem | head -n 6
"Find all files larger than 100 MB in ""/var"" and delete them after confirmation.",find /var -type f -size +100M -exec rm -i {} \;
"Replace every occurrence of the word ""foo"" with ""bar"" in the file ""config.txt"" and save changes in‑place.",sed -i 's/foo/bar/g' config.txt
"Print the 3rd column of the file ""data.csv"" assuming comma as delimiter.","cut -d',' -f3 data.csv"
Show the current IP addresses of all network interfaces.,ip -brief address
"Download the file from ""https://example.com/file.zip"" and save it as ""file.zip"" using curl, showing progress.",curl -O https://example.com/file.zip
"Upload the local file ""report.pdf"" to the remote server ""example.com"" via scp, placing it in ""/tmp"".",scp report.pdf user@example.com:/tmp/
"Create a new git branch named ""feature/login"" and switch to it.",git checkout -b feature/login
Show the last 20 commits on the current branch in a one‑line format.,git log --oneline -n 20
"Merge the branch ""dev"" into the current branch, preferring ""dev"" changes in conflicts.",git merge -X theirs dev
"Schedule a cron job that runs ""/usr/local/bin/cleanup.sh"" every day at 2 am.","(crontab -l 2>/dev/null; echo ""0 2 * * * /usr/local/bin/cleanup.sh"") | crontab -"
Print the current kernel version.,uname -r
"Create a symbolic link named ""latest"" that points to the directory ""release_v2.3"".",ln -s release_v2.3 latest
"Count how many lines in ""access.log"" contain a 404 status code.","grep "" 404 "" access.log | wc -l"
"Display the first field (username) of each line in ""/etc/passwd"".",cut -d: -f1 /etc/passwd
"Show the differences between the files ""old.cfg"" and ""new.cfg"" using a unified diff format.",diff -u old.cfg new.cfg
"Search recursively for files named ""README.md"" starting from the home directory.",find ~/ -type f -name README.md
Print the process tree for the process with PID 1234.,pstree -p 1234
"Compress the file ""large.log"" using gzip, keeping the original file.",gzip -c large.log > large.log.gz
"Decompress the file ""archive.tar.gz"" into the directory ""/opt/data"".",tar -xzvf archive.tar.gz -C /opt/data
"Show the last 50 lines of the system journal for the service ""nginx"".",journalctl -u nginx -n 50
"Set the environment variable ""JAVA_HOME"" to ""/usr/lib/jvm/java-11-openjdk"" for the current session.",export JAVA_HOME=/usr/lib/jvm/java-11-openjdk
"List the contents of a zip archive ""source.zip"" without extracting it.",unzip -l source.zip
"Extract only the file ""config.yaml"" from the archive ""backup.tar.gz"".",tar -xzvf backup.tar.gz config.yaml
"Find all symbolic links in ""/usr/local"" that are broken.",find /usr/local -xtype l
"Create a new user ""alice"" with a home directory and default shell ""/bin/bash"".",useradd -m -s /bin/bash alice
"Change the password for user ""bob"" (prompt will ask for the new password).",passwd bob
"Show the HTTP headers returned by a GET request to ""https://api.example.com/status"" using curl.",curl -I https://api.example.com/status
"Measure how long it takes to copy the directory ""src"" to ""dst"" using rsync, showing progress.",time rsync -avh --progress src/ dst/
"Start a detached Docker container from the image ""nginx:latest"" mapping host port 8080 to container port 80.",docker run -d -p 8080:80 nginx:latest
"Stop and remove the Docker container named ""webapp"".",docker rm -f webapp
Show the current date and time in ISO 8601 format.,date --iso-8601=seconds
"Generate a random 16‑character alphanumeric password and store it in the variable ""PASS"".",PASS=$(openssl rand -base64 12 | tr -dc 'A-Za-z0-9' | head -c16)
Display the first 5 entries of the system's routing table.,ip route list | head -n 5
"Find all lines in ""server.conf"" that are not comments and contain the word ""listen"".","grep -v '^#' server.conf | grep ""listen"""
"Replace the first occurrence of ""localhost"" with the hostname of the machine in the file ""hosts.cfg"".","sed -i ""0,/localhost/s//$(hostname)/"" hosts.cfg"
"Calculate the MD5 checksum of the file ""image.iso"" and display it.",md5sum image.iso
"Show a tree view of the directory structure under ""src"" up to two levels deep.",find src -maxdepth 2 -type d | sed -e 's|[^/]*/|---|g'
List all users currently logged into the system.,who
"Display the last 100 lines of the system log file ""/var/log/syslog"" and follow new entries in real time.",tail -n 100 -f /var/log/syslog
"Create a Bash function named ""extract"" that extracts archives based on their extension (tar.gz, zip, rar).","extract() { if [[ $1 == *.tar.gz ]]; then tar -xzvf ""$1""; elif [[ $1 == *.zip ]]; then unzip ""$1""; elif [[ $1 == *.rar ]]; then unrar x ""$1""; else echo ""Unsupported format""; fi }"
Show the current environment variables sorted alphabetically.,printenv | sort
"Create a compressed archive ""logs.tar.xz"" containing all "".log"" files in ""/var/log"" while excluding files larger than 10 MB.","find /var/log -type f -name ""*.log"" -size -10M -print0 | tar --null -cJvf logs.tar.xz --files-from=-"
Display the version of Python 3 installed on the system.,python3 --version
"Run the command ""make"" and capture both stdout and stderr to a file named ""build.log"".",make > build.log 2>&1
Schedule a one‑time system shutdown in 15 minutes and display a custom warning message.,"shutdown -h +15 ""System will shut down in 15 minutes for maintenance"""
"Show the difference between the current directory and the remote directory ""/var/www"" on host ""example.com"" using rsync in dry‑run mode.",rsync -avhn --delete ./ user@example.com:/var/www
Print the number of CPU cores available on this machine.,nproc
"Search for the regular expression ""^ERROR[0-9]{3}:"" in the file ""app.log"" and display only the matching part of each line.","grep -o ""^ERROR[0-9]\{3\}:"" app.log"
"Create a new directory ""project"" and initialize an empty Git repository inside it.",mkdir project && cd project && git init
Display the current shell's version string.,echo $BASH_VERSION
List all open files for the process with PID 5678.,lsof -p 5678
"Change the permissions of all "".sh"" files in the current directory to be executable by the owner, group, and others.",chmod a+x *.sh
"Show the size of the file ""database.sqlite"" in a human‑readable format.",du -h database.sqlite | cut -f1
"Create a temporary file securely and store its name in the variable ""TMPFILE"".",TMPFILE=$(mktemp)
"Display a progress bar while copying a large file ""big.iso"" to ""/mnt/usb"" using pv.",pv big.iso > /mnt/usb/big.iso
"Generate a SHA‑256 hash of the string ""HelloWorld"" without creating a file.","echo -n ""HelloWorld"" | sha256sum"
List all installed packages that have available updates (Debian/Ubuntu).,apt list --upgradable
Show the current timezone setting of the system.,"timedatectl | grep ""Time zone"""
"Create a new tmux session named ""dev"" and attach to it.",tmux new -s dev
Detach from the current tmux session without killing it.,Ctrl‑b d
"Search for the word ""TODO"" in all files, ignoring the ""node_modules"" directory, and output the file name and line number.","grep -RIn ""TODO"" . --exclude-dir=node_modules"
"Convert the image ""photo.png"" to a JPEG with 85% quality using ImageMagick.",convert photo.png -quality 85 photo.jpg
Display the current system load averages.,cat /proc/loadavg
"Find duplicate files (by checksum) in the directory ""backup"" and list them.",fdupes -r backup
"Create a virtual environment named ""venv"" using Python 3 and activate it.",python3 -m venv venv && source venv/bin/activate
List all Bluetooth devices that are currently paired.,bluetoothctl paired-devices
"Show the current SELinux mode (Enforcing, Permissive, Disabled).",getenforce
Generate a random UUID and print it.,uuidgen
"Display the contents of the file ""data.json"" formatted with syntax highlighting using jq.",jq . data.json
"Create a compressed zip archive ""src.zip"" containing the directory ""src"" while preserving file permissions.",zip -r -X src.zip src
"Search for the pattern ""password"" in all files, but exclude the ""config"" directory, and show the matching lines with line numbers.","grep -RIn ""password"" . --exclude-dir=config"
"Set the system date to January 1, 2025, 12:00 PM (requires root).","date -s ""2025-01-01 12:00:00"""
List all active systemd services and their status in a table.,systemctl list-units --type=service --state=running
"Show the differences between two branches ""main"" and ""feature"" in Git, ignoring whitespace changes.",git diff -w main..feature
"Create a hard link to the file ""report.pdf"" named ""report_link.pdf"" in the same directory.",ln report.pdf report_link.pdf
Display the current mount points and their filesystem types in a tree view using findmnt.,findmnt -T /
"Monitor real‑time network traffic on interface ""eth0"" using tcpdump, showing only the first 20 packets.",tcpdump -i eth0 -c 20
Schedule a system reboot at 3:30 AM tomorrow using at.,"echo ""reboot"" | at 03:30 tomorrow"
"Check the SSL certificate expiration date for ""https://example.com"" using openssl.",echo | openssl s_client -servername example.com -connect example.com:443 2>/dev/null | openssl x509 -noout -dates
Print the current user's login shell.,echo $SHELL
"Create a symbolic link to the directory ""/opt/tools"" in your home directory named ""tools"".",ln -s /opt/tools ~/tools
"List all files in the current directory sorted by modification time, newest first.",ls -lt
"Search for the string ""Failed password"" in the authentication log and count occurrences per hour.","awk '/Failed password/ {print $1"" ""$2"" ""$3}' /var/log/auth.log | uniq -c"
Display the current process's memory usage in kilobytes.,ps -p $$ -o rss=
Show hidden files only in the current directory,ls -d .??*
"Create a new directory named ""project""",mkdir project
"Create nested directories ""src/utils"" in one command",mkdir -p src/utils
"Remove an empty directory called ""old_logs""",rmdir old_logs
"Delete a file named ""temp.txt"" without prompting",rm -f temp.txt
"Force delete a non‑empty directory ""backup"" and all its contents",rm -rf backup
"Copy file ""report.pdf"" to the directory ""archive"" preserving attributes",cp -p report.pdf archive/
"Copy a directory tree ""src"" to ""dest"" preserving symbolic links",cp -a src/ dest/
"Move (rename) file ""data.csv"" to ""data_2023.csv""",mv data.csv data_2023.csv
"Rename directory ""tmp"" to ""temp""",mv tmp temp
"Display the first 10 lines of ""log.txt""",head log.txt
"Show the last 20 lines of ""log.txt""",tail -n 20 log.txt
"Show the first and last 5 lines of ""file.txt""",head -n 5 file.txt && tail -n 5 file.txt
"Count the number of lines, words, and characters in ""document.md""",wc document.md
"Find all files larger than 100 MB in ""/var"" and list their paths",find /var -type f -size +100M
"List all processes owned by user ""alice""",ps -u alice
"Show a tree view of the directory structure starting at ""src""",tree src
Display disk usage of the current directory in human‑readable form,du -sh .
Show a summary of disk usage for each subdirectory in the current folder,du -h --max-depth=1
Display network interfaces and their IP addresses,ip addr show
Show active listening TCP ports,ss -tln
Download a file with wget and limit the download speed to 500 KB/s,wget --limit-rate=500k https://example.com/file.zip
"Extract a tar.gz archive ""archive.tar.gz"" into the current directory",tar -xzvf archive.tar.gz
"Create a compressed zip archive ""backup.zip"" containing the folder ""mydata""",zip -r backup.zip mydata
"List the contents of a zip file ""backup.zip"" without extracting",unzip -l backup.zip
"Search for the pattern ""TODO"" in all ""*.py"" files, showing line numbers","grep -n ""TODO"" *.py"
"Replace all occurrences of ""foo"" with ""bar"" in file ""config.cfg"" (in‑place)",sed -i 's/foo/bar/g' config.cfg
"Print the 3rd column of a space‑delimited file ""data.txt""",awk '{print $3}' data.txt
Display the last 5 commits in the current git repository,git log -n 5 --oneline
"Create a new git branch named ""feature/login""",git checkout -b feature/login
"Stash current changes in git with a message ""WIP""","git stash push -m ""WIP"""
"Show the current environment variables that contain the word ""PATH""",env | grep PATH
"Set the environment variable ""DEBUG"" to ""true"" for the current session",export DEBUG=true
"Append the line ""alias ll='ls -la'"" to the end of ""~/.bashrc""","echo ""alias ll='ls -la'"" >> ~/.bashrc"
Reload the current shell's configuration files,source ~/.bashrc
"Schedule a command ""backup.sh"" to run daily at 2 am using cron","(crontab -l 2>/dev/null; echo ""0 2 * * * /path/to/backup.sh"") | crontab -"
"Measure how long the command ""make"" takes to run",time make
"Run ""script.sh"" in the background and redirect both stdout and stderr to ""log.txt""",nohup ./script.sh > log.txt 2>&1 &
"Create a symbolic link ""latest.log"" pointing to ""log_2023_03_24.txt""",ln -s log_2023_03_24.txt latest.log
"Display the manual page for the ""grep"" command",man grep
"Show a short description of the ""awk"" command using the ""whatis"" database",whatis awk
"Compress the file ""largefile.bin"" using gzip with maximum compression",gzip -9 largefile.bin
"Decompress ""archive.tar.gz"" and extract only the file ""README.md""",tar -xzvf archive.tar.gz README.md
"Create a file ""notes.txt"" with the content ""Meeting at 10am"" using a single command","echo ""Meeting at 10am"" > notes.txt"
"Append the current date to the file ""log.txt""",date >> log.txt
List all open file descriptors for the process with PID 1234,lsof -p 1234
Show the current firewall rules using iptables,sudo iptables -L -v -n
"Convert the line endings of ""dosfile.txt"" from CRLF to LF",dos2unix dosfile.txt
Print the hostname of the machine,hostname
Display the total amount of free memory in megabytes,free -m | awk '/Mem:/ {print $4}'
"Find all files named ""config.yaml"" under ""/etc"" and print their absolute paths",find /etc -type f -name config.yaml -print
"Show the difference between the current branch and ""origin/main"" in git, ignoring whitespace changes",git diff --ignore-space-at-eol origin/main
"Show the last 5 lines of ""log.txt""",tail -n 5 log.txt
"Count the number of lines, words, and characters in ""report.txt""",wc report.txt
"Find all "".py"" files recursively from the current directory","find . -type f -name ""*.py"""
"Search for the word ""ERROR"" in all "".log"" files","grep -i ""ERROR"" *.log"
"Replace the string ""foo"" with ""bar"" in file ""data.txt"" (in-place)",sed -i 's/foo/bar/g' data.txt
"Create a new directory called ""backup""",mkdir backup
"Move file ""old.txt"" to directory ""archive/""",mv old.txt archive/
"Copy directory ""src"" to ""dst"" preserving attributes",cp -a src dst
"Delete the file ""temp.tmp"" without prompting",rm -f temp.tmp
Show the disk usage of the current directory in human‑readable format,du -sh .
Display the amount of free and used memory,free -h
Show the last 20 lines of system log and follow new entries,tail -n 20 -f /var/log/syslog
List all listening network ports with their associated processes,sudo lsof -i -P -n | grep LISTEN
"Compress the directory ""logs"" into a gzip archive ""logs.tar.gz""",tar -czvf logs.tar.gz logs
Print the current date and time in ISO‑8601 format,date --iso-8601=seconds
"Create a symbolic link named ""latest"" pointing to ""release_v2.3""",ln -s release_v2.3 latest
"Display the first 3 columns of the output of ""ps aux""","ps aux | awk '{print $1,$2,$3}'"
"Sort the contents of ""names.txt"" alphabetically and remove duplicates",sort -u names.txt
"Show the difference between ""file1.txt"" and ""file2.txt""",diff file1.txt file2.txt
"Count how many times the word ""success"" appears in ""log.txt""","grep -o ""success"" log.txt | wc -l"
"Display the environment variables that contain the string ""PATH""",env | grep PATH
"Set the variable ""PROJECT"" to ""demo"" and export it",export PROJECT=demo
"Append the text ""Completed"" to the end of ""status.log""","echo ""Completed"" >> status.log"
Show the top 5 processes by memory usage,ps aux --sort=-%mem | head -n 6
"Download a file from ""https://example.com/file.zip"" using curl",curl -O https://example.com/file.zip
"Upload ""data.json"" to an SFTP server ""sftp.example.com"" as user ""admin""",sftp admin@sftp.example.com <<< $'put data.json'
"Create a Bash array named ""servers"" containing three hostnames",servers=(server1.example.com server2.example.com server3.example.com)
Show the size of each file in the current directory in human‑readable form,ls -lh
"Find and delete all "".bak"" files older than 30 days","find . -name ""*.bak"" -type f -mtime +30 -delete"
"Show the last login time for the user ""alice""",lastlog -u alice
"Print the first 5 characters of each line in ""data.txt""",cut -c1-5 data.txt
Generate a random password of 12 alphanumeric characters,tr -dc 'A-Za-z0-9' </dev/urandom | head -c12
Show the list of installed packages on an Ubuntu system,dpkg -l
"Check the syntax of a Bash script ""script.sh"" without executing it",bash -n script.sh
"Run the command ""make"" and save both stdout and stderr to ""build.log""",make > build.log 2>&1
"Display a progress bar while copying a large file ""big.iso"" to ""/mnt/backup""",pv big.iso > /mnt/backup/big.iso
"Set the terminal title to ""My Session""","echo -ne ""\033]0;My Session\007"""
"Create a new user ""devuser"" without a home directory",sudo useradd -M devuser
"Change the ownership of ""project/"" to user ""devuser"" and group ""developers"" recursively",sudo chown -R devuser:developers project/
Display the IP address of the machine's primary network interface,hostname -I | awk '{print $1}'
"Schedule a job to run ""backup.sh"" at 2 am every day using cron","(crontab -l ; echo ""0 2 * * * /path/to/backup.sh"") | crontab -"
"Convert a PDF file ""doc.pdf"" to a series of PNG images",convert -density 300 doc.pdf page_%03d.png
"Print the first 10 lines of the output of ""dmesg"" that contain the word ""USB""",dmesg | grep USB | head -n 10
"Create a compressed zip archive ""src.zip"" containing the contents of the directory ""src""",zip -r src.zip src
"Extract only the ""config.yaml"" file from the archive ""archive.tar.gz""",tar -xzvf archive.tar.gz config.yaml
Display a tree view of the current directory up to two levels deep,tree -L 2
Show the current bash version,bash --version
"Run a Python one‑liner that prints ""Hello, World!""","python3 -c ""print('Hello, World!')"""
Monitor real‑time CPU usage with a simple text interface,top
"Pull the latest version of the ""nginx"" image from Docker Hub",docker pull nginx
"Show the contents of the environment variable ""PATH"" as a colon‑separated list",echo $PATH
"List all files in the current directory in long format, including hidden files.",ls -la
"Display the last 20 lines of ""/var/log/syslog"" and follow new entries as they are written.",tail -n 20 -f /var/log/syslog
"Search recursively for the string ""ERROR"" in all "".log"" files under ""/var/log"" and show the filename and line number.","grep -R ""ERROR"" /var/log/*.log -n"
"Count how many lines, words, and characters are in the file ""report.md"".",wc report.md
"Create a new directory called ""backup_2023"" and ensure all parent directories are created if they do not exist.",mkdir -p backup_2023
"Move all "".tmp"" files from the current directory to ""/tmp"".",mv *.tmp /tmp/
"Copy the directory ""src"" and its contents to ""dst"", preserving attributes.",cp -a src dst
"Delete all files ending with ""~"" in the home directory without prompting.",rm -f ~/*~
"Display the disk usage of the ""/home"" directory in human‑readable format, sorted by size.",du -sh /home/* | sort -h
"Find all executable files in ""/usr/local/bin"" that were modified in the last 7 days.",find /usr/local/bin -type f -executable -mtime -7
Show the current date and time in ISO‑8601 format.,date --iso-8601=seconds
"Compress the directory ""logs"" into a gzipped tarball named ""logs.tar.gz"".",tar -czvf logs.tar.gz logs
"Extract the archive ""backup.tar.gz"" into the current directory.",tar -xzvf backup.tar.gz
"Show a tree view of the directory structure starting at ""/etc"", limited to depth 2.",tree -L 2 /etc
"Display the current memory usage in megabytes, sorted by used memory.","free -m | awk 'NR==2{print ""Used:""$3"" MB""}'"
"Replace all occurrences of ""foo"" with ""bar"" in the file ""data.txt"" and save the changes in‑place.",sed -i 's/foo/bar/g' data.txt
"Append the current timestamp to the file ""run.log"".",date >> run.log
Show the last 5 commands you executed in the current shell session.,history | tail -n 5
Display the IP addresses of all network interfaces.,ip -brief address
Monitor the CPU usage of all processes in real time.,top
"Show the differences between the files ""config.old"" and ""config.new"" in unified diff format.",diff -u config.old config.new
"Print the first field (username) from the ""/etc/passwd"" file.",cut -d: -f1 /etc/passwd
"Sort the lines in ""names.txt"" alphabetically and remove duplicate entries.",sort -u names.txt
"Download the file from ""https://example.com/file.zip"" and save it as ""file.zip"".",curl -L -o file.zip https://example.com/file.zip
"Upload the local file ""report.pdf"" to the remote server ""example.com"" using SCP, placing it in ""/tmp"".",scp report.pdf user@example.com:/tmp/
"Show the environment variable ""PATH"".",echo $PATH
"Show the total number of lines across all "".py"" files in the current directory and its subdirectories.","find . -name ""*.py"" -exec cat {} + | wc -l"
Display the last 3 commits in the current Git repository in a one‑line format.,git log -3 --oneline
"Create a new Git branch named ""feature/login"" and switch to it.",git checkout -b feature/login
"Show the differences between the current working tree and the last commit, ignoring whitespace changes.",git diff -w
List all Docker containers (both running and stopped).,docker ps -a
"Start a Docker container from the image ""nginx:latest"" mapping host port 8080 to container port 80.",docker run -d -p 8080:80 nginx:latest
Stop and remove all stopped Docker containers.,docker container prune -f
Display the kernel version of the operating system.,uname -r
"Find all symbolic links in ""/usr/bin"" that are broken.",find /usr/bin -xtype l
"Print the first 5 lines of each "".conf"" file in ""/etc"".","for f in /etc/*.conf; do echo ""--- $f ---""; head -n 5 ""$f""; done"
"Create a text file named ""notes.txt"" containing the string ""Meeting at 10am"".","echo ""Meeting at 10am"" > notes.txt"
"Append the contents of ""new_entries.txt"" to the end of ""log.txt"" without overwriting existing data.",cat new_entries.txt >> log.txt
"Replace spaces with tabs in the file ""data.csv"" and save the result to ""data.tsv"".",tr ' ' '\t' < data.csv > data.tsv
"Set the terminal title to ""My Session"" using an escape sequence.","echo -ne ""\033]0;My Session\007"""
"Create a Bash function named ""mkcd"" that makes a directory and then changes into it.","mkcd() { mkdir -p ""$1"" && cd ""$1""; }"
"Show the size of each subdirectory in the current directory, sorted from largest to smallest.",du -sh */ | sort -rh
"Find all lines containing the word ""TODO"" in source files under ""src/"" and write them to ""todos.txt"".","grep -R ""TODO"" src/ > todos.txt"
"Schedule a one‑time job to run the script ""backup.sh"" at 2 AM tomorrow using at.","echo ""~/backup.sh"" | at 02:00 tomorrow"
Check whether the port 3306 is listening on the local machine.,ss -tuln | grep ':3306'
Print the current Bash version.,echo $BASH_VERSION
"Convert all uppercase letters to lowercase in the file ""names.txt"" and overwrite the file.",tr 'A-Z' 'a-z' < names.txt > names.tmp && mv names.tmp names.txt
"Create a compressed zip archive named ""project.zip"" containing the folder ""project/"" while preserving permissions.",zip -r -X project.zip project/
"Extract only the file ""README.md"" from the archive ""source.tar.gz"" without extracting other files.",tar -xzvf source.tar.gz README.md
"Print the first 3 columns of the output of ""ps aux"" using awk.","ps aux | awk '{print $1, $2, $3}'"
"Create a cron job that runs ""/usr/local/bin/cleanup.sh"" every Sunday at 3 AM.","(crontab -l 2>/dev/null; echo ""0 3 * * 0 /usr/local/bin/cleanup.sh"") | crontab -"
"Show the difference between two directories ""dirA"" and ""dirB"" recursively, ignoring whitespace.",diff -r -w dirA dirB
Display the current shell's exit status of the last command executed.,echo $?
"Set a Bash alias named ""ll"" for ""ls -alF"".",alias ll='ls -alF'
Show the total amount of free memory in megabytes.,free -m | awk 'NR==2{print $4}'
List all users on the system who have a UID greater than or equal to 1000.,awk -F: '$3>=1000 {print $1}' /etc/passwd
"Generate a UUID and store it in the variable ""MY_UUID"".",MY_UUID=$(cat /proc/sys/kernel/random/uuid)
Print the current terminal's dimensions (rows and columns).,stty size
"Display the contents of the file ""config.json"" with syntax highlighting using ""jq"".",jq . config.json
"Create a new user ""bob"" with a home directory and default shell ""/bin/bash"".",sudo useradd -m -s /bin/bash bob
"Lock the user account ""alice"" to prevent login.",sudo usermod -L alice
Show the list of loaded kernel modules.,lsmod
"Find and replace the string ""http://old.example.com"" with ""https://new.example.com"" in all "".html"" files under ""site/"" recursively.","find site/ -type f -name ""*.html"" -exec sed -i 's|http://old.example.com|https://new.example.com|g' {} +"
Display the current system's locale settings.,locale
"Create a temporary file and print its name, then delete it after use.","tmpfile=$(mktemp) && echo ""Created: $tmpfile"" && rm ""$tmpfile"""
"Show a progress bar while copying a large file ""big.iso"" to ""/mnt/backup"" using rsync.",rsync --progress big.iso /mnt/backup/
List all installed packages on a Debian‑based system.,dpkg -l
Upgrade all installed packages on an Arch Linux system.,sudo pacman -Syu
"Display the HTTP headers returned by ""https://api.example.com/status"" using curl.",curl -I https://api.example.com/status
"Measure the time it takes to run the command ""make"" and display the result.",time make
"Show the most recent 5 entries in the system journal for the ""ssh"" service.",journalctl -u ssh -n 5
"Create a Bash script named ""hello.sh"" that prints ""Hello, World!"" and make it executable.","echo -e '#!/usr/bin/env bash\n echo ""Hello, World!""' > hello.sh && chmod +x hello.sh"
"Run the script ""hello.sh"" in the background and redirect its output to ""hello.log"".",./hello.sh > hello.log 2>&1 &
Find all files in the current directory that have not been accessed in the last 30 days and list them.,find . -type f -atime +30
Display the current Git branch name in the prompt using PS1.,export PS1='\u@\h \W $(git rev-parse --abbrev-ref HEAD)> '
"Show the size of the file ""video.mp4"" in a human‑readable format.",ls -lh video.mp4 | awk '{print $5}'
List all network connections in the LISTEN state with their corresponding process names.,ss -tulnp
"Compress the file ""data.csv"" using bzip2 and keep the original file.",bzip2 -k data.csv
"Decompress the file ""archive.bz2"" to standard output and pipe it to ""less"" for viewing.",bzip2 -dc archive.bz2 | less
"Create a hard link named ""hardlink.txt"" pointing to ""original.txt"".",ln original.txt hardlink.txt
"Show the total number of files in the directory ""/var/log"".",find /var/log -type f | wc -l
Print the current shell's options and their values.,shopt
"Search for the pattern ""^ERROR"" at the beginning of lines in ""system.log"" and display line numbers.",grep -n '^ERROR' system.log
Display the list of users currently logged in.,who
Show the current process tree in a hierarchical view.,pstree -p
"Create a new empty file named ""empty.txt"" or update its timestamp if it already exists.",touch empty.txt
"Find all duplicate files (by content) in the directory ""photos/"" using md5sum.",find photos/ -type f -exec md5sum {} + | sort | uniq -w32 -dD
Display the current user's login name.,whoami
"Show the last 10 lines of the output of the command ""dmesg"" in reverse order.",dmesg | tail -n 10 | tac
Print the current environment variables in alphabetical order.,printenv | sort
"Create a named pipe called ""myfifo"" and read from it in the background.",mkfifo myfifo && cat myfifo &
"Set a Bash trap to execute the function ""cleanup"" on EXIT.",trap cleanup EXIT
"Display the list of available shells from ""/etc/shells"".",cat /etc/shells
"Find all lines in ""config.ini"" that are not comments (do not start with #) and print them.",grep -v '^#' config.ini
Show the current user's groups.,groups
"Create a new virtual environment named ""venv"" using Python 3.",python3 -m venv venv
"Activate the Python virtual environment ""venv"" in the current shell.",source venv/bin/activate
Deactivate the currently active Python virtual environment.,deactivate
Display the last 20 lines of the file /var/log/auth.log and follow new additions in real time.,tail -n 20 -f /var/log/auth.log
Find all Python files (*.py) in the current directory and its subdirectories.,"find . -type f -name ""*.py"""
"Search for the word ""ERROR"" (case‑insensitive) in all log files under /var/log and show line numbers.","grep -i -n ""ERROR"" /var/log/*.log"
"Count how many lines, words, and bytes are in the file README.md.",wc README.md
"Show a tree view of the current directory up to depth 2, without printing file names.",find . -maxdepth 2 -type d
Create a compressed tarball named backup.tar.gz containing the directory /etc and all its contents.,tar -czvf backup.tar.gz /etc
"Extract the archive archive.tar.bz2 into the current directory, preserving permissions.",tar -xjvf archive.tar.bz2
"Download the file https://example.com/data.csv and save it as data.csv, showing a progress bar.",curl -O --progress-bar https://example.com/data.csv
"Upload the local file report.pdf to the remote server via SCP, placing it in /home/user/reports on the remote host example.com.",scp report.pdf user@example.com:/home/user/reports/
Show the current disk usage of all mounted filesystems in human‑readable format.,df -h
Display the amount of free and used memory in megabytes.,free -m
Kill the process with PID 12345 using a SIGTERM signal.,kill -15 12345
Forcefully terminate the process with PID 6789 using SIGKILL.,kill -9 6789
Show the network interfaces and their IP addresses.,ip -brief address
Ping the host google.com 5 times and display only the summary statistics.,ping -c 5 google.com | tail -n 2
Display the routing table in a concise format.,ip route show
Create a new user called devuser with a home directory and default shell /bin/bash.,sudo useradd -m -s /bin/bash devuser
Add devuser to the sudo group.,sudo usermod -aG sudo devuser
Set the password for user devuser (interactive).,sudo passwd devuser
Find all empty files in /tmp and delete them.,find /tmp -type f -empty -delete
"Search recursively for the string ""TODO"" in all .c and .h files under src/, ignoring binary files.","grep -r --exclude-dir=.git -I ""TODO"" --include='*.c' --include='*.h' src/"
"Print the 5 most frequently occurring words in the file words.txt, ignoring case.",tr -cs '[:alnum:]' '\n' < words.txt | tr '[:upper:]' '[:lower:]' | sort | uniq -c | sort -nr | head -n 5
Create a symbolic link named latest.log pointing to /var/log/app/log_2023_09_01.log.,ln -s /var/log/app/log_2023_09_01.log latest.log
"Compress the file largefile.bin using xz with maximum compression, keeping the original file.",xz -9 -k largefile.bin
Extract only the file config.yaml from the archive settings.tar.gz into the current directory.,tar -xzvf settings.tar.gz config.yaml --strip-components=0
Display the calendar for March 2026.,cal 03 2026
Generate a random password of 16 characters using openssl.,openssl rand -base64 12 | cut -c1-16
List all listening TCP ports and the processes that own them.,sudo ss -tlnp
"Show the difference between two files, file1.txt and file2.txt, ignoring whitespace changes.",diff -w file1.txt file2.txt
"Combine the contents of all .log files in logs/ into a single file combined.log, preserving order by modification time.",cat $(ls -1t logs/*.log) > combined.log
Convert the line endings of file dosfile.txt from Windows (CRLF) to Unix (LF).,sed -i 's/\r$//' dosfile.txt
Schedule a cron job to run /usr/local/bin/backup.sh every day at 2 am.,"(crontab -l 2>/dev/null; echo ""0 2 * * * /usr/local/bin/backup.sh"") | crontab -"
Display the SHA256 checksum of the file iso_image.iso.,sha256sum iso_image.iso
Create a 1 GB file filled with zeros named zero.bin.,dd if=/dev/zero of=zero.bin bs=1M count=1024
Mount the ISO image disc.iso to /mnt/iso using a loop device (read‑only).,"sudo mount -o loop,ro disc.iso /mnt/iso"
List the most recent 10 git commits in a compact one‑line format.,git log --oneline -n 10
"Show the differences between the current branch and the remote master branch, limited to file names only.",git diff --name-only origin/master
Create a new git branch called feature/login and switch to it.,git checkout -b feature/login
Show the size of the .git directory in a human‑readable format.,du -sh .git
Find all duplicate files (by content) in the directory /data and list them.,fdupes -r /data
"Compress all .png images in the folder images/ to 80 % quality using ImageMagick, overwriting the originals.",mogrify -quality 80 images/*.png
Display the current date and time in ISO 8601 format with timezone.,"date -u +""%Y-%m-%dT%H:%M:%SZ"""
"Print the first 5 columns of the CSV file data.csv, assuming comma as delimiter.","cut -d',' -f1-5 data.csv"
Sort the file scores.txt numerically in descending order and save the result to sorted.txt.,sort -nr scores.txt > sorted.txt
"Count how many times the word ""failure"" appears in the log file system.log, case‑sensitive.","grep -o ""failure"" system.log | wc -l"
Create a Bash function named mkcd that creates a directory and immediately changes into it.,"mkcd() { mkdir -p ""$1"" && cd ""$1""; }"
Show the current Bash version.,bash --version
Print the first 100 characters of the string stored in the variable $LONG_TEXT.,"echo ""${LONG_TEXT}"" | cut -c1-100"
Start the Docker container named webapp in detached mode.,docker start -i webapp
Remove all stopped Docker containers.,docker container prune -f
Show the IP address of the Docker bridge network (docker0).,ip -4 addr show docker0 | grep -oP '(?<=inet\s)\d+(\.\d+){3}'
"List all files, including hidden ones, in the current directory.",ls -a
Show the first 10 lines of /var/log/syslog.,head -n 10 /var/log/syslog
Find all Python files recursively from the current directory.,"find . -type f -name ""*.py"""
"Count how many lines contain the word ""ERROR"" in logfile.txt.","grep -c ""ERROR"" logfile.txt"
Display disk usage of the /home directory in human‑readable format.,du -sh /home
Create a compressed tarball named backup.tar.gz of the directory /etc/configs.,tar -czf backup.tar.gz /etc/configs
Show a tree view of the current directory up to two levels deep.,tree -L 2 .
"Replace all occurrences of ""foo"" with ""bar"" in file.txt and edit the file in place.",sed -i 's/foo/bar/g' file.txt
List the 5 largest files in the /var/log directory.,find /var/log -type f -exec du -h {} + | sort -rh | head -n 5
Monitor real‑time changes to the system log file.,tail -F /var/log/syslog
"Extract only the ""config.yaml"" file from archive.tar.gz without extracting the whole archive.",tar -xzvf archive.tar.gz config.yaml --to-stdout > config.yaml
"Create a new user called ""devuser"" with a home directory and add it to the sudo group.",sudo useradd -m -G sudo devuser
List all open network ports and the processes using them.,sudo ss -tulnp
Find all files larger than 100 MB in /data and delete them after confirmation.,find /data -type f -size +100M -exec rm -i {} \;
"Show the last 20 lines of the output of the command ""dmesg"" as it updates.",dmesg --follow | tail -n 20
"Convert the PDF report.pdf to a series of PNG images, one per page.",convert -density 300 report.pdf report_page_%03d.png
Display the current kernel version.,uname -r
"Show the top 10 processes by CPU usage, updating every 2 seconds.",top -b -o +%CPU -n 1 | head -n 17
"Create a symbolic link named ""latest.log"" that points to the newest log file in /var/log/app/.",ln -s $(ls -t /var/log/app/*.log | head -n1) latest.log
Print the 3rd column of data.txt assuming it is comma‑separated.,"cut -d',' -f3 data.txt"
Show the IPv4 address of the eth0 interface.,ip -4 addr show dev eth0 | grep -oP '(?<=inet\s)\d+(\.\d+){3}'
Display the differences between file1.txt and file2.txt using side‑by‑side format.,sdiff -s file1.txt file2.txt
Show the amount of CPU time used by the current shell process.,ps -p $$ -o cputime=
"Search recursively for the string ""TODO"" in all source files and display the file name and line number.","grep -Rin ""TODO"" *.c *.h *.cpp"
Print the current working directory in bold text using ANSI escape codes.,"printf ""\e[1m$(pwd)\e[0m\n"""
Append the current timestamp to the end of log.txt each time the script runs.,date '+%Y-%m-%d %H:%M:%S' >> log.txt
"Show the last modified date of each file in the current directory, sorted newest first.",ls -lt --time-style=long-iso
"Replace spaces with underscores in all filenames within the folder ""photos"".","for f in photos/*\ *; do mv ""$f"" ""${f// /_}""; done"
Display a progress bar while copying a large file using pv.,pv large.iso > /dev/null
Show the total number of CPU cores available on the machine.,nproc
Print the first field of each line in data.tsv assuming tab separation.,cut -f1 data.tsv
"Set an environment variable MY_VAR to ""hello"" for the duration of a single command ""myprog"".",MY_VAR=hello myprog
Find all symbolic links in /usr/local/bin that are broken.,find /usr/local/bin -xtype l
Show the HTTP response headers for https://api.example.com/status.,curl -I https://api.example.com/status
Display the 5 most recent git commits in a compact format.,git log -5 --oneline
Convert all .wav files in the current directory to .mp3 at 192k bitrate using ffmpeg.,"for f in *.wav; do ffmpeg -i ""$f"" -b:a 192k ""${f%.wav}.mp3""; done"
Print the number of files and directories in the current folder separately.,"echo ""Files: $(find . -maxdepth 1 -type f | wc -l)"" && echo ""Directories: $(find . -maxdepth 1 -type d | wc -l)"""
"Lock the user account ""guest"" until 2026‑12‑31.",sudo usermod -e 2026-12-31 guest
Display the current shell's version information.,echo $BASH_VERSION
"Create a new git branch called ""feature-x"" and switch to it.",git checkout -b feature-x
"Show the total size of all .log files in /var/log, summarised in megabytes.",du -ch /var/log/*.log | grep total
"Run a command with a timeout of 30 seconds, killing it if it exceeds the limit.",timeout 30 my_long_running_command
Print the last 5 entries of the system journal for the ssh service.,journalctl -u ssh -n 5
Generate a SHA‑256 checksum for file.iso and save it to file.iso.sha256.,sha256sum file.iso > file.iso.sha256
"Find all lines in data.txt that do not contain the word ""skip"" and write them to filtered.txt.","grep -v ""skip"" data.txt > filtered.txt"
Create a 1 GB file filled with zeros named zero.bin using dd.,dd if=/dev/zero of=zero.bin bs=1M count=1024
Show a summary of CPU usage per core using mpstat.,mpstat -P ALL 1 1
Rename all .jpeg files to .jpg in the current directory.,"for f in *.jpeg; do mv ""$f"" ""${f%.jpeg}.jpg""; done"
"Print the environment variables that contain the string ""PATH"".",env | grep PATH
Schedule a one‑time system shutdown in 15 minutes.,sudo shutdown +15
Display the current clipboard contents using xclip (X11).,xclip -o -selection clipboard
"Find the process IDs of all running instances of ""python3"".",pgrep python3
"Show the number of lines, words, and characters in report.txt.",wc report.txt
"Compress a directory named ""project"" into a zip archive with maximum compression.",zip -9 -r project.zip project
List all active Bluetooth devices using bluetoothctl.,bluetoothctl devices
"Create a Bash function named greet that prints ""Hello, $1!""","greet() { echo ""Hello, $1!""; }"
Display the current timezone setting.,"timedatectl | grep ""Time zone"""
List all files in the current directory with detailed information,"ls -l
-rw-r--r-- 1 user staff  0 Mar 24 10:00 file1.txt
-rw-r--r-- 1 user staff 12 Mar 24 10:01 script.sh"
Show hidden files as well in a long listing,"ls -la
-rw-r--r--  1 user staff 0 Mar 24 10:00 .bashrc
-rw-r--r--  1 user staff 0 Mar 24 10:00 .profile
-rw-r--r--  1 user staff 0 Mar 24 10:00 file1.txt"
Show the last 20 lines of a file,"tail -n 20 /var/log/syslog
... (output omitted for brevity)"
"Search for the word 'ERROR' in a log file, case‑insensitive","grep -i ""error"" /var/log/syslog
Mar 24 10:05:12 hostname myapp[5678]: ERROR: Unable to connect to database"
Count how many times the string 'failed' appears in a file,"grep -o ""failed"" /var/log/auth.log | wc -l
42"
Find all *.conf files recursively from /etc,"find /etc -type f -name ""*.conf""
/etc/ssh/sshd_config
/etc/nginx/nginx.conf"
Show the total size of each subdirectory in the current folder,"du -sh */
bin	1.2G
lib	2.5G
tmp	512M"
Create a new directory named 'backup' and navigate into it,mkdir backup && cd backup
Copy all *.txt files from src/ to dest/ preserving attributes,cp -a src/*.txt dest/
Move all .log files older than 7 days to /var/archive,"find . -name ""*.log"" -mtime +7 -exec mv {} /var/archive/ \;"
Create a compressed tarball of the folder 'project',"tar -czvf project.tar.gz project/
project/
project/file1.py
project/README.md"
Extract a tar.gz archive into /opt/app,tar -xzvf app.tar.gz -C /opt/app
Download a file from example.com using curl and show progress bar,"curl -O https://example.com/file.zip
% Total    % Received % Xferd  Average Speed   Time    Time     Time  Current
100 1024k  100 1024k    0     0  1024k      0 --:--:-- --:--:-- --:--:-- 1024k"
Send a POST request with JSON payload using curl,"curl -X POST -H ""Content-Type: application/json"" -d '{""name"":""test"",""value"":123}' https://api.example.com/submit
{""status"":""ok"",""id"":456}"
List all running processes sorted by memory usage,"ps aux --sort=-%mem | head -n 10
USER       PID %CPU %MEM    VSZ   RSS TTY      STAT START   TIME COMMAND
root         1  0.0  0.1 225280  1100 ?        Ss   Mar24   0:02 /sbin/init"
Kill a process by name 'myapp',pkill myapp
Show the last 5 commands you typed in the shell history,"history | tail -n 5
 1023  cd /var/www
 1024  git pull origin master
 1025  npm install
 1026  npm run build
 1027  systemctl restart nginx"
Display the IP addresses of all network interfaces,"ip -brief address
lo               UNKNOWN        127.0.0.1/8 ::1/128 
eth0             UP             192.168.1.100/24 fe80::a00:27ff:fe4e:66a1/64"
Set an environment variable MY_VAR to 'hello' for the current session,export MY_VAR=hello
Append the line 'export PATH=$PATH:/opt/bin' to ~/.bashrc,echo 'export PATH=$PATH:/opt/bin' >> ~/.bashrc
Schedule a script /usr/local/bin/backup.sh to run daily at 2 am using cron,"(crontab -l 2>/dev/null; echo ""0 2 * * * /usr/local/bin/backup.sh"") | crontab -"
Replace all occurrences of 'foo' with 'bar' in file.txt in place,sed -i 's/foo/bar/g' file.txt
Print the 3rd column of a space‑delimited file data.txt,"awk '{print $3}' data.txt
value3
value6
value9"
"Count the number of lines, words and bytes in report.txt","wc report.txt
  120  850 10240 report.txt"
Show the top 5 largest files in the current directory tree,"find . -type f -exec du -h {} + | sort -rh | head -n 5
12M ./videos/movie.mkv
8M ./data/archive.zip
5M ./logs/system.log
3M ./docs/manual.pdf
2M ./src/main.cpp"
Create a symbolic link named 'latest' pointing to the directory /var/www/releases/2026-03-20,ln -s /var/www/releases/2026-03-20 latest
Check the SHA256 checksum of a file download.zip,"sha256sum download.zip
3b7e5f2c9a8d4e6f5b1c2d3e4f5a6b7c8d9e0f1a2b3c4d5e6f7a8b9c0d1e2f3  download.zip"
Display the first 5 lines of each *.conf file in /etc,"head -n 5 /etc/*.conf
/etc/ssh/sshd_config:
# Package generated configuration file
# See the sshd_config(5) manpage for details.
Port 22
#ListenAddress 0.0.0.0
/etc/nginx/nginx.conf:
user  nginx;
worker_processes  auto;
error_log  /var/log/nginx/error.log warn;
pid        /var/run/nginx.pid;"
Monitor real‑time changes to a log file /var/log/nginx/access.log,"tail -f /var/log/nginx/access.log
127.0.0.1 - - [24/Mar/2026:10:20:15 +0000] ""GET /index.html HTTP/1.1"" 200 1024"
Compress a directory 'logs' using zip preserving permissions,"zip -r -X logs.zip logs/
  adding: logs/ (stored 0%)
  adding: logs/access.log (deflated 45%)
  adding: logs/error.log (deflated 38%)"
"Extract a zip archive into the current directory, overwriting existing files","unzip -o archive.zip
Archive:  archive.zip
  inflating: file1.txt
  inflating: file2.txt"
Display the manual page for the grep command,"man grep
... (manual page output omitted) ..."
Create a 100 MB file filled with zeros named zero.bin,"dd if=/dev/zero of=zero.bin bs=1M count=100
100+0 records in
100+0 records out
104857600 bytes (105 MB, 100 MiB) copied, 0.123456 s, 850 MB/s"
Check which ports are listening on the system,"ss -tuln
Netid  State      Recv-Q Send-Q Local Address:Port               Peer Address:Port
tcp    LISTEN     0      128    0.0.0.0:22                     *:* 
udp    UNCONN     0      0      127.0.0.1:323                 *:*"
Display the last commit message in a git repository,"git log -1 --pretty=%B
Fix memory leak in connection handler"
Create a new git branch named 'feature/login' and switch to it,"git checkout -b feature/login
Switched to a new branch 'feature/login'"
List the 10 most recent commits in a compact format,"git log --oneline -10
f3a1b2c Add Dockerfile
9d8e7f6 Update README
2c3d4e5 Fix typo in config"
Show the size of the .git directory,"du -sh .git
56M	.git"
Find all broken symbolic links under /var/www,"find /var/www -xtype l
/var/www/broken_link"
Replace the first occurrence of 'foo' with 'bar' on each line of input.txt and write to output.txt,sed 's/foo/bar/' input.txt > output.txt
Print the current shell's PID,"echo $$
12345"
Display the environment variables in alphabetical order,"printenv | sort
HOME=/home/user
LANG=en_US.UTF-8
PATH=/usr/local/bin:/usr/bin:/bin
USER=user"
Start a Docker container named 'db' from the image 'postgres:13' mapping port 5432,"docker run -d --name db -p 5432:5432 postgres:13
b7c8d9e0f1a2"
Show the logs of a Docker container 'web' and follow them,"docker logs -f web
[2026-03-24 10:30:00] INFO Starting web server..."
Copy a file from a remote server using scp,"scp user@remote.example.com:/opt/data/report.csv ./
report.csv                                                                                                                                 100%   12KB  12.0KB/s   00:00"
"Synchronize a local directory with a remote one using rsync over SSH, preserving permissions","rsync -avz -e ssh /local/dir/ user@remote:/remote/dir/
sending incremental file list
./
file1.txt
file2.log
sent 1.23M bytes  received 45 bytes  2.58M bytes/sec"
List files in the current directory,ls
"List all files, including hidden ones, in long format",ls -la
Display the last 5 lines of a file named log.txt,tail -n 5 log.txt
Create a directory named backup and its parent directories if needed,mkdir -p backup
Copy file report.pdf to the directory /tmp,cp report.pdf /tmp/
Move all *.jpg files from the current directory to images/,mv *.jpg images/
Remove the file old_data.csv without prompting,rm -f old_data.csv
Search for the word 'ERROR' in syslog and ignore case,"grep -i ""ERROR"" /var/log/syslog"
Count how many lines contain the word 'TODO' in all *.py files,"grep -c ""TODO"" *.py"
Show the first 3 columns of a space‑separated file data.txt,cut -d ' ' -f1-3 data.txt
Replace all occurrences of 'foo' with 'bar' in config.cfg (in‑place),sed -i 's/foo/bar/g' config.cfg
Sort the lines of names.txt alphabetically and remove duplicates,sort -u names.txt
Show the disk usage of the current directory in human‑readable form,du -sh .
Show the listening TCP ports with their associated processes,ss -tulnp
Download a file from https://example.com/file.tar.gz using curl,curl -O https://example.com/file.tar.gz
Extract the tar.gz archive backup.tar.gz into /opt/backup,tar -xzf backup.tar.gz -C /opt/backup
Create a compressed zip archive named project.zip containing the folder project/,zip -r project.zip project/
"Find all files named ""secret.txt"" starting from the root directory","find / -type f -name ""secret.txt"" 2>/dev/null"
Show the last 20 commands from your bash history,history | tail -n 20
"Run the command ""make"" and log both stdout and stderr to build.log",make > build.log 2>&1
Schedule a script backup.sh to run at 2 am daily using cron,"(crontab -l ; echo ""0 2 * * * /path/to/backup.sh"") | crontab -"
Display the contents of a gzipped file data.log.gz without extracting,zcat data.log.gz | less
Print the current shell's environment variables in alphabetical order,printenv | sort
Append the current date to a file diary.txt,date >> diary.txt
Show the difference between file1.txt and file2.txt using unified diff format,diff -u file1.txt file2.txt
Count the number of files in the current directory (excluding directories),find . -maxdepth 1 -type f | wc -l
"Search recursively for the string 'password' in all .conf files, showing line numbers","grep -Rnl ""password"" *.conf"
Change the permissions of script.sh to be executable by the owner only,chmod 700 script.sh
Compress a directory logs/ into logs.tar.bz2 using bzip2 compression,tar -cjf logs.tar.bz2 logs/
Monitor real‑time changes to the file access.log,tail -F access.log
Create a new user called devuser with a home directory /home/devuser,sudo useradd -m -d /home/devuser devuser
"Lock the user account ""guest""",sudo usermod -L guest
Replace tabs with four spaces in file source.c (in‑place),expand -t 4 source.c > source_tmp.c && mv source_tmp.c source.c
Print the SHA‑256 checksum of file archive.zip,sha256sum archive.zip
Find all empty directories under /var/www and delete them,find /var/www -type d -empty -delete
Show the amount of time the system has been up,uptime -p
Display the last boot time,who -b
Show the current mouse cursor position using xdotool (X11),xdotool getmouselocation
Create a 10‑MB file filled with zeros named zero.bin,dd if=/dev/zero of=zero.bin bs=1M count=10
Set the system time to 2026‑04‑01 12:00:00 (requires root),"sudo date -s ""2026-04-01 12:00:00"""
List all git branches and show the current one,git branch --list
"Stage all changes and commit with message ""Update""","git add . && git commit -m ""Update"""
Push the current branch to the remote repository,git push
"List all files and directories in the current folder, including hidden ones, in long format.",ls -la
Display the first 10 lines of a file named data.txt.,head -n 10 data.txt
Show the last 20 lines of /var/log/syslog.,tail -n 20 /var/log/syslog
"Search for the word ""error"" in log.txt, ignoring case.","grep -i ""error"" log.txt"
"Count how many lines contain ""FAIL"" in results.log.","grep -c ""FAIL"" results.log"
"Create a directory called backup and copy all .conf files into it, preserving attributes.",mkdir -p backup && cp -a *.conf backup/
Find all .py files modified in the last 2 days.,"find . -type f -name ""*.py"" -mtime -2"
Show the disk usage of the /var directory in human‑readable form.,du -sh /var
Show the process tree for the current user.,pstree -u $USER
List the 5 most memory‑intensive processes.,ps aux --sort=-%mem | head -n 6
"Replace all occurrences of ""foo"" with ""bar"" in file.txt and save changes in‑place.",sed -i 's/foo/bar/g' file.txt
Extract the third column from data.csv assuming comma delimiter.,"cut -d',' -f3 data.csv"
Print the number of files in the current directory (excluding hidden files).,ls -1 | wc -l
Compress the directory project/ into a gzipped tarball named project.tar.gz.,tar -czf project.tar.gz project/
Extract archive backup.tar.bz2 into the current directory.,tar -xjf backup.tar.bz2
Download a file from https://example.com/file.zip using curl and show progress.,curl -O --progress-bar https://example.com/file.zip
"Synchronize local folder src/ with remote folder /var/www on server.example.com via rsync over SSH, preserving permissions.",rsync -avz -e ssh src/ user@server.example.com:/var/www
Find all empty directories under /tmp and delete them.,find /tmp -type d -empty -delete
Show the IP address of the eth0 interface.,ip -4 addr show dev eth0 | grep -oP '(?<=inet\s)\d+(\.\d+){3}'
Append the current timestamp to logfile.txt each time the script runs.,date '+%Y-%m-%d %H:%M:%S' >> logfile.txt
List all listening TCP ports with the associated process name.,ss -tlnp
Show the total number of lines across all *.log files in logs/ directory.,cat logs/*.log | wc -l
Print the first field (username) from /etc/passwd for users with UID greater than 1000.,awk -F: '$3>1000 {print $1}' /etc/passwd
Monitor the real‑time changes to /var/log/auth.log.,tail -F /var/log/auth.log
Show the difference between file1.txt and file2.txt using side‑by‑side format.,sdiff -s file1.txt file2.txt
Calculate the SHA‑256 checksum of archive.zip and save it to archive.sha256.,sha256sum archive.zip > archive.sha256
List all git branches that have been merged into master.,git branch --merged master
Create a new user called devuser without a home directory and with /usr/sbin/nologin shell.,sudo useradd -M -s /usr/sbin/nologin devuser
Find all JPEG images larger than 5 MB and move them to large_images/.,"find . -type f -name ""*.jpg"" -size +5M -exec mv {} large_images/ \;"
Print the system uptime in a human‑readable format.,uptime -p
Show the kernel version and build information.,uname -srv
Display the last reboot time of the system.,who -b
Count the number of CPU cores available.,nproc
Set the environment variable PROJECT_ROOT to the absolute path of the current directory and export it.,"export PROJECT_ROOT=""$(pwd)"""
Run script.sh in the background and redirect both stdout and stderr to script.log.,nohup bash script.sh > script.log 2>&1 &
Schedule a one‑time job to run /usr/local/bin/backup.sh at 02:30 tomorrow using at.,"echo ""/usr/local/bin/backup.sh"" | at 02:30 tomorrow"
"List the top 10 largest files under /home, sorted by size.",find /home -type f -exec du -h {} + | sort -rh | head -n 10
"Convert all .wav files in music/ to .mp3 using ffmpeg, keeping original filenames.","for f in music/*.wav; do ffmpeg -i ""$f"" ""${f%.wav}.mp3""; done"
Check whether port 8080 is open on localhost using netcat.,nc -zv 127.0.0.1 8080
Print the current shell's version string.,echo $BASH_VERSION
Show the last 5 git commit messages in one‑line format.,git log -5 --oneline
Find all lines containing a date in YYYY‑MM‑DD format in report.txt and output only the dates.,grep -oE '[0-9]{4}-[0-9]{2}-[0-9]{2}' report.txt
"Replace the first occurrence of ""foo"" with ""bar"" on each line of input.txt, writing results to output.txt.",sed 's/foo/bar/' input.txt > output.txt
Display the memory usage of each running Docker container.,"docker stats --no-stream --format ""{{.Name}}: {{.MemUsage}}"""
"Print the number of lines, words, and characters in README.md.",wc README.md
List all files that are larger than 100 KB and have been accessed within the last 7 days.,find . -type f -size +100k -atime -7
Create a zip archive named source.zip containing the contents of src/ while excluding *.tmp files.,"zip -r source.zip src/ -x ""*.tmp"""
Show the current user's default shell.,echo $SHELL
"Display the environment variables that contain the word ""PATH"".",env | grep PATH
Generate a UUID and store it in variable NEW_ID.,NEW_ID=$(cat /proc/sys/kernel/random/uuid) && echo $NEW_ID
Print the first 5 characters of each line in names.txt.,cut -c1-5 names.txt
Show the HTTP response headers for https://api.example.com using curl.,curl -I https://api.example.com
List all open file descriptors for the process with PID 1234.,ls -l /proc/1234/fd
List all files and directories in the current folder.,ls -la
Show the present working directory.,pwd
Display the current user name.,whoami
Display the last 5 lines of the system log file.,tail -n 5 /var/log/syslog
"Search for the word ""error"" (case‑insensitive) in ""app.log"" and show line numbers.","grep -i -n ""error"" app.log"
"Count how many times the word ""TODO"" appears in all *.py files recursively.","grep -R ""TODO"" --include=""*.py"" . | wc -l"
Find all empty files in the current directory and its subdirectories.,find . -type f -empty
"Create a compressed tar archive named ""backup.tar.gz"" of the ""project"" directory.",tar -czvf backup.tar.gz project/
"Extract the archive ""data.tar.bz2"" into the current directory.",tar -xjvf data.tar.bz2
"Show disk usage of the ""/home"" directory in human‑readable format.",du -sh /home
"List the 5 largest files in ""/var/log"" sorted by size.",find /var/log -type f -exec du -h {} + | sort -rh | head -n 5
"Replace all occurrences of ""foo"" with ""bar"" in ""config.cfg"" (in‑place).",sed -i 's/foo/bar/g' config.cfg
Show a tree view of the directory structure up to depth 2.,find . -maxdepth 2 -print | sed -e 's;[^/]*/;|____;g'
Display the amount of free memory in megabytes.,"free -m | awk '/Mem:/ {print $4"" MB free""}'"
"Monitor real‑time changes to the file ""access.log"".",tail -f access.log
"Download a file from ""https://example.com/file.zip"" using curl and save it as ""file.zip"".",curl -L -o file.zip https://example.com/file.zip
"Upload ""image.png"" to an FTP server at ""ftp.example.com"" using anonymous login.",curl -T image.png ftp://anonymous@ftp.example.com/
"Find all Python files that contain the string ""def main"" and print their paths.","grep -rl ""def main"" --include=""*.py"" ."
"Create a new user called ""devuser"" with a home directory and add to the ""sudo"" group.",sudo useradd -m -G sudo devuser
Show the last 20 entries of the system journal.,journalctl -n 20
"Convert the file ""data.csv"" to tab‑separated values and save as ""data.tsv"".","tr ',' '\t' < data.csv > data.tsv"
"Schedule a cron job to run ""/usr/local/bin/backup.sh"" every day at 2 am.","(crontab -l ; echo ""0 2 * * * /usr/local/bin/backup.sh"") | crontab -"
Display the kernel version.,uname -r
"Print the first field of each line in ""data.txt"" (fields are space‑separated).",awk '{print $1}' data.txt
"Create a symbolic link named ""latest.log"" pointing to ""log_2023_12_31.log"".",ln -s log_2023_12_31.log latest.log
"Display the contents of a compressed file ""notes.gz"" without extracting it.",zcat notes.gz
"Append the current date to the file ""log.txt"".",date >> log.txt
"Check the syntax of the Bash script ""deploy.sh"" without executing it.",bash -n deploy.sh
"Replace tabs with four spaces in ""source.c"" (in‑place).",expand -t 4 source.c > source_tmp.c && mv source_tmp.c source.c
List all mounted file systems with their mount points.,mount | column -t
"Show the total number of lines across all "".md"" files in the repository.","find . -name ""*.md"" -exec cat {} + | wc -l"
"Create a directory hierarchy ""project/src/tests"" in one command.",mkdir -p project/src/tests
"Compress all ""*.log"" files in the current directory into a single zip archive ""logs.zip"".",zip logs.zip *.log
"Show the difference between two files ""old.txt"" and ""new.txt"" using unified diff format.",diff -u old.txt new.txt
"Print the number of lines, words, and characters in ""report.md"".",wc report.md
Display the current Bash version.,echo $BASH_VERSION
"Run the command ""make"" and save both stdout and stderr to ""build.log"".",make > build.log 2>&1
Show the current time in UTC.,date -u
"Calculate the MD5 checksum of the file ""image.iso"".",md5sum image.iso
"Search recursively for files with the extension "".conf"" that contain the string ""max_connections"" and display the matching lines with filenames.","grep -R ""max_connections"" --include=""*.conf"" ."
"Convert all spaces at the beginning of lines in ""script.sh"" to tabs (assuming 4 spaces per tab).",expand -t 4 -i script.sh > script_tmp.sh && mv script_tmp.sh script.sh
"Create a Bash function named ""greet"" that prints ""Hello, $1!"" and add it to the current session.","greet() { echo ""Hello, $1!""; }"
List all Docker containers (running and stopped).,docker ps -a
"Show the size of each subdirectory in the current folder, sorted largest first.",du -sh */ | sort -rh
Pause execution of a script for 3 seconds.,sleep 3
"Display the first 5 columns of the output of ""ps aux"" using cut.",ps aux | cut -d ' ' -f1-5 | head
Check if the port 8080 is currently in use.,ss -ltnp | grep ':8080'
Generate a UUID and print it.,uuidgen
"Merge the contents of ""file1.txt"" and ""file2.txt"" into a new file ""merged.txt"" without duplicate lines.",cat file1.txt file2.txt | sort -u > merged.txt
"Set an environment variable ""APP_ENV"" to ""production"" for the current session.",export APP_ENV=production
"Find all JPEG images larger than 5 MB and move them to the folder ""large_images"".","mkdir -p large_images && find . -type f -name ""*.jpg"" -size +5M -exec mv {} large_images/ \;"
"List all Git branches, highlighting the current one.",git branch --color
"Show the top 5 lines of the output of ""df -h"" that contain the string ""/dev/sda"".","df -h | grep ""/dev/sda"" | head -n 5"
"Create a file named ""notes.txt"" with the content ""Meeting at 10am"" using a single command.","echo ""Meeting at 10am"" > notes.txt"
"Delete all files in the ""tmp"" directory that are older than 7 days.",find tmp/ -type f -mtime +7 -delete
"Show the difference between the current directory and its Git HEAD, ignoring whitespace changes.",git diff -w
Count the number of files in the current directory (excluding subdirectories).,ls -1 | wc -l
"Search for the regex pattern ""^[0-9]{4}-[0-9]{2}-[0-9]{2}"" in ""dates.log"" and print matching lines.","grep -E ""^[0-9]{4}-[0-9]{2}-[0-9]{2}"" dates.log"
"Create a Bash alias ""ll"" for ""ls -alF"" and make it persistent for the user.","echo ""alias ll='ls -alF'"" >> ~/.bashrc"
Show the current terminal size (rows and columns).,stty size
List all files in the current directory that have been modified in the last 24 hours.,find . -type f -mtime -1
"Copy the contents of ""source_dir"" to ""dest_dir"" preserving attributes and showing progress.",rsync -a --progress source_dir/ dest_dir/
"Display the first 100 characters of the file ""README.md"".",head -c 100 README.md
"Search for the word ""TODO"" in all files, but exclude the ""vendor"" directory.","grep -R ""TODO"" . --exclude-dir=vendor"
Print a numbered list of all running processes owned by the current user.,"ps -u $USER -o pid,cmd --no-headers | nl"
Show the current shell's options (set -o).,shopt
Create a temporary file and print its name.,tempfile=$(mktemp) && echo $tempfile
"Replace the first occurrence of ""apple"" with ""orange"" on each line of ""fruits.txt"" and write the result to ""fruits_new.txt"".",sed 's/apple/orange/' fruits.txt > fruits_new.txt
"Display a progress bar while copying a large file ""big.iso"" to ""/mnt/backup"" using pv.",pv big.iso > /mnt/backup/big.iso
Generate a random hexadecimal string of length 32.,openssl rand -hex 16
Show the current git commit hash (short version).,git rev-parse --short HEAD
"Find all files named ""Dockerfile"" in the repository and print their relative paths.","git ls-files | grep ""Dockerfile"""
Display the current locale settings.,locale
"Create a new empty file named ""placeholder.txt"" only if it does not already exist.",touch placeholder.txt
"List the contents of a zip archive ""archive.zip"" without extracting it.",unzip -l archive.zip
Show the number of lines added and removed in the last commit.,git show --stat HEAD
"Search for the string ""password"" in all files, but ignore binary files.","grep -R ""password"" . --binary-files=without-match"
Print the current shell's path.,echo $SHELL
Display the last 3 commands you typed in the current shell session.,history | tail -n 3
"Find and delete all ""*.tmp"" files in ""/tmp"" older than 2 days.","find /tmp -type f -name ""*.tmp"" -mtime +2 -delete"
"Print the current date in the format ""YYYY-MM-DD"".",date +%F
"Create a Bash script that prints ""Hello World"" and make it executable in one line.","echo -e ""#!/usr/bin/env bash\necho \""Hello World\"""" > hello.sh && chmod +x hello.sh"
List all users on the system (from /etc/passwd).,cut -d: -f1 /etc/passwd
Show the network routes table.,ip route show
"Count how many times the word ""fail"" appears in the file ""system.log"" (case‑sensitive).","grep -o ""fail"" system.log | wc -l"
Display the current terminal's background color code (if supported).,tput setab
"Create a compressed gzip file ""data.txt.gz"" from ""data.txt"" without keeping the original file.",gzip -9 data.txt
"Find all files with the extension "".sh"" that are not executable and make them executable.","find . -type f -name ""*.sh"" ! -perm /111 -exec chmod +x {} \;"
"Show the current CPU temperature (Linux, using sensors).",sensors | grep 'Core'
Display the list of installed packages on an Ubuntu system (apt).,apt list --installed
"Create a new empty Git branch called ""feature-x"" based on the current HEAD.",git branch feature-x
"Print the first 3 fields of each line in ""/etc/passwd"" separated by commas.","awk -F: '{print $1"",""$3"",""$6}' /etc/passwd"
Show the current memory usage of the process with PID 5678.,pmap -x 5678 | tail -n 1
Display the current screen resolution using xrandr.,xrandr | grep '*'
"Find all files larger than 1 GB in ""/data"" and list them sorted by size descending.",find /data -type f -size +1G -exec ls -lh {} + | sort -k5 -rh
"Create a new virtual environment named ""venv"" using python3 and activate it.",python3 -m venv venv && source venv/bin/activate
Show the current git status in a short format.,git status -s
"Show detailed information of files in the /var/log directory, sorted by size descending.",ls -lhS /var/log
Find all Python files recursively from the current directory and display their paths.,"find . -type f -name ""*.py"""
Count the number of lines in each .log file in /var/log and display the total sum.,awk 'FNR==1{if(NR>1)print total; total=0} {total+=1} END{print total}' /var/log/*.log
"Search for the string ""ERROR"" in all log files under /var/log and show the matching lines with filenames.","grep -H ""ERROR"" /var/log/*.log"
Display the current disk usage of all mounted filesystems in human‑readable form.,df -h
Show the top 5 processes by memory usage.,ps aux --sort=-%mem | head -n 6
"Create a compressed tarball named backup.tar.gz of the /etc directory, preserving permissions.",tar -czpf backup.tar.gz /etc
"Extract the archive backup.tar.gz into /tmp, overwriting existing files without prompting.",tar -xzpf backup.tar.gz -C /tmp --overwrite
"Print the 10th column of a CSV file named data.csv, assuming commas as delimiters.","cut -d',' -f10 data.csv"
Show the current IP address(es) of the machine (IPv4 only).,ip -4 addr show | grep -oP '(?<=inet\s)\d+(\.\d+){3}'
Monitor real‑time network traffic on interface eth0 using a concise display.,iftop -i eth0 -t -s 10
Schedule a command to run at 2:30 am tomorrow using at.,"echo ""/usr/local/bin/backup.sh"" | at 02:30 tomorrow"
"Create a new user named ""devuser"" with a home directory and default shell /bin/bash.",sudo useradd -m -s /bin/bash devuser
"Give the group ""developers"" write permission on the directory /srv/projects and all its contents.",chmod -R g+w /srv/projects && chgrp -R developers /srv/projects
Display the last 20 lines of the system log file /var/log/syslog and follow new entries in real time.,tail -n 20 -f /var/log/syslog
Find all files larger than 100 MiB in /home and delete them after confirmation.,find /home -type f -size +100M -exec rm -i {} \;
Generate a random alphanumeric password of length 16 and copy it to the clipboard (Linux with xclip).,"tr -dc 'A-Za-z0-9' </dev/urandom | head -c16 | xclip -selection clipboard && echo ""Password copied to clipboard"""
Display the calendar for the current month with weeks starting on Monday.,cal -m
Convert the file image.png to a JPEG image with 85% quality using ImageMagick.,convert image.png -quality 85 image.jpg
"Show the difference between two configuration files, ignoring whitespace changes.",diff -b config_old.conf config_new.conf
"Download a file from https://example.com/file.tar.gz and save it as /tmp/file.tar.gz using curl, showing a progress bar.",curl -L -o /tmp/file.tar.gz https://example.com/file.tar.gz
"Extract only the ""src"" directory from archive source.tar.gz into the current directory.",tar -xzpf source.tar.gz src
List the 10 most recently modified files in /var/www.,ls -lt /var/www | head -n 11
"Count how many times the word ""failure"" appears in the file error.log (case‑insensitive).","grep -oi ""failure"" error.log | wc -l"
Show a tree view of the directory structure under ~/projects up to depth 2.,tree -L 2 ~/projects
Set the system date to 2025‑12‑31 23:59:00 (requires root).,"sudo date -s ""2025-12-31 23:59:00"""
"Create a bash function named ""mkcd"" that makes a directory and immediately changes into it.","mkcd(){ mkdir -p ""$1"" && cd ""$1""; }"
Display the CPU usage of each core as a percentage using mpstat.,"mpstat -P ALL 1 1 | awk '/Average/ && $3 ~ /[0-9]/ {print $3""%""}'"
Stop and remove all Docker containers that exited more than 24 hours ago.,"docker container prune -f --filter ""until=24h"""
"Show the size of each directory directly under /var, sorted largest first.",du -sh /var/* | sort -hr
Show the last 5 commit messages on the current branch in one‑line format.,git log -5 --oneline
Undo the last commit but keep the changes staged.,git reset --soft HEAD~1
Compress all .log files in /var/log into a single zip archive called logs.zip.,zip logs.zip /var/log/*.log
Extract the first 100 lines of a large file data.csv without loading the whole file into memory.,head -n 100 data.csv
Display the current user's crontab entries.,crontab -l
Add a cron job that runs /usr/local/bin/cleanup.sh every Sunday at 3 am.,"(crontab -l 2>/dev/null; echo ""0 3 * * 0 /usr/local/bin/cleanup.sh"") | crontab -"
"Create a file named ""report.txt"" and write the current date and time as the first line.",date > report.txt
"Append the output of the command ""df -h"" to the file system_report.txt without overwriting existing content.",df -h >> system_report.txt
"Replace the first occurrence of ""localhost"" with the machine's hostname in config.cfg.","sed -i ""0,/localhost/s//$(hostname)/"" config.cfg"
Show a progress bar while copying a large directory /data to /backup using rsync.,rsync -ah --info=progress2 /data/ /backup/
Print the names of all users currently logged into the system.,who | awk '{print $1}' | sort | uniq
Display the number of CPU cores available on this machine.,nproc
Generate a SHA‑256 checksum for the file iso_image.iso and save it to iso_image.sha256.,sha256sum iso_image.iso > iso_image.sha256
Find all lines in access.log that contain a 404 status code and count them.,"grep "" 404 "" access.log | wc -l"
"Create a new virtual environment named ""venv"" using Python 3.11.",python3.11 -m venv venv
"Activate the virtual environment ""venv"" and install the packages from requirements.txt.",source venv/bin/activate && pip install -r requirements.txt
"List all files, including hidden ones, in the current directory with detailed information",ls -la
Display the first 10 lines of a file named data.txt,head -n 10 data.txt
Show the last 5 lines of a log file,tail -n 5 /var/log/syslog
Search for the word 'ERROR' in all .log files recursively,"grep -R ""ERROR"" *.log"
"Count the number of lines, words, and characters in a file",wc -lwm report.txt
Display the disk usage of the /home directory in human‑readable format,du -sh /home
Find all files larger than 100 MB in /var,find /var -type f -size +100M
Replace all occurrences of 'foo' with 'bar' in file.txt and edit the file in place,sed -i 's/foo/bar/g' file.txt
Extract the third column from a space‑separated file and sort it uniquely,cut -d' ' -f3 data.txt | sort -u
Extract the contents of archive.zip into the current directory,unzip archive.zip
Display the current date and time in ISO 8601 format,date --iso-8601=seconds
Monitor real‑time changes to a log file,tail -f /var/log/auth.log
Download a file from example.com using curl and save it as page.html,curl -o page.html https://example.com
Upload localfile.txt to a remote server using scp,scp localfile.txt user@remote:/path/
Find all Python files that contain the string 'def main',"grep -rl ""def main"" *.py"
Show the difference between two files side by side,diff -y file1.txt file2.txt
Create a new user named alice with a home directory,sudo useradd -m alice
Display the last reboot time of the system,who -b
"Combine the contents of file1.txt and file2.txt into merged.txt, removing duplicate lines",cat file1.txt file2.txt | sort | uniq > merged.txt
"Show the size of each file in the current directory in a human‑readable format, sorted by size descending",ls -lhS
Search for the regex pattern '^test[0-9]+' in all .conf files and display line numbers,"grep -n ""^test[0-9]\+"" *.conf"
Run a command in parallel on all .txt files using xargs to count words,ls *.txt | xargs -n1 -P4 wc -w
"Print the first field of each line in /etc/passwd, separated by commas","cut -d: -f1 /etc/passwd | paste -sd, -"
Show the HTTP headers of https://example.com using curl,curl -I https://example.com
Compress all .log files in logs/ into a single gzip archive logs.tar.gz,tar -czf logs.tar.gz logs/*.log
Extract the second column from a CSV file and calculate its sum using awk,"awk -F',' '{sum+=$2} END {print sum}' data.csv"
Check the MD5 checksum of file.iso,md5sum file.iso
List all active network interfaces and their IP addresses,ip -brief address show
Show the last 20 lines of a file with line numbers,nl -ba file.txt | tail -n 20
Replace tabs with four spaces in a file and save to a new file,expand -t4 input.txt > output.txt
"Find all files named ""config.yaml"" under /etc and print their full paths","find /etc -type f -name ""config.yaml"""
"Create a directory structure src/{app,tests,docs} in one command","mkdir -p src/{app,tests,docs}"
Display the first 5 lines of each .md file in the docs folder,head -n5 docs/*.md
Count how many times the word 'TODO' appears in all source files recursively,"grep -R ""TODO"" . | wc -l"
List the 10 most recently modified files in /var/log,ls -lt /var/log | head -n 10
Show the history of commands that contain 'git',history | grep git
Run a Python one‑liner to print the square of numbers 1 through 5,"python3 -c ""print([i*i for i in range(1,6)])"""
Convert a PDF file to text using pdftotext,pdftotext document.pdf
Lock the screen immediately using the default screen locker,loginctl lock-session
"Display the size of the /var directory, excluding mounted filesystems",du -sh --exclude=/var/*/* /var
Find all symbolic links in /usr/bin that are broken,find /usr/bin -xtype l
Show the last 3 reboot events from the system journal,journalctl -b -n 3
Restart the nginx service using systemd,sudo systemctl restart nginx
Remove duplicate lines from a sorted file called list.txt,uniq list.txt > list_unique.txt
Check the syntax of an nginx configuration file,nginx -t -c /etc/nginx/nginx.conf
Show the total number of files in the current directory and its subdirectories,find . -type f | wc -l
Compress a directory named project into a zip archive named project.zip,zip -r project.zip project
Extract the first 3 columns of a tab‑separated file and save to cols.tsv,cut -f1-3 input.tsv > cols.tsv
List all users currently logged in,who
Display the IPv4 address of the eth0 interface,ip -4 addr show dev eth0 | grep -oP '(?<=inet\s)\d+(\.\d+){3}'
Show the top 10 lines of a CSV file with column headers,head -n 10 data.csv
Create a hard link named link.txt pointing to original.txt,ln original.txt link.txt
Find all files modified in the last 24 hours under /var/www,find /var/www -type f -mtime -1
Show the difference between two directories dirA and dirB,diff -qr dirA dirB
Set the executable permission for all .sh scripts in the scripts directory,chmod +x scripts/*.sh
Print the number of lines in each .c source file in src/,wc -l src/*.c
Display the current terminal size (rows and columns),stty size
Check the status of the sshd service,systemctl status sshd
Create a backup of the MySQL database named prod_db to prod_db.sql,mysqldump -u root -p prod_db > prod_db.sql
Show the last 15 entries from the system journal,journalctl -n 15
Find all occurrences of the word 'TODO' in .py files and display the filename and line number,"grep -Hn ""TODO"" *.py"
Create a new empty file named placeholder.txt,touch placeholder.txt
Display the current user's groups,groups
"Compress a large log file using bzip2, keeping the original",bzip2 -k large.log
Show the process ID of the most recent background job,echo $!
"List all files in the current directory sorted by modification time, newest first",ls -lt
Print the first 100 characters of a file without a trailing newline,head -c 100 file.txt
"Search for the string 'password' in configuration files, ignoring case, and display only filenames","grep -ril ""password"" /etc/*.conf"
Display a progress bar while copying a large file,pv large.iso > /dev/null
Find all processes owned by user alice and kill them,pkill -u alice
Show the version of the Bash shell,bash --version
Display the current swap usage in megabytes,"free -m | awk '/Swap/ {print $3"" MB used, ""$4"" MB free""}'"
List all files in /var/log that have not been accessed in the last 30 days,find /var/log -type f -atime +30
Copy a directory tree src/ to dest/ preserving attributes,cp -a src/ dest/
Show the current umask value,umask
Display the first 5 matches of the pattern 'error' in syslog with line numbers,"grep -in ""error"" /var/log/syslog | head -n 5"
Create a new git repository in the current directory,git init
List all available shells on the system,cat /etc/shells
Show the current kernel ring buffer messages,dmesg | less
Change the owner of directory /opt/data to user bob and group staff,sudo chown bob:staff /opt/data
Display the current time in UTC,date -u
Find all JPEG images larger than 5 MB and move them to /tmp/large_images,"find . -type f -name ""*.jpg"" -size +5M -exec mv {} /tmp/large_images/ \;"
Compress a directory using tar without compression (just archiving),tar -cvf archive.tar /path/to/dir
Extract a tar archive while preserving permissions,tar --same-permissions -xvf archive.tar
Display the current user's default shell,getent passwd $USER | cut -d: -f7
Show the number of active network connections,netstat -tun | grep ESTABLISHED | wc -l
Create a 1 GB file filled with random data named random.bin,dd if=/dev/urandom of=random.bin bs=1M count=1024
List the 5 largest files in the home directory,find $HOME -type f -exec du -h {} + | sort -rh | head -n 5
Display the current process's environment variables,printenv
"Search for the string 'TODO' in all files, excluding the .git directory","grep -R ""TODO"" . --exclude-dir=.git"
Show the IP address and hostname of the machine,hostname -I && hostname
Create a new branch named feature-x in a git repository,git checkout -b feature-x
List all files with the setuid bit set,find / -perm -4000 2>/dev/null
Display the top 10 lines of a compressed gzip file without decompressing to disk,zcat file.gz | head -n 10
Find and delete all .tmp files older than 7 days in /tmp,"find /tmp -type f -name ""*.tmp"" -mtime +7 -delete"
Display the current user's sudo privileges,sudo -l
Create a symbolic link to the current directory named link_to_here,ln -s $(pwd) link_to_here
Show the current SELinux status,sestatus
Print the first 20 characters of each line in file.txt,cut -c1-20 file.txt
List all USB devices connected to the system,lsusb
Create a new empty directory named backup and set its permissions to 750,mkdir backup && chmod 750 backup
"Find all files named ""*.conf"" and change their permissions to 644","find / -type f -name ""*.conf"" -exec chmod 644 {} \;"
Show the size of each subdirectory in the current directory,du -sh */
Search for the word 'failure' in syslog and display the last 10 matches,"grep ""failure"" /var/log/syslog | tail -n 10"
Show hidden files in long format,ls -la
"Count only the number of lines in ""report.txt""",wc -l < report.txt
"Search for the word ""error"" (case‑insensitive) in all *.log files","grep -i ""error"" *.log"
"Search recursively for the pattern ""TODO"" in the src/ directory and show line numbers","grep -R ""TODO"" -n src/"
"Print the third column of a CSV file ""data.csv""","cut -d',' -f3 data.csv"
Show the total size of all *.mp4 files in the current directory,du -ch *.mp4 | tail -n1
"Create a compressed tar archive named ""backup.tar.gz"" of the folder ""project""",tar -czvf backup.tar.gz project/
Show the current IP addresses of all network interfaces,ip addr show | grep 'inet '
Find all regular files larger than 100 MB in /var/log,find /var/log -type f -size +100M
"Count how many times each word appears in ""document.txt"" (case‑insensitive) and sort by frequency",tr '[:space:]' '\n' < document.txt | tr '[:upper:]' '[:lower:]' | grep -v '^$' | sort | uniq -c | sort -nr
"Kill all processes named ""myapp""",pkill myapp
"Run a command in the background and redirect its output to ""output.log""",my_long_running_command > output.log 2>&1 &
"Create a new directory named ""archive"" and move all *.txt files into it",mkdir -p archive && mv *.txt archive/
List the 10 largest files in the current directory and its subdirectories,find . -type f -exec du -h {} + | sort -rh | head -n 10
"Convert all *.png images in the folder ""images"" to JPEG format using ImageMagick","for f in images/*.png; do convert ""$f"" ""${f%.png}.jpg""; done"
"Show the first 5 fields of each line in ""data.tsv"" (tab‑delimited)",cut -f1-5 data.tsv
"Append the current timestamp to a log file ""run.log""",date '+%Y-%m-%d %H:%M:%S' >> run.log
Set the environment variable EDITOR to vim for the current session,export EDITOR=vim
"Check the SHA‑256 checksum of a file ""download.iso""",sha256sum download.iso
Display the first 3 lines of each *.conf file in /etc,"for f in /etc/*.conf; do echo ""--- $f ---""; head -n 3 ""$f""; done"
"Compress a large log file ""access.log"" using gzip, keeping the original",gzip -c access.log > access.log.gz
"Extract the first 100 lines of a gzipped file ""access.log.gz"" without decompressing the whole file",zcat access.log.gz | head -n 100
List all open network ports and the processes using them,ss -tulnp
Show the total amount of free and used memory in megabytes,free -m
"Create a user named ""devuser"" and add them to the ""sudo"" group",sudo useradd -m -G sudo devuser
"Change the ownership of the directory ""data"" recursively to user ""alice"" and group ""staff""",chown -R alice:staff data
"Find all files named ""config.yaml"" and print their absolute paths",find / -type f -name config.yaml 2>/dev/null
"Display the last modification time of the file ""script.sh""",stat -c %y script.sh
List the 20 most recently modified files in /var/www,find /var/www -type f -printf '%T@ %p\n' | sort -nr | head -n 20 | cut -d' ' -f2-
Create a new Git repository in the current directory and make an initial commit,"git init && git add . && git commit -m ""Initial commit"""
"Show the differences between two files ""old.txt"" and ""new.txt"" with line numbers",diff -u --line-number old.txt new.txt
Display the size of each subdirectory in the current directory in human‑readable form,du -h --max-depth=1
"Monitor real‑time changes to the file ""/var/log/syslog""",tail -F /var/log/syslog
Create a temporary file and store its name in a variable TMPFILE,TMPFILE=$(mktemp)
Delete all empty directories under the current directory,find . -type d -empty -delete
"Display the first 5 lines of the output of ""ls -R"" (recursive listing)",ls -R | head -n 5
"Compress multiple files ""a.txt"", ""b.txt"", and ""c.txt"" into a zip archive ""archive.zip""",zip archive.zip a.txt b.txt c.txt
"Extract only the ""config.json"" file from the archive ""backup.tar.gz""",tar -xzvf backup.tar.gz config.json
"Create an empty file called ""notes.txt""",touch notes.txt
"Display the contents of ""notes.txt""",cat notes.txt
"Show the first 10 lines of a file named ""log.txt""",head -n 10 log.txt
"Show the last 5 lines of a file named ""log.txt""",tail -n 5 log.txt
"Search for the word ""error"" in all "".log"" files recursively","grep -R ""error"" *.log"
Find all files larger than 100M in /var/log,find /var/log -type f -size +100M
"Compress the folder ""backup"" into a gzipped tarball named ""backup.tar.gz""",tar -czvf backup.tar.gz backup
"Extract the archive ""data.tar.gz"" into the current directory",tar -xzvf data.tar.gz
"Download a file from ""https://example.com/file.zip"" using wget and show progress",wget --progress=dot https://example.com/file.zip
"List all running processes containing the word ""python""",ps aux | grep python
Force kill the process with PID 5678,kill -9 5678
"Change permissions of ""script.sh"" to be executable by the owner",chmod u+x script.sh
"Set an environment variable ""APP_ENV"" to ""production"" for the current session",export APP_ENV=production
List all installed packages on a Debian based system,dpkg -l
"Search for a package named ""nginx"" in the apt cache",apt-cache search nginx
Update the package index on a Debian based system,sudo apt-get update
Upgrade all installed packages on a Debian based system,sudo apt-get upgrade -y
"Test connectivity to ""google.com"" with 4 ping packets",ping -c 4 google.com
Show open ports and the associated processes,sudo lsof -i -P -n
"Find all files named ""config.yaml"" starting from the home directory",find ~ -type f -name config.yaml
"Replace all occurrences of ""foo"" with ""bar"" in file ""data.txt"" in-place",sed -i 's/foo/bar/g' data.txt
"Print the second column of ""data.csv"" using awk","awk -F',' '{print $2}' data.csv"
"Sort the lines of ""unsorted.txt"" and remove duplicates, saving to ""sorted.txt""",sort -u unsorted.txt > sorted.txt
"Append the current timestamp to the end of ""log.txt""",date >> log.txt
Run a command every 5 minutes using cron (edit crontab),"(crontab -l ; echo ""*/5 * * * * /usr/local/bin/backup.sh"") | crontab -"
"Start the Docker container named ""webapp""",docker start webapp
"Build a Docker image from the Dockerfile in the current directory and tag it ""myapp:latest""",docker build -t myapp:latest .
"Show the last 10 lines of the Docker container ""db"" logs",docker logs --tail 10 db
"Create a new Git branch called ""feature/login""",git checkout -b feature/login
Show the status of the current Git repository,git status
"Commit all staged changes with the message ""Fix bug""","git commit -m ""Fix bug"""
Push the current branch to origin,git push origin HEAD
"Clone the repository ""https://github.com/example/repo.git"" into a folder named ""repo""",git clone https://github.com/example/repo.git repo
Show the last 5 commits in a compact format,git log -5 --oneline
"Create a compressed zip archive of the folder ""src"" named ""src.zip""",zip -r src.zip src
"Extract the zip archive ""archive.zip"" into the current directory",unzip archive.zip
Show the current CPU usage per core,mpstat -P ALL
Display the system uptime in a human readable format,uptime -p
Monitor real-time system resource usage,htop
"Print the first 5 lines of each "".conf"" file in /etc",head -n 5 /etc/*.conf
"Count how many times the word ""TODO"" appears in all "".py"" files recursively","grep -R ""TODO"" *.py | wc -l"
"Create a 100MB file filled with zeros named ""zero.bin""",dd if=/dev/zero of=zero.bin bs=1M count=100
"Mount the ISO file ""image.iso"" to ""/mnt/iso"" using a loop device",sudo mount -o loop image.iso /mnt/iso
"Unmount the directory ""/mnt/iso""",sudo umount /mnt/iso
"Display the JSON content of ""data.json"" formatted with jq",jq '.' data.json
"Filter the JSON array in ""data.json"" to show objects where ""status"" is ""active""","jq '.[] | select(.status==""active"")' data.json"
"Synchronize the local folder ""src"" to remote host ""user@server:/backup/src"" using rsync over SSH, preserving attributes",rsync -avz -e ssh src/ user@server:/backup/src
"Execute ""make"" and capture both stdout and stderr to ""build.log""",make > build.log 2>&1
"Run the Python one-liner to print ""Hello, World!""","python -c ""print('Hello, World!')"""
Display the size of each subdirectory in the current directory in human readable form,du -h --max-depth=1
"Find and delete all "".tmp"" files older than 7 days in ""/tmp""","find /tmp -type f -name ""*.tmp"" -mtime +7 -delete"
"Switch to the user ""admin"" using su",su - admin
"Display the last 100 lines of ""/var/log/auth.log"" and highlight the word ""failed"" using grep with color","tail -n 100 /var/log/auth.log | grep --color=always ""failed"""
"Create a new tmux session named ""dev""",tmux new -s dev
List all active tmux sessions,tmux ls
Detach from the current tmux session,Ctrl+b d
"Search for the pattern ""^ERROR"" in ""system.log"" and display line numbers","grep -n ""^ERROR"" system.log"
"Convert the file ""image.png"" to JPEG format using ImageMagick",convert image.png image.jpg
Generate a random 16-character alphanumeric password and store it in the variable PASS,PASS=$(openssl rand -base64 12 | tr -dc 'A-Za-z0-9' | head -c16)
"Show the contents of the first block device ""/dev/sda"" in hex format (first 64 bytes)",sudo hexdump -C -n 64 /dev/sda
"Schedule a one-time job to run ""backup.sh"" at 02:30 AM tomorrow using at","echo ""/path/to/backup.sh"" | at 02:30 tomorrow"
"Display the environment variables that contain the word ""PATH""",env | grep PATH
"Create a hard link named ""hardlink.txt"" pointing to ""original.txt""",ln original.txt hardlink.txt
Show the current system locale settings,locale
"Check the syntax of the Bash script ""deploy.sh"" without executing it",bash -n deploy.sh
"Print the size of the file ""bigfile.bin"" in megabytes with one decimal place","printf ""%.1f MB\n"" $(du -b bigfile.bin | cut -f1 | awk '{print $1/1024/1024}')"
"Display the last modification time of ""config.yml""",stat -c %y config.yml
"Create a new user ""developer"" with a home directory and default shell /bin/bash",sudo useradd -m -s /bin/bash developer
"Add the user ""developer"" to the sudo group",sudo usermod -aG sudo developer
Show the current systemd services that are enabled,systemctl list-unit-files --type=service | grep enabled
Enable the firewalld service to start on boot,sudo systemctl enable firewalld
Open port 8080 in firewalld permanently,sudo firewall-cmd --add-port=8080/tcp --permanent && sudo firewall-cmd --reload
Display the current CPU temperature (on systems with /sys/class/thermal),"cat /sys/class/thermal/thermal_zone0/temp | awk '{print $1/1000 ""°C""}'"
"Create a compressed bzip2 archive of the folder ""logs"" named ""logs.tar.bz2""",tar -cjf logs.tar.bz2 logs
"Extract the bzip2 archive ""logs.tar.bz2"" into the current directory",tar -xjf logs.tar.bz2
List all open file descriptors for the process with PID 4321,ls -l /proc/4321/fd
"Set the system time to ""2023-12-31 23:59:00""","sudo date -s ""2023-12-31 23:59:00"""
"Generate a SHA256 checksum for the file ""archive.zip""",sha256sum archive.zip
"Verify the SHA256 checksum of ""archive.zip"" against a known value stored in ""archive.sha256""",sha256sum -c archive.sha256
"Create a new virtual environment named ""venv"" using Python 3",python3 -m venv venv
"Activate the Python virtual environment ""venv""",source venv/bin/activate
Deactivate the current Python virtual environment,deactivate
Remove all stopped Docker containers,docker container prune -f
Show the current system's load averages,cat /proc/loadavg
Display the list of groups the current user belongs to,groups
"Create a cron job that runs ""/usr/local/bin/cleanup.sh"" at 3 AM daily (edit crontab)","(crontab -l ; echo ""0 3 * * * /usr/local/bin/cleanup.sh"") | crontab -"
Print the current terminal's dimensions (rows and columns),stty size
"Search for the string ""TODO"" in all source files and display the filename, line number, and line","grep -R -n ""TODO"" *.c *.h *.cpp"
"Show the difference between two branches ""main"" and ""feature"" in a Git repository",git diff main..feature
"Create a symbolic link to the current directory named ""selflink""",ln -s $(pwd) selflink
"Display the size of the file ""video.mp4"" in a human readable format",ls -lh video.mp4 | awk '{print $5}'
"Decompress ""output.gz"" and write the result to standard output",gunzip -c output.gz
List all open network sockets,ss -tuln
"Create a 1GB file named ""bigfile.bin"" filled with random data",dd if=/dev/urandom of=bigfile.bin bs=1M count=1024
"Check the syntax of an Nginx configuration file ""/etc/nginx/nginx.conf""",sudo nginx -t -c /etc/nginx/nginx.conf
Display the top 10 memory-consuming processes,ps aux --sort=-%mem | head -n 11
"Create a new file ""example.txt"" with the text ""Hello World"" using a heredoc","cat <<EOF > example.txt
Hello World
EOF"
Show the current system's timezone,"timedatectl | grep ""Time zone"""
"Set the system timezone to ""America/New_York""",sudo timedatectl set-timezone America/New_York
List all installed snap packages,snap list
"Install the snap package ""htop""",sudo snap install htop
Display the current shell's PATH variable,echo $PATH
"Add ""/opt/bin"" to the beginning of the PATH for the current session",export PATH=/opt/bin:$PATH
Show the number of CPU cores,nproc
"Monitor file changes in ""/var/www"" using inotifywait (install inotify-tools first)",inotifywait -m -r /var/www
Show the last 20 lines of the system log,tail -n 20 /var/log/syslog
"Count the number of lines, words, and characters in ""data.csv""",wc -lwc data.csv
"Search for the string ""ERROR"" in all log files recursively","grep -R ""ERROR"" *.log"
"Replace all occurrences of ""foo"" with ""bar"" in ""config.cfg"" (in‑place)",sed -i 's/foo/bar/g' config.cfg
"Print the 5th column of a CSV file ""users.csv""","cut -d',' -f5 users.csv"
"Show disk usage of all directories in the current folder, human readable",du -h --max-depth=1
List all listening TCP ports with the associated process name,ss -tlnp
"Download a file from ""https://example.com/file.zip"" using curl, showing progress",curl -O https://example.com/file.zip
Download the same file using wget and limit the download speed to 500KB/s,wget --limit-rate=500k https://example.com/file.zip
Show the last 5 commits in the current git repository,git log -5 --oneline
"Create a new git branch called ""feature/login"" and switch to it",git checkout -b feature/login
"Merge the branch ""dev"" into the current branch without fast‑forward",git merge --no-ff dev
Ping google.com 4 times and display only the average round‑trip time,ping -c 4 google.com | tail -1 | awk -F '/' '{print $5}'
Find all files larger than 100 MB in /var and delete them after confirmation,find /var -type f -size +100M -exec rm -i {} \;
"Create a symbolic link named ""latest"" that points to ""release_v2.3""",ln -s release_v2.3 latest
"Compress the file ""large.log"" using gzip, keeping the original",gzip -c large.log > large.log.gz
"Decompress ""archive.bz2"" to standard output and pipe it to less",bzip2 -dc archive.bz2 | less
"Count how many times the word ""failure"" appears in ""system.log"" (case‑insensitive)","grep -oi ""failure"" system.log | wc -l"
Show the calendar for the current month with Monday as the first day of the week,cal -m
"Print the environment variable PATH, one directory per line",echo $PATH | tr ':' '\n'
"Create a directory tree ""project/src/utils"" in one command",mkdir -p project/src/utils
"Copy all "".sh"" files from ""scripts"" to ""/usr/local/bin"" preserving attributes",cp -a scripts/*.sh /usr/local/bin/
"Change the owner of ""data.db"" to user ""dbadmin"" and group ""dbgroup""",chown dbadmin:dbgroup data.db
"Set the permissions of ""script.sh"" to be executable by everyone",chmod a+x script.sh
"Display the first 5 lines of each file matching ""*.conf"" in the current directory","for f in *.conf; do echo ""--- $f ---""; head -n 5 ""$f""; done"
"Find all files with the extension "".log"" that were modified in the last 2 days","find . -type f -name ""*.log"" -mtime -2"
"Show the difference between two files ""old.txt"" and ""new.txt"" ignoring whitespace",diff -w old.txt new.txt
"Create a user ""testuser"" without a home directory and with the shell ""/bin/false""",useradd -M -s /bin/false testuser
Print the total number of CPUs/cores on the system,nproc
Show the current load average values,cat /proc/loadavg
"Monitor file changes in ""/etc"" in real time",inotifywait -m -r /etc
"Convert the PDF ""report.pdf"" to a series of PNG images, one per page",convert -density 300 report.pdf page_%03d.png
"Extract the third column from the output of ""ps aux"" and sort it numerically",ps aux | awk '{print $3}' | sort -n
"Create a temporary file and write ""Hello World"" into it, then display its path","tmpfile=$(mktemp) && echo ""Hello World"" > ""$tmpfile"" && echo ""$tmpfile"""
"Measure the execution time of the command ""gzip largefile""",time gzip largefile
List all open files for the process with PID 1234,lsof -p 1234
"Show the size of the directory ""logs"" in a human‑readable format",du -sh logs
"Find duplicate lines in ""data.txt"" and display them only once",sort data.txt | uniq -d
"Replace tabs with four spaces in all "".c"" files recursively","find . -type f -name ""*.c"" -exec sed -i 's/\t/    /g' {} +"
"Print the first field of each line from ""passwd"" that belongs to users with UID >=1000",awk -F: '$3>=1000 {print $1}' /etc/passwd
Show the number of files in each subdirectory of the current directory,"for d in */; do echo ""$d: $(ls -1 ""$d"" | wc -l) files""; done"
"Create a Bash function named ""mkcd"" that makes a directory and then changes into it","mkcd() { mkdir -p ""$1"" && cd ""$1""; }"
"Display the last modification time of the file ""script.sh"" in ISO format",stat -c %y script.sh | cut -d'.' -f1
"Count how many times the word ""error"" appears in logfile.txt, case‑insensitive.","grep -i ""error"" logfile.txt | wc -l"
Create a compressed tarball named backup.tar.gz of the directory /home/user/documents.,tar -czvf backup.tar.gz /home/user/documents
Find all .log files larger than 5 MB in /var/log and delete them after confirmation.,"find /var/log -type f -name ""*.log"" -size +5M -exec rm -i {} \;"
"Replace every occurrence of the string ""foo"" with ""bar"" in config.cfg, editing the file in place.",sed -i 's/foo/bar/g' config.cfg
Display the current CPU usage as a percentage using the top command in batch mode.,"top -bn1 | grep ""Cpu(s)"" | awk '{print $2 + $4 ""%""}'"
"Show the disk usage of each subdirectory in /var/www, sorted by size descending.",du -sh /var/www/* | sort -hr
"Download the file from https://example.com/data.csv and save it as data.csv, showing a progress bar.",curl -# -o data.csv https://example.com/data.csv
"Extract only the *.conf files from archive.tar.gz into /tmp/configs, preserving directory structure.","tar -xzvf archive.tar.gz -C /tmp/configs --wildcards ""*.conf"""
"List the 5 most memory‑intensive processes, showing PID, user, and memory usage.","ps aux --sort=-%mem | head -n 6 | awk 'NR>1{print $2, $1, $4""%""}'"
Generate a random 32‑character alphanumeric password and copy it to the clipboard (Linux with xclip).,"tr -dc 'A-Za-z0-9' </dev/urandom | head -c32 | xclip -selection clipboard && echo ""Password copied to clipboard"""
"Show the last 20 lines of syslog that contain the word ""failed"" and highlight the word in red.","grep --color=always -i ""failed"" /var/log/syslog | tail -n 20"
Recursively change permissions of all .sh files in ~/scripts to be executable by the owner only.,"find ~/scripts -type f -name ""*.sh"" -exec chmod 700 {} \;"
"Monitor a log file /var/log/nginx/access.log in real time, showing only lines that contain status code 500.","tail -F /var/log/nginx/access.log | grep "" 500 """
Convert a JSON file data.json to a pretty‑printed format using jq.,jq '.' data.json
"Append the output of the command ""uname -a"" to the file system_info.txt, creating the file if it does not exist.",uname -a >> system_info.txt
Show the total number of lines across all *.py files in the src/ directory.,"find src/ -name ""*.py"" -exec cat {} + | wc -l"
Create a symbolic link named latest.log that points to /var/log/app/log_20260322.log.,ln -s /var/log/app/log_20260322.log latest.log
"Display the IP addresses of all network interfaces, one per line, without the interface names.",ip -o -4 addr list | awk '{print $4}' | cut -d/ -f1
"Show the difference between two files, file1.txt and file2.txt, ignoring whitespace differences.",diff -w file1.txt file2.txt
Print the first field (username) from the /etc/passwd file for users with UID greater than 1000.,awk -F: '$3>1000 {print $1}' /etc/passwd
"Compress the directory logs/ into logs.zip using zip, preserving the directory hierarchy.",zip -r logs.zip logs/
"Search recursively for the phrase ""TODO"" in all .c and .h files under src/, showing file name and line number.","grep -RIn ""TODO"" src/ --include=\*.{c,h}"
Display the last modification time of the file /etc/hosts in a human‑readable format.,"stat -c ""%y"" /etc/hosts"
"Generate a histogram of word frequencies from the file book.txt, showing the top 10 words.",tr -cs '[:alnum:]' '\n' < book.txt | tr '[:upper:]' '[:lower:]' | sort | uniq -c | sort -nr | head -n 10
"Create a Bash loop that prints numbers 1 through 5, each on a new line.",for i in {1..5}; do echo $i; done
"Extract the second column from a CSV file data.csv and save it to column2.txt, assuming commas as separators.","cut -d',' -f2 data.csv > column2.txt"
"Show the amount of free and used memory in megabytes, using the free command.",free -m
Rename all files ending with .jpeg in the current directory to have a .jpg extension instead.,"for f in *.jpeg; do mv ""$f"" ""${f%.jpeg}.jpg""; done"
Display the kernel version and the architecture of the running system.,uname -r && uname -m
Find all symbolic links in /usr/local that point to a non‑existent file and list them.,find /usr/local -xtype l
Print the 3 most common IP addresses found in the access log /var/log/nginx/access.log.,awk '{print $1}' /var/log/nginx/access.log | sort | uniq -c | sort -nr | head -n 3
"Create a temporary file securely and write ""Hello World"" into it, then display its path.","tmpfile=$(mktemp) && echo ""Hello World"" > ""$tmpfile"" && echo ""$tmpfile"""
"Synchronize the local directory ~/projects with the remote server backup@example.com:/backups using rsync over SSH, preserving permissions.",rsync -avz -e ssh ~/projects/ backup@example.com:/backups
"Print the current user's username and home directory in one line, separated by a colon.","echo ""${USER}:${HOME}"""
"Display the top 10 largest files in /var/log, showing size in human readable form.",find /var/log -type f -exec du -h {} + | sort -hr | head -n 10
"Convert a PDF file report.pdf to a series of PNG images, one per page, using ImageMagick.",convert -density 300 report.pdf page_%03d.png
Show the last 5 commands you entered in the current Bash session.,history | tail -n 5
Set an environment variable called DATA_PATH to /data/input and export it for child processes.,export DATA_PATH=/data/input
Check whether port 22 is open on the remote host example.com using netcat.,nc -zv example.com 22
Display the current Git branch name in the repository you are in.,git rev-parse --abbrev-ref HEAD
Create a new empty file named placeholder.txt only if it does not already exist.,touch placeholder.txt
Print the SHA‑256 checksum of the file iso_image.iso.,sha256sum iso_image.iso
Display the first 5 lines of each .md file in the docs/ directory.,head -n 5 docs/*.md
Append the current timestamp to a log file /var/log/custom.log each time the script runs.,date '+%Y-%m-%d %H:%M:%S' >> /var/log/custom.log
"Create a Bash function called greet that takes a name argument and prints ""Hello, <name>!""","greet() { echo ""Hello, $1!""; }"
"Show the size of the /home directory in gigabytes, rounded to two decimal places.",du -sh --block-size=G /home | cut -f1
"Replace the first occurrence of ""foo"" with ""bar"" on each line of file.txt, editing the file in place.","sed -i '0,/foo/{s/foo/bar/}' file.txt"
"Display the list of all environment variables that contain the string ""PATH"".",env | grep PATH
"Run the command ""make"" and capture both stdout and stderr to a file build.log while also displaying output on screen.",make > >(tee build.log) 2> >(tee -a build.log >&2)
Find duplicate lines in the file data.txt and print them only once.,sort data.txt | uniq -d
"Show the current SELinux mode (enforcing, permissive, or disabled).",getenforce
"Create a compressed archive of all .log files in /var/log older than 7 days, naming it old_logs.tar.gz.","find /var/log -type f -name ""*.log"" -mtime +7 -print0 | tar -czvf old_logs.tar.gz --null -T -"
"Print the number of lines, words, and characters in the file README.md using a single command.",wc README.md
"Search for the regex pattern ""^[A-Z]{3}[0-9]{2}$"" in the file codes.txt and show matching lines with line numbers.","grep -nE ""^[A-Z]{3}[0-9]{2}$"" codes.txt"
Display the current mount points and their filesystem types in a columnar format.,mount | column -t
"Set the terminal title to ""My Bash Session"" using an escape sequence.","echo -ne ""\033]0;My Bash Session\007"""
"Copy all .conf files from /etc to ~/backup_conf preserving directory structure, creating any missing directories.",rsync -av --include='*/' --include='*.conf' --exclude='*' /etc/ ~/backup_conf/
"Show the 10 most frequently used commands from your Bash history, sorted by usage count.","history | awk '{CMD[$2]++} END {for (c in CMD) print CMD[c] "" "" c}' | sort -nr | head -n 10"
Display the current system uptime in a human‑readable format.,uptime -p
Generate a UUID and store it in the variable UUID.,UUID=$(cat /proc/sys/kernel/random/uuid)
Find all JPEG images larger than 2 MB in the Pictures directory and move them to LargePics/.,"find ~/Pictures -type f -name ""*.jpg"" -size +2M -exec mv {} LargePics/ \;"
Print the current Git remote URLs for the repository you are in.,git remote -v
Show the process tree for the current user in a hierarchical view.,pstree -u $USER
"Create a Bash alias named ll that runs ""ls -alF"" and make it persistent for future sessions.","echo ""alias ll='ls -alF'"" >> ~/.bashrc"
List all IPv6 addresses assigned to the system's network interfaces.,ip -6 addr show | grep inet6 | awk '{print $2}'
"Extract the third column from a tab‑separated values file data.tsv and sort it numerically, removing duplicates.",cut -f3 data.tsv | sort -n | uniq
Display the current working directory in bold green text using ANSI escape codes.,"echo -e ""\033[1;32m$(pwd)\033[0m"""
Check the syntax of the Bash script install.sh without executing it.,bash -n install.sh
Create a background job that runs the script long_task.sh and write its PID to a file pid.txt.,nohup ./long_task.sh > /dev/null 2>&1 & echo $! > pid.txt
"Show the difference between two directories dirA and dirB, listing files only present in dirA.","diff -qr dirA dirB | grep ""Only in dirA"""
Print the number of CPU seconds used by the current shell process.,ps -p $$ -o cputime=
"Print ""Hello, World!"" to the terminal","echo ""Hello, World!"""
"Remove the file ""temp.txt""",rm temp.txt
"Copy ""source.txt"" to ""backup.txt""",cp source.txt backup.txt
"Move ""old.txt"" to the folder ""archive/""",mv old.txt archive/
"Display the last 5 lines of ""log.txt""",tail -n 5 log.txt
"Search for the word ""error"" in ""log.txt"" (case‑insensitive)","grep -i ""error"" log.txt"
"List all running processes containing ""python""",ps aux | grep python | grep -v grep
"Find all "".conf"" files under ""/etc""","find /etc -type f -name ""*.conf"""
"Print the 3rd column of ""data.csv"" (comma‑separated)","cut -d',' -f3 data.csv"
Display the current environment variables,printenv
"Create a symbolic link ""latest.log"" pointing to ""log_2024_03_22.txt""",ln -s log_2024_03_22.txt latest.log
"Show the manual page for the ""grep"" command",man grep
"Compress the directory ""logs"" into a zip file ""logs.zip""",zip -r logs.zip logs
List all open network ports with the owning process name,ss -tulnp
"Show the first 5 lines of each file matching ""*.md"" in the current directory","for f in *.md; do echo ""--- $f ---""; head -n 5 ""$f""; done"
"Append the current date to the file ""history.log""",date >> history.log
"Set the variable ""COUNT"" to 42 and export it",export COUNT=42
"Run the script ""backup.sh"" with sudo and pass ""--full"" as an argument",sudo ./backup.sh --full
"Display the size of each subdirectory in the current directory, sorted by size",du -sh */ | sort -h
"Show the last modification time of ""config.yaml""",stat -c %y config.yaml
"Create a Bash function named ""greet"" that prints ""Hello, $1!""","greet() { echo ""Hello, $1!""; }"
List the 10 most memory‑intensive processes,ps aux --sort=-%mem | head -n 11
"Check if the file ""data.csv"" exists and print a message","if [ -f data.csv ]; then echo ""File exists""; else echo ""File missing""; fi"
Generate a random password of 12 characters using OpenSSL,openssl rand -base64 12
"Convert the line endings of ""windows.txt"" from CRLF to LF",sed -i 's/\r$//' windows.txt
"Schedule a job to run ""cleanup.sh"" every day at 2 AM using cron","(crontab -l 2>/dev/null; echo ""0 2 * * * /path/to/cleanup.sh"") | crontab -"
Show the current user and their groups,id
"Calculate the MD5 checksum of ""image.png""",md5sum image.png
"Display the top 5 lines of the output of ""dmesg"" that contain ""usb""",dmesg | grep usb | head -n 5
"Create a tarball ""src.tar.gz"" containing the ""src"" directory, preserving permissions",tar -czpvf src.tar.gz src
"List all files larger than 100 MB in ""/var""",find /var -type f -size +100M -exec ls -lh {} \;
"Show the difference between ""file1.txt"" and ""file2.txt"" using unified diff format",diff -u file1.txt file2.txt
"Download all images (jpg/png) from ""https://example.com/gallery"" using wget","wget -r -A jpg,png https://example.com/gallery"
"Create a Bash array named ""servers"" with three hostnames",servers=(server1.example.com server2.example.com server3.example.com)
Show the current shell's history size limit,echo $HISTSIZE
"Print the current PATH variable, one entry per line","printf ""%s\n"" ""$PATH"" | tr ':' '\n'"
Display the last 20 lines of the system journal (requires root),sudo journalctl -n 20
"Run the command ""make"" and capture both stdout and stderr to ""build.log""",make > build.log 2>&1
Display the first 5 lines of file.txt,head -n 5 file.txt
Count the number of lines in data.log,wc -l < data.log
Search for the word 'error' in syslog and ignore case,"grep -i ""error"" /var/log/syslog"
Show disk usage of the /home directory in human‑readable format,du -sh /home
Display the last 20 lines of a log file and follow new entries,tail -n 20 -f /var/log/nginx/access.log
Compress the directory backup/ into a gzip tarball named backup.tar.gz,tar -czf backup.tar.gz backup/
Extract backup.tar.gz into the current directory,tar -xzf backup.tar.gz
Print the 3rd column of data.csv assuming comma delimiter,"cut -d',' -f3 data.csv"
Sort the lines in unsorted.txt and remove duplicates,sort unsorted.txt | uniq > sorted_unique.txt
Create a symbolic link named latest.log pointing to logs/2023-09-15.log,ln -s logs/2023-09-15.log latest.log
Download a file from example.com/file.zip using wget and show progress,wget --progress=bar:force https://example.com/file.zip
Show the last modification time of file.txt,stat -c %y file.txt
Find all empty files in /tmp and delete them,find /tmp -type f -empty -delete
Show the difference between file1.txt and file2.txt side by side,sdiff -s file1.txt file2.txt
Convert all .png images in images/ to .jpg using mogrify,mogrify -format jpg images/*.png
Display the first 3 fields of /etc/passwd separated by commas,"cut -d':' -f1,5,7 /etc/passwd | tr ':' ','"
Show the total number of files in the current directory (non‑recursive),ls -1 | wc -l
Append the output of df -h to system_report.txt,df -h >> system_report.txt
Print the environment variables that contain the word 'PATH',env | grep PATH
Show the last commit message in the current git repository,git log -1 --pretty=%B
List all Docker containers (including stopped ones) in a table,"docker ps -a --format ""table {{.ID}}	{{.Image}}	{{.Status}}"""
Show the public IP address of this machine,curl -s https://api.ipify.org
Replace the first occurrence of 'foo' with 'bar' on each line of file.txt,"sed -i '0,/foo/s//bar/' file.txt"
Print the size of each file in the current directory in kilobytes,du -k * | sort -n
Run the command ls in a subshell and capture its output into a variable files,files=$(ls)
Display the SHA256 checksum of file.iso,sha256sum file.iso
"Search recursively for the string 'TODO' in all .py files, ignoring the .git directory","grep -R --exclude-dir=.git -n ""TODO"" *.py"
Show the first 5 lines of each .log file in logs/,"for f in logs/*.log; do echo ""=== $f ===""; head -n 5 ""$f""; done"
Convert a space‑separated file data.txt to a tab‑separated file data.tsv,tr ' ' '\t' < data.txt > data.tsv
Print the current time in HH:MM:SS format,"date +""%H:%M:%S"""
Delete all .tmp files older than 7 days in /var/tmp,"find /var/tmp -type f -name ""*.tmp"" -mtime +7 -delete"
Display the first 10 lines of a gzipped file logs.gz without decompressing it permanently,zcat logs.gz | head -n 10
Show the current terminal size (rows and columns),stty size
Print the total size of all .mp4 files in the Videos directory,du -ch Videos/*.mp4 | grep total
"Run a Python one‑liner that prints ""Hello World""","python3 -c ""print('Hello World')"""
"Show the number of lines, words, and characters in report.txt",wc report.txt
Create a compressed zip archive named project.zip containing the src/ directory,zip -r project.zip src/
Find the process ID of the program named nginx,pidof nginx
"Print the value of the PATH environment variable, each directory on a new line",echo $PATH | tr ':' '\n'
Replace all tabs with four spaces in script.sh,expand -t 4 script.sh > script_spaces.sh
Show the total number of bytes received and transmitted on interface eth0,cat /sys/class/net/eth0/statistics/rx_bytes && cat /sys/class/net/eth0/statistics/tx_bytes
"Count how many times the word ""error"" appears in the file ""system.log"" (case‑insensitive).","grep -i ""error"" system.log | wc -l"
Find all Python files in the current directory and its subdirectories.,"find . -type f -name ""*.py"""
"Replace every occurrence of ""foo"" with ""bar"" in the file ""config.txt"" and edit the file in place.",sed -i 's/foo/bar/g' config.txt
"Show the current disk usage of the ""/home"" partition in a human‑readable format.",df -h /home
"Create a compressed tar archive named ""backup.tar.gz"" containing the directory ""project"".",tar -czvf backup.tar.gz project
Show the last 20 lines of the system log and continuously follow new entries.,tail -n 20 -f /var/log/syslog
"Search recursively for the string ""TODO"" in all "".c"" files, showing line numbers.","grep -R ""TODO"" --include=""*.c"" -n ."
Print the current working directory.,pwd
"Create a new directory called ""logs"" and set its permissions to 750.",mkdir logs && chmod 750 logs
"Download the file from ""https://example.com/file.txt"" and save it as ""file.txt"".",curl -L -o file.txt https://example.com/file.txt
"Display the first field (username) from the ""/etc/passwd"" file for all users.",cut -d: -f1 /etc/passwd
Show the top 5 processes consuming the most memory.,ps aux --sort=-%mem | head -n 6
"Convert the file ""data.txt"" from DOS line endings to Unix line endings.",dos2unix data.txt
"Append the current timestamp to the file ""log.txt"".",date '+%Y-%m-%d %H:%M:%S' >> log.txt
List all listening TCP ports and the associated process names.,ss -tlnp
"Show the difference between the files ""old.cfg"" and ""new.cfg"" with line numbers.",diff -u -c old.cfg new.cfg
"Print the 5 most common words in the file ""book.txt"" (ignore case and punctuation).","tr -cs ""[:alnum:]"" '\n' < book.txt | tr '[:upper:]' '[:lower:]' | sort | uniq -c | sort -rn | head -n 5"
Show the IP address of the machine's primary network interface.,hostname -I | awk '{print $1}'
"Find files larger than 100 MB in the ""/var"" directory and list their sizes.","find /var -type f -size +100M -exec ls -lh {} \; | awk '{print $5, $9}'"
"Monitor the CPU usage every 2 seconds, displaying only the idle percentage.","mpstat 2 1 | awk '/Average/ {print 100-$12""% idle""}'"
"Replace the first occurrence of ""VERSION=1"" with ""VERSION=2"" in the file ""Makefile"" without creating a backup.","sed -i '0,/VERSION=1/s//VERSION=2/' Makefile"
"Print the environment variable ""PATH"" with each directory on a new line.",echo $PATH | tr ':' '\n'
"Create a 200 MB file filled with zeros named ""zero.bin"".",dd if=/dev/zero of=zero.bin bs=1M count=200
Set the system timezone to UTC using timedatectl.,sudo timedatectl set-timezone UTC
"Find all files named ""README.md"" and print their absolute paths.","find $(pwd) -type f -name ""README.md"""
"Show the last login time for user ""alice"".","lastlog -u alice | awk 'NR==2{print $4, $5, $6}'"
"Compress the file ""report.pdf"" using gzip, keeping the original file.",gzip -c report.pdf > report.pdf.gz
"Show a tree view of the directory ""src"" up to depth 2.",tree -L 2 src
"Change the owner of the directory ""data"" and all its contents to user ""bob"" and group ""staff"".",sudo chown -R bob:staff data
"Print the number of lines, words, and characters in the file ""essay.txt"".",wc essay.txt
List all open files belonging to the process with PID 1234.,lsof -p 1234
"Create a new user called ""devuser"" without a home directory and with the shell set to ""/bin/bash"".",sudo useradd -M -s /bin/bash devuser
"Display the last 5 entries of the system journal for the ""ssh"" service.",journalctl -u ssh -n 5
"Show the IPv4 address of the ""eth0"" interface using ip command.",ip -4 addr show dev eth0 | grep -oP '(?<=inet\s)\d+(\.\d+){3}'
"List the 10 most recently modified files in ""/var/log"".",ls -lt /var/log | head -n 11
"Create a Bash function named ""extract"" that extracts archives of various types (tar, zip, gz, bz2).","extract() { if [ -f ""$1"" ] ; then case ""$1"" in *.tar.bz2) tar xvjf ""$1"" ;; *.tar.gz) tar xvzf ""$1"" ;; *.tar.xz) tar xvJf ""$1"" ;; *.tar) tar xvf ""$1"" ;; *.gz) gunzip ""$1"" ;; *.bz2) bunzip2 ""$1"" ;; *.zip) unzip ""$1"" ;; *) echo ""cannot extract '$1'"" ;; esac else echo ""$1 is not a valid file""; fi }"
Show the current bash version.,echo $BASH_VERSION
"Display the size of the file ""video.mp4"" in megabytes with two decimal places.","stat --printf=""%s"" video.mp4 | awk '{printf ""%.2f MB\n"", $1/1024/1024}'"
Show the total number of CPU cores available.,nproc
"Create a Bash script that pings ""google.com"" every 5 seconds and logs the result to ""ping.log"".","#!/bin/bash
while true; do ping -c 1 google.com >> ping.log 2>&1; sleep 5; done"
Show a summary of the last 7 days of system load averages from the uptime command.,"uptime | awk -F'load average:' '{print $2}' | cut -d',' -f1-3 | xargs -I{} echo ""Load averages (last 1,5,15 min): {}"""
"Convert the JSON file ""data.json"" to a pretty‑printed format using jq.",jq '.' data.json
"Show the top 10 lines of the output of ""ps aux"" sorted by CPU usage.",ps aux --sort=-%cpu | head -n 11
"Create a new empty file called ""notes.txt"" only if it does not already exist.",[[ ! -e notes.txt ]] && touch notes.txt
Display the current swap usage in a human‑readable format.,"free -h | awk '/Swap/ {print $3"" used / ""$2"" total""}'"
"Find all files in ""/tmp"" that have not been accessed in the last 30 days and delete them.",find /tmp -type f -atime +30 -delete
Show the last 20 lines of syslog,tail -n 20 /var/log/syslog
Count the number of lines in file data.csv,wc -l < data.csv
"Search for the word 'ERROR' in logs.txt, ignoring case","grep -i ""ERROR"" logs.txt"
Replace all occurrences of 'foo' with 'bar' in file config.cfg (in-place),sed -i 's/foo/bar/g' config.cfg
Print the second column of file data.tsv separated by tabs,cut -f2 data.tsv
Create a compressed tar archive named backup.tar.gz of the directory /etc,tar -czf backup.tar.gz /etc
Download a file from https://example.com/file.txt and save it as file.txt,curl -o file.txt https://example.com/file.txt
Display the environment variable PATH,echo $PATH
Append the line 'export EDITOR=vim' to the end of ~/.bashrc,echo 'export EDITOR=vim' >> ~/.bashrc
Create a new directory named projects and move into it,mkdir projects && cd projects
List all listening TCP ports,ss -tln
Find all files larger than 100M in /var and delete them after confirmation,find /var -type f -size +100M -ok rm {} \;
Monitor real-time changes to the file access.log,tail -f access.log
Display the last commit hash in the current git repository,git rev-parse HEAD
Show a short summary of the most recent 5 git commits,git log -5 --oneline
List the top 10 most frequently used commands from your bash history,"history | awk '{CMD[$2]++} END {for (a in CMD)print CMD[a] "" "" a}' | sort -rn | head -n 10"
Check the HTTP status code of https://example.com,"curl -s -o /dev/null -w ""%{http_code}"" https://example.com"
Convert all .wav files in music/ to .mp3 using ffmpeg,"for f in music/*.wav; do ffmpeg -i ""$f"" ""${f%.wav}.mp3""; done"
Display the total number of CPU cores,nproc
Print the current memory usage in megabytes,"free -m | awk 'NR==2{printf ""Memory Used: %s MB\n"", $3}'"
Create a user named alice with a home directory and bash shell,sudo useradd -m -s /bin/bash alice
Change the password for user bob (prompt will appear),sudo passwd bob
Search for the package 'curl' in the apt cache,apt-cache search curl
Upgrade all installed packages on an Arch Linux system,sudo pacman -Syu
Display the last 5 lines of the journal for the ssh service,journalctl -u ssh -n 5
Show a progress bar while copying a large file using pv,pv largefile.iso > /dest/largefile.iso
Generate a random 16-character alphanumeric password,tr -dc A-Za-z0-9 </dev/urandom | head -c16
Print the current terminal size (rows and columns),stty size
Run the script deploy.sh in the background and redirect output to deploy.log,nohup ./deploy.sh > deploy.log 2>&1 &
Display a colorized diff between two files using colordiff,colordiff file1.txt file2.txt
"Show the size of each subdirectory in the current directory, sorted by size",du -sh */ | sort -h
Print the SHA256 checksum of file archive.zip,sha256sum archive.zip
Display the top 5 memory-consuming processes,ps aux --sort=-%mem | head -n 6
"Create a bash function named greet that prints 'Hello, $1!'","greet() { echo ""Hello, $1!""; }"
Check if port 8080 is listening on localhost,ss -tlnp | grep ':8080'
Encode the string 'Hello World' in base64,echo -n 'Hello World' | base64
Decode the base64 string SGVsbG8gV29ybGQ= back to plain text,echo 'SGVsbG8gV29ybGQ=' | base64 --decode
Create a zip archive named docs.zip containing all .docx files in the documents folder,zip docs.zip documents/*.docx
Stop and remove a Docker container with ID abc123def456,docker rm -f abc123def456
Show the amount of free space on the root filesystem in gigabytes,df -h / | awk 'NR==2{print $4}'
Print the current user's default shell,echo $SHELL
Run a one-liner Python script that prints 'Hello from Python',"python3 -c ""print('Hello from Python')"""
Create a new empty file named notes.txt,touch notes.txt
Remove the directory temp_dir and all its contents without prompting,rm -rf temp_dir
Change the permissions of script.sh to be executable by the owner,chmod u+x script.sh
"Search recursively for the string 'TODO' in all .js files, showing line numbers",grep -Rnl --include='*.js' 'TODO' .
Display the current locale settings,locale
"Print the current working directory's absolute path, even if a symlink",readlink -f .
Suspend the system immediately,systemctl suspend
Reboot the system now (requires sudo),sudo reboot
Show the current battery charge percentage,cat /sys/class/power_supply/BAT0/capacity
Add a new cron job to run /usr/local/bin/cleanup.sh daily at 3am,"(crontab -l ; echo ""0 3 * * * /usr/local/bin/cleanup.sh"") | crontab -"
Show the current git remote URLs,git remote -v
Create a branch named feature-x from the current HEAD,git checkout -b feature-x
"Merge the branch develop into the current branch, using a fast-forward if possible",git merge --ff-only develop
Show the last 3 commits affecting the file src/main.c,git log -3 -- src/main.c
Display the size of the file bigdata.bin in a human readable format,du -h bigdata.bin
Find and replace all occurrences of 'foo' with 'bar' in all .txt files in the current directory (in-place),sed -i 's/foo/bar/g' *.txt
List all network interfaces and their IP addresses,ip -brief address
Show the last 10 lines of the system journal,journalctl -n 10
Add all files to the staging area and commit with message 'Initial commit',git add . && git commit -m 'Initial commit'
Show the current time in the New York timezone,TZ='America/New_York' date
Search for the word 'failure' in syslog and show the preceding 2 lines of each match,grep -B2 'failure' /var/log/syslog
Create a 5‑second delay before executing the next command,sleep 5
Print the current user's home directory,echo $HOME
List the contents of a zip file archive.zip without extracting,unzip -l archive.zip
Extract a specific file config.yaml from archive.tar.gz to /tmp,tar -xzvf archive.tar.gz -C /tmp config.yaml
Show the current system uptime in a human readable format,uptime -p
Display the current process tree,pstree
Show the number of open file descriptors for the current shell,ulimit -n
Generate a UUID and print it,uuidgen
Display the first 5 entries of the /etc/passwd file,head -n 5 /etc/passwd
Search for the pattern '^ERROR' at the beginning of lines in error.log,grep '^ERROR' error.log
Show the current git status in short format,git status -s
Create a new empty directory named tmp and set its permissions to 700,mkdir tmp && chmod 700 tmp
List all files larger than 1G in /var/log,find /var/log -type f -size +1G
Show the current shell's process ID,echo $$
Display the contents of a file with line numbers,nl file.txt
Extract a gzipped file archive.gz to standard output,gzip -dc archive.gz
Show the current git diff for staged changes,git diff --staged
Create a new Python virtual environment in .venv,python3 -m venv .venv
Activate the Python virtual environment located at .venv,source .venv/bin/activate
List all active network connections with their processes,ss -tunap
"Display the size of each file in the current directory in human readable format, sorted by size descending",ls -lhS
Show the current user's default editor,echo $EDITOR
Print the first 3 fields of /etc/passwd separated by commas,"cut -d: -f1,2,3 /etc/passwd | tr ':' ','"
Create a file named data.txt with the text 'Sample data',echo 'Sample data' > data.txt
Append the current date and time to log.txt,date >> log.txt
Show the top 5 most used commands from bash history with their counts,"history | awk '{CMD[$2]++} END {for (c in CMD)print CMD[c], c}' | sort -rn | head -n 5"
Check the syntax of an nginx configuration file without reloading,nginx -t
Create a new tmux session named dev,tmux new -s dev
Show the current tmux session list,tmux ls
Show the current process tree with PIDs,pstree -p
Create a new file with random data of size 10MB,dd if=/dev/urandom of=random.bin bs=1M count=10
"Count how many times the word ""error"" appears in ""system.log"" (case‑insensitive).","grep -i ""error"" system.log | wc -l
# 42"
"Create a compressed tar archive named ""backup.tar.gz"" of the directory ""project"".",tar -czf backup.tar.gz project
Find all Python files larger than 100KB in the current directory and its subdirectories.,"find . -type f -name ""*.py"" -size +100k"
"Show the current disk usage of the ""/var"" directory in a human‑readable format.","du -sh /var
# 2.3G	/var"
Display the current date and time in ISO 8601 format.,"date --iso-8601=seconds
# 2026-03-23T12:34:56+00:00"
List the 5 most memory‑intensive processes sorted by RSS.,ps aux --sort=-%mem | head -n 6
"Download a file from ""https://example.com/file.zip"" and save it as ""file.zip"" using curl, showing a progress bar.",curl -O --progress-bar https://example.com/file.zip
"Extract the contents of ""archive.tar.bz2"" into the current directory.",tar -xjf archive.tar.bz2
"Show the difference between two files ""old.cfg"" and ""new.cfg"" with line numbers.",diff -u -c old.cfg new.cfg
"Create a new user called ""devuser"" with a home directory and add it to the ""sudo"" group.",sudo useradd -m -G sudo devuser
"Set an environment variable ""API_KEY"" to ""12345"" for the current session.",export API_KEY=12345
"Find all files that were modified in the last 24 hours in ""/etc"".",find /etc -type f -mtime -1
"Show the total number of lines across all "".c"" files in the ""src"" directory.","find src -name ""*.c"" -exec cat {} + | wc -l"
Print the IP addresses of all network interfaces.,ip -brief address
"Show the last 20 lines of ""/var/log/syslog"" and continuously follow new entries.",tail -n 20 -f /var/log/syslog
"Convert the file ""image.png"" to JPEG format with 85% quality using ImageMagick.",convert image.png -quality 85 image.jpg
"Display a tree view of the directory ""docs"" up to depth 2.",tree -L 2 docs
"Append the current timestamp to the file ""run.log"" each time the command is executed.",date '+%Y-%m-%d %H:%M:%S' >> run.log
Check whether port 8080 is listening on the local machine.,ss -ltn | grep ':8080'
List all running Docker containers with their names and statuses.,"docker ps --format ""{{.Names}}\t{{.Status}}"""
Show the total number of CPU cores available on the system.,"nproc
# 8"
"Calculate the MD5 checksum of the file ""installer.iso"".","md5sum installer.iso
# d41d8cd98f00b204e9800998ecf8427e  installer.iso"
"Display a progress bar while copying a large directory ""src"" to ""dest"" using rsync.",rsync -a --info=progress2 src/ dest/
"Find and delete all empty directories under ""/tmp"".",find /tmp -type d -empty -delete
"Create a Bash function named ""extract"" that extracts archives of various types based on extension.","extract() { if [ -f ""$1"" ] ; then case ""$1"" in *.tar.bz2) tar xjf ""$1"" ;; *.tar.gz) tar xzf ""$1"" ;; *.zip) unzip ""$1"" ;; *.rar) unrar x ""$1"" ;; *) echo ""Cannot extract $1"" ;; esac else echo ""$1 is not a valid file""; fi }"
"Print the 10 most frequently occurring words in the file ""book.txt"" (ignore case and punctuation).",tr -c '[:alnum:]' '\n' < book.txt | tr '[:upper:]' '[:lower:]' | sort | uniq -c | sort -nr | head -n 10
Monitor real‑time CPU usage per core with a one‑second interval.,mpstat -P ALL 1
"Create a new Git branch called ""feature/login"" and switch to it.",git checkout -b feature/login
Show the last commit message on the current Git branch.,git log -1 --pretty=%B
"Search recursively for the string ""TODO"" in all "".js"" files, showing file name and line number.","grep -RIn ""TODO"" --include='*.js' ."
"Create a 1 GB file filled with zeros named ""zero.bin"".",dd if=/dev/zero of=zero.bin bs=1M count=1024
"Show the difference between two branches ""dev"" and ""main"" in a Git repository, limited to file names only.",git diff --name-only dev main
Schedule a one‑time system shutdown at 23:30 today.,sudo shutdown -h 23:30
"Convert all "".wav"" audio files in ""music/"" to MP3 at 192k bitrate using ffmpeg.","for f in music/*.wav; do ffmpeg -i ""$f"" -b:a 192k ""${f%.wav}.mp3""; done"
"Display the first 5 columns of the output of ""ps aux"".","ps aux | awk '{print $1,$2,$3,$4,$5}'"
Create a temporary file safely and store its name in a variable called TEMPFILE.,TEMPFILE=$(mktemp)
"Print the number of lines, words, and characters in ""report.txt"".","wc report.txt
# 120  850 5432 report.txt"
Enable case‑insensitive globbing for the current Bash session.,shopt -s nocaseglob
"Display the contents of a compressed ""gzip"" file ""data.gz"" without extracting it.",zcat data.gz
"Create a new virtual environment named ""venv"" using Python 3 and activate it.",python3 -m venv venv && source venv/bin/activate
List all installed packages that have an available update using apt.,apt list --upgradable
Show the current working directory in a shortened form (replace $HOME with ~).,"pwd | sed ""s|$HOME|~|"""
"Find all lines in ""config.cfg"" that start with ""#"" (comments).",grep '^#' config.cfg
"Print a random joke from the ""dadjokes"" command line tool, if installed.",dadjokes
"Create a hard link called ""hardlink.txt"" pointing to ""original.txt"".",ln original.txt hardlink.txt
"Display a histogram of word lengths in ""essay.txt"" using awk.","awk '{ for(i=1;i<=NF;i++) { len=length($i); freq[len]++ } } END { for(l in freq) print l, freq[l] }' essay.txt"
Show the current system load averages.,"cat /proc/loadavg
# 0.12 0.08 0.05 2/145 12345"
"Compress multiple files ""a.txt"", ""b.txt"", and ""c.txt"" into a zip archive ""archive.zip"" without storing directory paths.",zip archive.zip a.txt b.txt c.txt
List all Docker images that are not currently used by any container (dangling).,docker images -f dangling=true
Print the last 5 commands you executed in the current shell session.,history | tail -n 5
"List all files in the current directory, sorted by size (largest first).",ls -S
Find all Python files recursively in the current directory and count them.,"find . -type f -name ""*.py"" | wc -l"
"Replace all occurrences of the word ""ERROR"" with ""WARN"" in a log file and save the result to a new file.",sed 's/ERROR/WARN/g' application.log > application_fixed.log
"Display the disk usage of each subdirectory in /home, sorted by size descending.",du -h --max-depth=1 /home | sort -hr
Download a file from example.com and show a progress bar.,curl -O --progress-bar https://example.com/file.tar.gz
"Extract a tar.gz archive to the /opt directory, preserving permissions.",tar -xzvf archive.tar.gz -C /opt
Show the current CPU usage as a percentage using vmstat.,"vmstat 1 2 | tail -1 | awk '{print 100 - $15 ""%""}'"
Create a new Git branch named 'feature/login' and switch to it.,git checkout -b feature/login
"Search for the string ""TODO"" in all .js files, showing line numbers.","grep -n ""TODO"" -R *.js"
"Compress a directory called 'logs' into a zip file named logs_backup.zip, excluding *.tmp files.","zip -r logs_backup.zip logs -x ""*.tmp"""
Show the last 5 commits on the current Git branch with one-line summaries.,git log -5 --oneline
Create a symbolic link named 'latest' pointing to the file 'release_v2.3.tar.gz'.,ln -s release_v2.3.tar.gz latest
Monitor file changes in /etc in real time.,inotifywait -m -r /etc
Convert a WAV audio file to MP3 with a bitrate of 192k using ffmpeg.,ffmpeg -i input.wav -b:a 192k output.mp3
"Append the output of the command ""uname -a"" to a log file called system_info.log.",uname -a >> system_info.log
Find all files larger than 100 MB in /var and delete them after confirmation.,find /var -type f -size +100M -ok rm {}
Show the total number of lines across all .c source files in the src directory.,"find src -name ""*.c"" -exec cat {} + | wc -l"
"Create a Bash array named ""servers"" containing three hostnames and loop over them to ping each once.","servers=(host1.example.com host2.example.com host3.example.com); for s in ""${servers[@]}""; do ping -c1 ""$s""; done"
Display the IP address of the eth0 interface using ip command.,ip -4 addr show dev eth0 | grep -oP '(?<=inet\s)\d+(\.\d+){3}'
"Show the difference between two files, ignoring whitespace changes.",diff -w file1.txt file2.txt
Recursively change permissions of all .sh files to be executable by the owner.,"find . -type f -name ""*.sh"" -exec chmod u+x {} +"
"Print a list of all installed packages that contain the word ""python"" on a Debian system.",dpkg -l | grep python
"Create a temporary file, write ""Hello World"" into it, and display its contents.","tmp=$(mktemp); echo ""Hello World"" > ""$tmp""; cat ""$tmp""; rm ""$tmp"""
"Replace the first occurrence of ""foo"" with ""bar"" on each line of input.txt and save the result back to the same file.","sed -i '0,/foo/s//bar/' input.txt"
Display the size of the /home directory in human‑readable form.,du -sh /home
Find all symbolic links in /usr/bin that point to a missing target.,find /usr/bin -xtype l
Show the top 10 lines of a gzipped log file without decompressing it to disk.,zcat /var/log/app.log.gz | head -n 10
"Create a new user called ""devuser"" with a home directory at /home/devuser and add them to the sudo group.",useradd -m -d /home/devuser -G sudo devuser
List all Docker containers (running and stopped) with their names and statuses.,"docker ps -a --format ""{{.Names}}\t{{.Status}}"""
Display the kernel version and the architecture of the system.,uname -r && uname -m
Copy all .conf files from /etc/nginx to /backup/nginx preserving directory structure.,rsync -av --include='*/' --include='*.conf' --exclude='*' /etc/nginx/ /backup/nginx/
Show the number of CPU cores available on the system.,nproc
Create a compressed archive of the directory /var/www named www_backup.tar.bz2 using bzip2 compression.,tar -cjf www_backup.tar.bz2 /var/www
"Print the last modification date of each file in the current directory, sorted newest first.",ls -lt --time-style=long-iso
"Display a tree view of the current directory up to depth 2, showing only directories.",find . -maxdepth 2 -type d | sed -e 's/[^-][^\/]*\//|   /g' -e 's/|   \([^|]*\)/|--- \1/'
"Monitor the memory usage of a process with PID 1234 in real time, updating every second.","watch -n1 ""ps -p 1234 -o %mem,rss,vsize"""
"Search for the pattern ""^def "" in all .py files and display the filename and line number.","grep -n ""^def "" -R *.py"
"Create a Bash function called ""extract"" that extracts archives based on their extension (tar, tar.gz, zip).","extract(){ if [[ $1 = *.tar.gz ]]; then tar -xzf ""$1""; elif [[ $1 = *.tar ]]; then tar -xf ""$1""; elif [[ $1 = *.zip ]]; then unzip ""$1""; else echo ""Unsupported format""; fi }"
Show the total number of running processes for each user.,ps -eo user= | sort | uniq -c | sort -nr
Display the IPv4 routing table.,ip route show
"Find all lines containing the word ""failed"" in syslog, ignoring case, and display the last 20 matches.","grep -i ""failed"" /var/log/syslog | tail -n 20"
Set the system time to 2025‑12‑31 23:59:00 (requires root).,"sudo date -s ""2025-12-31 23:59:00"""
"Show the size of each file in the current directory in bytes, sorted smallest to largest.","stat -c ""%s %n"" * | sort -n"
"Create a named pipe called mypipe and read from it in the background, printing any data received.",mkfifo mypipe; cat mypipe &
"List all open files belonging to the process named ""nginx"".",lsof -c nginx
Show the number of lines added and deleted in the last commit of the current Git repository.,git show --stat HEAD
"Compress the output of the command ""du -sh *"" using gzip and write it to du_report.gz.",du -sh * | gzip > du_report.gz
"Create a new screen session named ""dev"" and attach to it.",screen -S dev -dm && screen -r dev
"Print the usernames of all users currently logged in, without duplicates.",who | awk '{print $1}' | sort -u
"List the top 5 directories consuming the most disk space under /var, sorted descending.",du -h --max-depth=1 /var | sort -hr | head -n 5
"Set an environment variable MY_VAR to ""test"" for the duration of a single command ""./run.sh"".",MY_VAR=test ./run.sh
Show the current SELinux mode.,getenforce
"Display the contents of the last 50 lines of the Apache access log, filtering out requests for images (jpg, png, gif).","tail -n 50 /var/log/apache2/access.log | grep -vE ""\.(jpg|png|gif)"""
"Check if a given port (e.g., 8080) is open on localhost using netcat.",nc -zv localhost 8080
Create a cron job that runs a Python script every hour at minute 15 and logs output to /var/log/pyjob.log.,"(crontab -l ; echo ""15 * * * * /usr/bin/python3 /path/to/script.py >> /var/log/pyjob.log 2>&1"") | crontab -"
Display detailed information for files,ls -l
Show the first 10 lines of a file named log.txt,head -n 10 log.txt
"Count the number of lines, words, and characters in report.txt",wc report.txt
Search for the string 'TODO' in all .c files,"grep -R ""TODO"" *.c"
Print the 3rd column of a CSV file data.csv,"cut -d',' -f3 data.csv"
Sort the lines of file names.txt alphabetically,sort names.txt
Remove duplicate lines from list.txt and save to uniq.txt,sort list.txt | uniq > uniq.txt
Create a compressed tar archive of the folder src,tar -czvf src.tar.gz src/
Extract the archive backup.tar.bz2 into /tmp,tar -xjvf backup.tar.bz2 -C /tmp
Show the current disk usage of /home in human readable format,du -sh /home
Show the top 5 processes consuming the most memory,ps aux --sort=-%mem | head -n 6
Download a file with progress bar and follow redirects,wget --progress=bar:force https://example.com/file.zip
Check if port 22 is open on remote host example.com,nc -zv example.com 22
Create a new user called alice with a home directory,sudo useradd -m alice
Add alice to the sudo group,sudo usermod -aG sudo alice
Change the permissions of script.sh to be executable by everyone,chmod a+x script.sh
Recursively change ownership of /var/www to user www-data and group www-data,sudo chown -R www-data:www-data /var/www
"Append the line 'alias ll=""ls -la""' to ~/.bashrc","echo 'alias ll=""ls -la""' >> ~/.bashrc"
Show the last 20 entries of the syslog,tail -n 20 /var/log/syslog
Count how many times the word 'error' appears in logfile.log (case‑insensitive),"grep -oi ""error"" logfile.log | wc -l"
Compress a directory logs/ into a zip file logs.zip,zip -r logs.zip logs/
Extract logs.zip into the current directory,unzip logs.zip
Schedule a command to run at 2 am tomorrow: backup.sh,"echo ""0 2 * * * /path/to/backup.sh"" | crontab -"
List all scheduled cron jobs for the current user,crontab -l
Create a temporary file and store its name in a variable TEMP,TEMP=$(mktemp)
Read the contents of file data.txt into an array named lines,mapfile -t lines < data.txt
Loop over all .log files and gzip them,"for f in *.log; do gzip ""$f""; done"
Display the SHA256 checksum of file iso.iso,sha256sum iso.iso
Convert a PDF to text using pdftotext,pdftotext document.pdf document.txt
Show the difference between two files old.cfg and new.cfg,diff -u old.cfg new.cfg
Print the current working directory,pwd
Change to the parent directory,cd ..
"Create a directory hierarchy src/{app,tests,docs} in one command","mkdir -p src/{app,tests,docs}"
Run a command with a timeout of 30 seconds: long_running.sh,timeout 30s ./long_running.sh
Display the last 5 commits in a git repository (on current branch),git log -5 --oneline
Show the differences between the working tree and the last commit for file src/main.c,git diff src/main.c
Clone a remote Git repository https://github.com/user/repo.git into folder repo,git clone https://github.com/user/repo.git repo
Run a Python one‑liner that prints the square of numbers 1‑5,"python3 -c ""print([i*i for i in range(1,6)])"""
Measure the execution time of the command ls -R /etc,time ls -R /etc
"Show the first 10 lines of a file named ""report.log"".",head -n 10 report.log
"Count how many times the word ""error"" appears in the system log file.","grep -o ""error"" /var/log/syslog | wc -l"
Find all Python files modified in the last 7 days under the ~/projects directory.,"find ~/projects -name ""*.py"" -type f -mtime -7"
Create a compressed tar archive named backup.tar.gz containing the /etc directory.,tar -czvf backup.tar.gz /etc
"Display the disk usage of each subdirectory in the current directory, sorted by size.",du -h --max-depth=1 | sort -hr
"Search recursively for the string ""TODO"" in all .c files and display line numbers.","grep -R -n ""TODO"" *.c"
"Download a file from example.com and save it as data.zip, showing a progress bar.",curl -O --progress-bar http://example.com/data.zip
"Extract the contents of archive.tar.bz2 into the ./extracted directory, creating it if necessary.",mkdir -p extracted && tar -xjvf archive.tar.bz2 -C extracted
Show the current network interfaces and their IP addresses.,ip -brief address
Monitor real-time changes to the syslog file.,tail -f /var/log/syslog
List the 5 largest files in the home directory tree.,find ~ -type f -exec du -h {} + | sort -hr | head -n 5
Schedule a cron job that runs /usr/local/bin/backup.sh every day at 2am.,"(crontab -l ; echo ""0 2 * * * /usr/local/bin/backup.sh"") | crontab -"
"Show the last 20 lines of the Apache access log, but only the IP addresses.",tail -n 20 /var/log/apache2/access.log | awk '{print $1}'
"Convert a PDF file named document.pdf to a series of PNG images, one per page.",convert -density 300 document.pdf page_%03d.png
Generate a random 16-character alphanumeric password and copy it to the clipboard (Linux with xclip).,"tr -dc A-Za-z0-9 </dev/urandom | head -c16 | xclip -selection clipboard && echo ""Password copied to clipboard"""
"Find and kill all processes named ""node"".",pkill node
"Display the differences between two files, file1.txt and file2.txt, ignoring whitespace changes.",diff -w file1.txt file2.txt
Create a symbolic link named latest.log that points to /var/log/app/2023-03-01.log.,ln -s /var/log/app/2023-03-01.log latest.log
Show a histogram of the distribution of file sizes (in KB) in the current directory.,du -k * | awk '{print $1}' | sort -n | uniq -c
Print the username of the currently logged-in user.,whoami
Append the current timestamp to a log file named activity.log each time the script runs.,"echo ""$(date '+%Y-%m-%d %H:%M:%S')"" >> activity.log"
List all listening TCP ports and the processes using them.,ss -tlnp
"Display the first 5 columns of a CSV file named data.csv, using a comma as the delimiter.","cut -d',' -f1-5 data.csv"
"Run a command on a remote server via SSH, executing ""uptime"" on host example.org as user admin.","ssh admin@example.org ""uptime"""
"Create a bash function called ""mkcd"" that makes a directory and then changes into it.","mkcd() { mkdir -p ""$1"" && cd ""$1""; }"
Find duplicate files (by content) in the ~/downloads directory and list them.,fdupes -r ~/downloads
Display the top 10 most frequently used commands from your bash history.,"history | awk '{CMD[$2]++} END {for (c in CMD) print CMD[c] "" "" c}' | sort -rn | head -n10"
"Convert a string ""Hello World"" to uppercase using bash builtins.","echo ""Hello World"" | tr '[:lower:]' '[:upper:]'"
"Show the size of the /var directory in a human‑readable format, without descending into subdirectories.",du -sh /var
Create a 1‑GB file filled with zeros named bigfile.bin.,dd if=/dev/zero of=bigfile.bin bs=1M count=1024
"Search for the phrase ""Failed password"" in auth.log and count occurrences per day.","grep ""Failed password"" /var/log/auth.log | awk '{print $1"" ""$2"" ""$3}' | sort | uniq -c"
List all git branches that have been merged into the current branch.,git branch --merged
Show the last modification time of a file named config.yaml.,stat -c %y config.yaml
"Extract only the ""README.md"" file from archive.tar.gz without extracting the rest.",tar -xzvf archive.tar.gz README.md
"Print the number of lines, words, and characters in all .txt files in the current directory.",wc *.txt
Generate a SHA‑256 checksum for the file image.png and save it to image.sha256.,sha256sum image.png > image.sha256
Create a temporary directory and automatically delete it after the script finishes.,"TMPDIR=$(mktemp -d) && trap ""rm -rf $TMPDIR"" EXIT"
"List all environment variables that contain the word ""PATH"".",env | grep PATH
"Display the first 3 columns of a space‑delimited file data.txt, using awk.","awk '{print $1, $2, $3}' data.txt"
"Replace the first occurrence of ""foo"" with ""bar"" on each line of file.txt, leaving the rest unchanged.",sed -i 's/foo/bar/' file.txt
Print the current working directory in short form (using ~ for home).,"pwd -P | sed ""s|$HOME|~|"""
"Combine the contents of all .log files in logs/ into a single file combined.log, adding a filename header before each file's content.","for f in logs/*.log; do echo ""--- $f ---"" >> combined.log; cat ""$f"" >> combined.log; done"
"Convert a Unix timestamp (e.g., 1679788800) to a human‑readable date.",date -d @1679788800
Create a cron entry that runs a script every Monday at 9:30 am and redirects both stdout and stderr to /var/log/weekly.log.,"(crontab -l ; echo ""30 9 * * 1 /path/to/script.sh >> /var/log/weekly.log 2>&1"") | crontab -"
List the most recent 10 git commits with their one‑line messages.,git log --oneline -n 10
Find all files larger than 100 MB in /var and list their sizes in a human‑readable format.,"find /var -type f -size +100M -exec ls -lh {} + | awk '{print $5, $9}'"
Display the current bash history count (number of commands stored).,echo $HISTSIZE
"Compress a directory named project/ into a zip file named project.zip, preserving the directory structure.",zip -r project.zip project/
Show the IP address of the default gateway.,ip route | grep default | awk '{print $3}'
"Create a file named ""hello.txt"" containing the text ""Hello, World!"" using a single command.","echo ""Hello, World!"" > hello.txt"
List all files in the current directory that have the executable bit set for the user.,"find . -maxdepth 1 -type f -perm -u=x -printf ""%f\n"""
"Search for the pattern ""^ERROR"" in log.txt and display the matching lines with line numbers.","grep -n ""^ERROR"" log.txt"
"Show the size of each subdirectory in /var/log, sorted from smallest to largest, in kilobytes.",du -k --max-depth=1 /var/log | sort -n
"Create a bash script that prints ""Hello"" every 2 seconds, three times, then exits.","#!/bin/bash
for i in {1..3}; do echo ""Hello""; sleep 2; done"
Find all symbolic links in /usr/bin that point to non‑existent files.,find /usr/bin -type l ! -exec test -e {} \; -print
Replace tabs with four spaces in file.txt using expand.,expand -t 4 file.txt > file_spaces.txt
"Display the first 5 lines of the output of the command ""ps aux"".",ps aux | head -n 5
"Create a directory structure src/{app,tests,docs} in one command.","mkdir -p src/{app,tests,docs}"
"Print the number of files in the current directory, excluding hidden files.",ls -1 | wc -l
"Show the current date in the format ""Day, DD Month YYYY"" (e.g., ""Tue, 23 Mar 2026"").","date ""+%a, %d %b %Y"""
Find all lines in data.csv that contain a missing value (empty field) in the third column.,"awk -F',' '($3 == """")' data.csv"
List the most recent 3 git branches you have checked out (by reflog).,"git reflog | grep ""checkout: moving"" | head -n 3 | awk '{print $NF}'"
"Create a password‑protected zip archive named secret.zip containing secret.txt with password ""s3cr3t"".","zip -e secret.zip secret.txt <<EOF
s3cr3t
s3cr3t
EOF"
Display the last 10 entries of the system journal for the ssh service.,journalctl -u ssh -n 10
Calculate the MD5 checksum of all .iso files in the current directory and save the results to checksums.md5.,md5sum *.iso > checksums.md5
"Show a live, updating view of CPU and memory usage similar to top, but with a simpler interface.",htop
"Find all files named ""config.yaml"" under /etc and replace the string ""debug: false"" with ""debug: true"" in each file.","find /etc -type f -name ""config.yaml"" -exec sed -i 's/debug: false/debug: true/g' {} +"
"List the last 5 git commits that modified the file src/main.c, showing only the commit hash and author email.","git log -n 5 --pretty=format:""%h %ae"" -- src/main.c"
"Create a temporary file, write ""temporary data"" into it, display its path, and ensure it is deleted when the shell exits.","TMPFILE=$(mktemp) && echo ""temporary data"" > $TMPFILE && echo ""Temp file: $TMPFILE"" && trap ""rm -f $TMPFILE"" EXIT"
"Find all .log files larger than 50 MB and compress them with gzip, keeping the original timestamps.","find . -type f -name ""*.log"" -size +50M -exec gzip -k {} \;"
"Print the number of lines in a file, but only if the count is greater than 1000; otherwise print ""File too small"".","lines=$(wc -l < bigfile.txt); if [ $lines -gt 1000 ]; then echo $lines; else echo ""File too small""; fi"
"Display the top 5 most common words in a text file named article.txt, ignoring case and punctuation.",tr -d '[:punct:]' < article.txt | tr '[:space:]' '\n' | tr '[:upper:]' '[:lower:]' | sort | uniq -c | sort -nr | head -n 5
Create a symbolic link to the current script inside /usr/local/bin with the same name as the script.,"ln -s ""$(realpath $0)"" ""/usr/local/bin/$(basename $0)"""
Show the current bash shell's options (set -o).,shopt
"Find all processes using more than 100 MB of resident memory and list their PID, command, and memory usage.","ps aux --sort=-%mem | awk 'NR>1 && $6>102400 {print $2, $11, $6}'"
"Copy a directory tree src/ to dest/, preserving symbolic links, permissions, and timestamps.",rsync -a src/ dest/
Display the current user's groups as a space‑separated list.,id -Gn
Generate a UUID and store it in a variable called UUID.,UUID=$(cat /proc/sys/kernel/random/uuid) && echo $UUID
"Show the last 5 lines of each .log file in the logs/ directory, prefixed by the filename.","for f in logs/*.log; do echo ""--- $f ---""; tail -n 5 ""$f""; done"
Create a new git branch called feature/login from the current HEAD and switch to it.,git checkout -b feature/login
Show hidden files in the current directory.,ls -a
"Display the last 20 lines of a log file called ""app.log"".",tail -n 20 app.log
"Count the number of lines, words, and characters in ""data.csv"".",wc -lwc data.csv
"Find all files with the extension "".conf"" under ""/etc"" recursively.","find /etc -type f -name ""*.conf"""
"Search for the string ""ERROR"" in all "".log"" files in the current directory.","grep -i ""ERROR"" *.log"
"Search for the word ""TODO"" in all source files, ignoring case, and show line numbers.","grep -Rin ""TODO"" *.c *.h *.cpp"
"Show the disk usage of the ""/var"" directory in human‑readable format.",du -sh /var
"Show the total size of each subdirectory in the current directory, sorted by size.",du -sh * | sort -h
"Create a new directory called ""backup_2023"" inside the home directory.",mkdir -p ~/backup_2023
"Copy the file ""config.yaml"" to the directory ""/etc/myapp/"" preserving attributes.",cp -p config.yaml /etc/myapp/
"Move all "".tmp"" files from the current directory to ""/tmp"" and delete empty source directories.",mv *.tmp /tmp && find . -type d -empty -delete
"Delete all files ending with ""~"" in the home directory recursively.","find ~ -type f -name ""*~"" -delete"
"Compress the directory ""project"" into a gzipped tarball named ""project.tar.gz"".",tar -czvf project.tar.gz project/
"Extract the archive ""archive.zip"" into the current directory, overwriting existing files.",unzip -o archive.zip
Show the 5 most memory‑intensive processes.,ps aux --sort=-%mem | head -n 6
"Display a real‑time view of system load, memory, and CPU usage.",top
"Monitor network traffic on interface ""eth0"" with a 2‑second interval.",watch -n 2 ifconfig eth0
"Show the last 100 lines of ""syslog"" and keep updating as new lines are added.",tail -n 100 -f /var/log/syslog
"Replace all occurrences of ""localhost"" with ""127.0.0.1"" in ""hosts.txt"" and edit the file in place.",sed -i 's/localhost/127.0.0.1/g' hosts.txt
"Append the current date and time to a log file ""run.log"".",date >> run.log
List the 10 largest files in the current directory and its subdirectories.,find . -type f -exec du -h {} + | sort -rh | head -n 10
Show the IP address(es) assigned to the machine.,hostname -I
Display the current date and time in ISO‑8601 format.,date --iso-8601=seconds
"Schedule a command to run at 02:30 AM tomorrow: ""/usr/local/bin/backup.sh"".","echo ""/usr/local/bin/backup.sh"" | at 02:30 tomorrow"
"Convert the file ""image.png"" to a JPEG image named ""image.jpg"" using ImageMagick.",convert image.png image.jpg
"Download a file from ""https://example.com/file.tar.gz"" and save it as ""file.tar.gz"".",curl -L -o file.tar.gz https://example.com/file.tar.gz
Show a tree view of the directory structure up to depth 2 for the current directory.,tree -L 2
"Find all processes owned by user ""alice"" and kill them gracefully.",pkill -u alice
"Display the differences between two files ""old.cfg"" and ""new.cfg"" with line numbers.",diff -u -c old.cfg new.cfg
"Create a new empty file called ""notes.txt"" if it does not already exist.",touch notes.txt
"Set the permission of ""script.sh"" to be executable by the owner only.",chmod 700 script.sh
"Show the size of the file ""large.iso"" in a human‑readable format.",ls -lh large.iso | awk '{print $5}'
"Extract the first 5 columns from the CSV file ""data.csv"" and save to ""subset.csv"".","cut -d',' -f1-5 data.csv > subset.csv"
"Sort the lines of ""unsorted.txt"" alphabetically and overwrite the original file.",sort unsorted.txt -o unsorted.txt
Display the current user's username and groups.,id
"Show the last login time for user ""bob"".",lastlog -u bob
"Create a compressed zip archive of the directory ""docs"" named ""docs.zip"" without storing directory paths.",zip -rj docs.zip docs/
Generate a random 16‑character alphanumeric password and store it in the variable PASSWORD.,PASSWORD=$(tr -dc A-Za-z0-9 </dev/urandom | head -c16)
"Print the contents of the variable ""PATH"" with each entry on a new line.",echo $PATH | tr ':' '\n'
"Check if the command ""git"" is available on the system and print a friendly message.","command -v git >/dev/null && echo ""git is installed"" || echo ""git is not installed"""
"Append the output of ""df -h"" to a log file ""disk_usage.log"" with a timestamp prefix.","echo ""$(date):"" >> disk_usage.log && df -h >> disk_usage.log"
"Create a user called ""devuser"" with a home directory and default shell ""/bin/bash"".",sudo useradd -m -s /bin/bash devuser
Display the kernel version of the running system.,uname -r
"Show the number of lines in each "".log"" file in the current directory.",wc -l *.log
"Find all files larger than 100 MB in ""/var"" and list their paths.",find /var -type f -size +100M
Display the first 5 entries of the system journal.,journalctl -n 5
"Set the system time to ""2025-01-01 12:00:00"" (requires root).","sudo date -s ""2025-01-01 12:00:00"""
Print the current shell's version information.,echo $BASH_VERSION
"Create a Bash function named ""extract"" that extracts archives based on their extension (tar, gz, zip).","extract() { if [[ $1 == *.tar.gz ]]; then tar -xzf ""$1""; elif [[ $1 == *.zip ]]; then unzip ""$1""; else echo ""Unsupported format""; fi }"
"Run a command ""make"" and log both its stdout and stderr to ""build.log"" while also displaying them on screen.",make 2>&1 | tee build.log
"Show a summary of CPU usage per core using the ""mpstat"" command.",mpstat -P ALL 1 1
"Find and replace the string ""foo"" with ""bar"" in all "".md"" files recursively, creating backup files with the "".bak"" extension.","find . -type f -name ""*.md"" -exec sed -i.bak 's/foo/bar/g' {} +"
"Show the difference between the current branch and ""origin/main"" in a Git repository.",git diff origin/main
"Generate a SHA‑256 checksum for the file ""download.iso"" and save it to ""download.iso.sha256"".",sha256sum download.iso > download.iso.sha256
"List all files, including hidden ones, in long format.",ls -la
Display the first 10 lines of /etc/passwd.,head /etc/passwd
Show the last 5 lines of the syslog file.,tail -n 5 /var/log/syslog
Count the number of files in the current directory (excluding hidden files).,ls -1 | wc -l
Find all .txt files in the Documents folder.,"find ~/Documents -type f -name ""*.txt"""
"Search for the word ""ERROR"" in all log files recursively.","grep -R ""ERROR"" /var/log/*.log"
Display disk usage of the /home directory in human‑readable form.,du -sh /home
Create a compressed tar archive of the /opt/data directory.,tar -czvf data.tar.gz /opt/data
Extract the archive backup.tar.bz2 into the current directory.,tar -xjvf backup.tar.bz2
Show the running processes owned by the current user.,ps -u $USER
Kill the process with PID 1234.,kill 1234
Show the amount of free and used memory.,free -h
Download a file from example.com to /tmp using curl.,curl -o /tmp/example.html https://example.com
Download a file using wget and show progress bar.,wget --progress=bar https://example.com/file.zip
"Replace all occurrences of ""foo"" with ""bar"" in file.txt and save to file2.txt.",sed 's/foo/bar/g' file.txt > file2.txt
Print the 3rd column of data.csv assuming comma delimiter.,"cut -d',' -f3 data.csv"
Sort the contents of unsorted.txt alphabetically and remove duplicates.,sort -u unsorted.txt > sorted_unique.txt
Show the first 5 lines of each .log file in /var/log.,head -n 5 /var/log/*.log
Find all files larger than 100 MB in /var and list their sizes.,find /var -type f -size +100M -exec ls -lh {} \;
"Count how many times the word ""failed"" appears in syslog.","grep -o ""failed"" /var/log/syslog | wc -l"
Show the last login information for all users.,last -a
"List the 10 largest files in /home, sorted descending.",find /home -type f -exec du -h {} + | sort -rh | head -n 10
Monitor real‑time changes to the syslog file.,tail -F /var/log/syslog
Compress all .log files in /var/log into a single gzip archive.,tar -czf logs.tar.gz /var/log/*.log
Convert a space‑separated file to tab‑separated using awk.,"awk '{OFS=""\t""; $1=$1}1' input.txt > output.tsv"
List all open network ports with the owning process name.,ss -tulnp
"Create a new user called ""devuser"" with a home directory.",sudo useradd -m devuser
"Change the password for user ""devuser"" interactively.",sudo passwd devuser
Schedule a job to run backup.sh at 2 am every day using cron syntax.,0 2 * * * /usr/local/bin/backup.sh
Display the first 100 bytes of binary file image.bin in hexadecimal.,hexdump -C -n 100 image.bin
Show the current shell's command history limited to the last 20 entries.,history | tail -n 20
Print the size of each subdirectory in /var/www in human readable form.,du -h --max-depth=1 /var/www
"Find all Python files that contain the string ""def main"" and print their filenames.","grep -rl ""def main"" --include='*.py' ."
"Replace the first occurrence of ""foo"" with ""bar"" on each line of file.txt in place.","sed -i '0,/foo/s//bar/' file.txt"
"Count the number of lines, words, and characters in report.txt.",wc report.txt
Show the PID and command name of the process using the most CPU.,"ps -eo pid,comm,%cpu --sort=-%cpu | head -n 2 | tail -n 1"
Display the current keyboard layout.,setxkbmap -query | grep layout
Show the current SELinux status.,getenforce
Print the names of all Docker containers that are currently running.,"docker ps --format ""{{.Names}}"""
Show the total size of all Docker images on the system.,"docker images --format ""{{.Size}}"" | paste -sd+ - | bc"
Copy the contents of file1.txt to file2.txt only if file1.txt is newer.,cp -u file1.txt file2.txt
Append the current date and time to logfile.txt.,date >> logfile.txt
List all git branches and highlight the current one.,git branch --color=always
Show the last commit message on the current git branch.,git log -1 --pretty=%B
Find all .log files larger than 5 MB in /var/log and delete them after confirming each file.,"find /var/log -type f -name ""*.log"" -size +5M -exec rm -i {} \;"
"Create a Bash function called ""extract"" that extracts archives of various formats based on file extension.","extract() { if [ -f ""$1"" ] ; then case ""$1"" in *.tar.bz2) tar xvjf ""$1"" ;; *.tar.gz) tar xvzf ""$1"" ;; *.zip) unzip ""$1"" ;; *.rar) unrar x ""$1"" ;; *.7z) 7z x ""$1"" ;; *) echo ""Cannot extract '$1'"" ;; esac else echo ""File '$1' does not exist""; fi }"
Display the last 20 lines of system.log and follow new entries in real time,tail -n 20 -f /var/log/system.log
Find all Python files that contain the word 'TODO' (case‑insensitive),"grep -iR ""TODO"" *.py"
Count how many times the word 'error' appears in the file /var/log/syslog,"grep -o ""error"" /var/log/syslog | wc -l"
Create a compressed tarball named backup.tar.gz of the directory /home/user/data,tar -czvf backup.tar.gz /home/user/data
"Show the disk usage of each subdirectory in /var/www, sorted by size",du -sh /var/www/* | sort -h
Search for the string 'Failed password' in auth.log and display the line numbers,"grep -n ""Failed password"" /var/log/auth.log"
Show the first field (username) from each line of /etc/passwd,cut -d: -f1 /etc/passwd
Sort the file numbers.txt numerically and remove duplicate lines,sort -nu numbers.txt
Print the 5 most memory‑intensive processes,ps aux --sort=-%mem | head -n 5
Show a tree view of the directory structure under src/ up to depth 2,find src/ -maxdepth 2 -type d | sed 's|[^/]*/|│   |g'
Download the file https://example.com/file.zip and save it as file.zip,curl -L -o file.zip https://example.com/file.zip
Upload local file data.csv to the remote server via SCP (user@host:/tmp),scp data.csv user@host:/tmp/
Show the last commit message on the current Git branch,git log -1 --pretty=%B
Convert the image picture.png to a JPEG with 80% quality,convert picture.png -quality 80 picture.jpg
Append the current timestamp to the file timestamps.log,date '+%Y-%m-%d %H:%M:%S' >> timestamps.log
"Print the number of lines, words, and characters in the file report.txt",wc report.txt
Show the environment variables that contain the word 'PATH',env | grep PATH
Display the first 5 columns of a CSV file data.csv using comma as delimiter,"cut -d, -f1-5 data.csv"
Run a Python one‑liner that prints the square of numbers 1 through 5,"python3 -c ""print([i*i for i in range(1,6)])"""
Monitor CPU usage every 2 seconds and display it in a compact format,"top -b -d 2 -n 1 | grep ""Cpu(s)"""
List all files larger than 100 MB in /var/lib,find /var/lib -type f -size +100M -exec ls -lh {} \;
Schedule a cron job that runs /usr/local/bin/backup.sh every day at 2 am,"(crontab -l ; echo ""0 2 * * * /usr/local/bin/backup.sh"") | crontab -"
Show the total size of all .log files in /var/log,du -ch /var/log/*.log | grep total$
Print the 3rd column of each line from the output of ls -l using awk,ls -l | awk '{print $3}'
Create a Docker container named webapp from image nginx:latest and map host port 8080 to container port 80,docker run -d --name webapp -p 8080:80 nginx:latest
List all Docker images sorted by creation date (newest first),"docker images --format ""{{.Repository}}:{{.Tag}} {{.CreatedAt}}"" | sort -r"
Compress the directory logs/ into logs.zip without preserving the directory structure,zip -j logs.zip logs/*
Find the process ID (PID) of the program named myservice,pidof myservice
Kill all processes owned by user alice,pkill -u alice
"Show the differences between file1.txt and file2.txt, ignoring whitespace changes",diff -w file1.txt file2.txt
Generate a SHA‑256 checksum for the file archive.tar.gz,sha256sum archive.tar.gz
Display the last commit hash on the current Git branch,git rev-parse HEAD
"Create a Bash function named greet that prints ""Hello, $1!"" and call it with argument World","greet(){ echo ""Hello, $1!""; }; greet World"
"Run a background job that sleeps for 60 seconds and writes ""Done"" to done.txt when finished",(sleep 60; echo Done > done.txt) &
List the 10 most recent files (by modification time) in /var/log,ls -lt /var/log | head -n 10
Show the manual page for the grep command,man grep
Display a tree of the current directory limited to 3 levels using the tree command (if installed),tree -L 3
Check if port 3306 is open on localhost using netcat,nc -zv 127.0.0.1 3306
"Convert a string ""2023-12-31"" to Unix timestamp using date","date -d ""2023-12-31"" +%s"
Append the contents of file2.txt to file1.txt only if file2.txt is not empty,[ -s file2.txt ] && cat file2.txt >> file1.txt
List all users currently logged in with their login times,who
Display the top 5 lines of a CSV file sorted by the 2nd column numerically,"sort -t, -k2,2n data.csv | head -n 5"
Create a temporary file and store its path in a variable TMPFILE,TMPFILE=$(mktemp)
Find all symbolic links under /usr/lib that are broken,find /usr/lib -xtype l
Replace spaces with underscores in all filenames in the current directory (non‑recursive),"for f in *\ *; do mv ""$f"" ""${f// /_}""; done"
"Display a detailed list with permissions, sizes, and timestamps",ls -l
Recursively list all files in the current directory tree,ls -R
"Show the last 20 lines of a file named ""error.log""",tail -n 20 error.log
"Search for the word ""TODO"" in all *.py files recursively","grep -R ""TODO"" *.py"
"Create a nested directory structure ""project/src/utils""",mkdir -p project/src/utils
"Copy file ""data.csv"" to the directory ""archive"" preserving attributes",cp -p data.csv archive/
"Move all *.log files to the directory ""logs"" and rename them with a timestamp prefix","for f in *.log; do mv ""$f"" ""logs/$(date +%Y%m%d_%H%M%S)_$f""; done"
"Delete the file ""old.tmp"" without prompting",rm -f old.tmp
"Delete all empty directories under ""tmp"" recursively",find tmp -type d -empty -delete
"Find all files larger than 100 MB in ""/var"" and list their sizes",find /var -type f -size +100M -exec ls -lh {} \;
Show the disk usage of the current directory in a human‑readable format,du -sh .
"Show disk usage of each subdirectory in the current directory, sorted by size",du -sh */ | sort -h
"Display the first 5 columns of a CSV file ""data.csv"" using cut","cut -d',' -f1-5 data.csv"
"Replace all occurrences of ""foo"" with ""bar"" in file ""config.cfg"" in place",sed -i 's/foo/bar/g' config.cfg
"Create a compressed zip archive named ""project.zip"" containing the ""src"" directory",zip -r project.zip src
"List all running processes containing the string ""python""",ps aux | grep python | grep -v grep
Show the top 10 memory‑consuming processes,ps aux --sort=-%mem | head -n 11
"Download a file from ""https://example.com/file.txt"" using curl and save it as ""file.txt""",curl -o file.txt https://example.com/file.txt
"Download a file from ""https://example.com/file.txt"" using wget and show a progress bar",wget --progress=bar https://example.com/file.txt
"Compress the directory ""logs"" into a tar.bz2 archive named ""logs.tar.bz2""",tar -cjf logs.tar.bz2 logs
"Create a new git branch named ""feature-x"" and switch to it",git checkout -b feature-x
"Show the differences between the current branch and ""origin/main""",git diff origin/main
"Find all lines containing the word ""error"" in ""system.log"" and display line numbers","grep -n ""error"" system.log"
"Count how many times the word ""failed"" appears in ""audit.log""","grep -o ""failed"" audit.log | wc -l"
List all groups the current user belongs to,groups
"Test if port 22 is open on host ""example.com"" using nc",nc -zv example.com 22
Display the last 3 entries of the system journal,journalctl -n 3
"Schedule a command ""backup.sh"" to run daily at 2 am using cron (edit crontab)","(crontab -l ; echo ""0 2 * * * /path/to/backup.sh"") | crontab -"
"Print the first field of each line in ""users.txt"" (fields are space‑separated) using awk",awk '{print $1}' users.txt
"Convert all uppercase letters to lowercase in ""input.txt"" and save to ""output.txt""",tr '[:upper:]' '[:lower:]' < input.txt > output.txt
"Find all Python files that do not contain the string ""import sys""","grep -L ""import sys"" *.py"
"Create a symbolic link named ""latest.log"" that points to ""log_20240315.txt""",ln -s log_20240315.txt latest.log
"Show the size of each file in the current directory in kilobytes, sorted descending","ls -l | awk '{print $5""\t""$9}' | sort -nr"
Display the first 5 lines of each *.md file in the directory,"for f in *.md; do echo ""--- $f ---""; head -n 5 ""$f""; done"
"Count the number of files in the directory ""images""",find images -type f | wc -l
"Show the last modification time of the file ""report.pdf""",stat -c %y report.pdf
"Decompress ""archive.gz"" and write the output to standard output",gzip -dc archive.gz
List the 10 most recently modified files in the home directory,ls -lt ~ | head -n 10
"Display the environment variable ""PATH"" with each directory on a separate line",echo $PATH | tr ':' '\n'
"Run the command ""make"" and log both stdout and stderr to ""build.log""",make > build.log 2>&1
"Find all files named ""config.yml"" anywhere under ""/etc"" and change their permissions to 640",find /etc -type f -name config.yml -exec chmod 640 {} \;
Show hidden files as a detailed list,ls -la
Show the last 20 lines of a file named server.log,tail -n 20 server.log
Replace all occurrences of 'foo' with 'bar' in file.txt and save in-place,sed -i 's/foo/bar/g' file.txt
Print the second column of data.csv assuming comma delimiter,"cut -d',' -f2 data.csv"
Show disk usage of the /home directory in a human‑readable format,du -sh /home
Create a compressed tar archive named backup.tar.gz of the folder /var/www,tar -czvf backup.tar.gz /var/www
Extract the archive backup.tar.gz into /tmp,tar -xzvf backup.tar.gz -C /tmp
Monitor real‑time changes to a log file named access.log,tail -F access.log
Find files larger than 100 MB in /var and delete them after confirmation,find /var -type f -size +100M -exec rm -i {} \;
Show the difference between file1.txt and file2.txt with line numbers,diff -u --side-by-side --suppress-common-lines file1.txt file2.txt
Create a new user called devuser with a home directory and bash shell,sudo useradd -m -s /bin/bash devuser
Change the password for user devuser,sudo passwd devuser
Display the last login time for all users,lastlog
Test connectivity to example.com on port 443 using TCP,nc -zv example.com 443
Download a file from https://example.com/file.zip and save as file.zip,curl -L -o file.zip https://example.com/file.zip
Upload local file data.csv to an S3 bucket named my-bucket using the AWS CLI,aws s3 cp data.csv s3://my-bucket/
Convert all spaces to tabs in file.txt and write to file_tab.txt,expand -t 1 file.txt > file_tab.txt
Count how many times the word 'failure' appears in log.txt (case‑insensitive),"grep -oi ""failure"" log.txt | wc -l"
Print a sorted list of unique IP addresses from access.log,awk '{print $1}' access.log | sort -u
Schedule a script /usr/local/bin/cleanup.sh to run daily at 2 am using cron,"(crontab -l 2>/dev/null; echo ""0 2 * * * /usr/local/bin/cleanup.sh"") | crontab -"
Set the variable MAX_RETRIES to 5 and export it to child processes,export MAX_RETRIES=5
Append the current date to a file called timestamps.log,date >> timestamps.log
Generate a random password of 16 characters and copy it to the clipboard (Linux with xclip),"tr -dc 'A-Za-z0-9!@#$%^&*()_+' </dev/urandom | head -c16 | xclip -selection clipboard && echo ""Password copied to clipboard"""
Show the total number of files and directories in the current directory recursively,find . | wc -l
"Print the size of each subdirectory in the current directory, sorted largest first",du -sh */ | sort -hr
Kill the process with PID stored in pid.txt,kill $(cat pid.txt)
Show the last 3 commits in a git repository with one‑line summaries,git log -3 --oneline
Create a new branch called feature/login from the current HEAD,git checkout -b feature/login
List all Docker containers (running and stopped) with their status,"docker ps -a --format ""{{.Names}}\t{{.Status}}"""
Start a Docker container named webapp from image nginx:latest and map port 8080 to host,docker run -d --name webapp -p 8080:80 nginx:latest
Stop and remove the Docker container named webapp,docker rm -f webapp
"Show the current memory usage in megabytes, sorted by used memory","free -m | awk 'NR==2{print $3"" MB used""}'"
Display the top 10 most frequent words in a text file words.txt,"tr -cs ""[:alnum:]"" ""\n"" < words.txt | sort | uniq -c | sort -nr | head -n 10"
Convert a PDF file report.pdf to plain text using pdftotext,pdftotext report.pdf report.txt
Compress all .log files in /var/log into a single gzip archive logs.tar.gz,tar -czvf logs.tar.gz /var/log/*.log
Extract only the file config.yaml from archive backup.tar.gz into the current directory,tar -xzvf backup.tar.gz config.yaml
Show the SHA‑256 checksum of the file installer.sh,sha256sum installer.sh
"Create a Bash function called greet that prints ""Hello, $1!"" and use it with the argument ""World""","greet() { echo ""Hello, $1!""; }; greet World"
Run a for‑loop that prints numbers 1 to 5,for i in {1..5}; do echo $i; done
Find all processes owned by the user alice that are using more than 100 MB of resident memory,"ps -u alice -o pid,rss,cmd --sort=-rss | awk '$2>102400 {print $0}'"
"Create a temporary file, write ""temp data"" to it, and display its path","tmpfile=$(mktemp); echo ""temp data"" > ""$tmpfile""; echo ""$tmpfile"""
Monitor the CPU usage of the process with PID 1234 every 2 seconds,"watch -n 2 ""ps -p 1234 -o %cpu,%mem,cmd"""
"Replace the first occurrence of ""foo"" with ""bar"" on each line of input.txt and save to output.txt","sed '0,/foo/s//bar/' input.txt > output.txt"
Show a summary of open file descriptors per process,lsof | awk '{print $2}' | sort | uniq -c | sort -nr
Generate a UUID and store it in a variable called UUID,UUID=$(cat /proc/sys/kernel/random/uuid); echo $UUID
Print the current user's username in uppercase,echo $(whoami) | tr '[:lower:]' '[:upper:]'
"Create a directory structure src/{app,tests} and an empty __init__.py in each","mkdir -p src/{app,tests}; touch src/app/__init__.py src/tests/__init__.py"
Show the difference between two branches feature1 and feature2 in a git repo,git diff feature1..feature2
Display the current shell's version,echo $BASH_VERSION
"Display the last 20 lines of the system log located at ""/var/log/syslog"".",tail -n 20 /var/log/syslog
"Count how many lines, words, and characters are in the file ""data.csv"".",wc -lwm data.csv
"Search for the word ""ERROR"" (case‑insensitive) in all "".log"" files under ""/var/log"" and display line numbers.","grep -i -n ""ERROR"" /var/log/*.log"
"Replace every occurrence of ""foo"" with ""bar"" in the file ""config.cfg"" and save changes in‑place.",sed -i 's/foo/bar/g' config.cfg
"Print the 5th column of a comma‑separated file ""users.csv"" using awk.","awk -F',' '{print $5}' users.csv"
Show the current disk usage of all mounted filesystems in human‑readable form.,df -h
"Create a compressed tar archive named ""backup.tar.gz"" containing the directory ""project/"".",tar -czvf backup.tar.gz project/
Display the current IP address(es) of the machine (IPv4 only).,ip -4 addr show | grep -oP '(?<=inet\s)\d+(\.\d+){3}'
List the 10 most memory‑intensive processes sorted by RSS.,ps aux --sort=-%mem | head -n 11
"Create a new user called ""alice"" with a home directory and default shell ""/bin/bash"".",sudo useradd -m -s /bin/bash alice
"Add the public SSH key stored in ""~/.ssh/id_rsa.pub"" to the authorized keys of user ""bob"".",cat ~/.ssh/id_rsa.pub | sudo tee -a /home/bob/.ssh/authorized_keys
"Download the file from ""https://example.com/file.zip"" and save it as ""file.zip"" using curl, showing a progress bar.",curl -L -o file.zip https://example.com/file.zip
"Synchronize the local directory ""src/"" to the remote server ""backup@example.com"" at ""/home/backup/"" using rsync over SSH, preserving permissions and showing progress.",rsync -avz --progress src/ backup@example.com:/home/backup/
"Create an empty file named ""placeholder.txt"" if it does not already exist.",touch placeholder.txt
"Append the text ""Done"" to the end of the file ""log.txt"".","echo ""Done"" >> log.txt"
"Count how many times the word ""failed"" appears in ""system.log"" (case‑sensitive).","grep -o ""failed"" system.log | wc -l"
Display the first 5 entries of the system journal (requires systemd).,journalctl -n 5
"Show a tree view of the directory ""src/"" up to two levels deep.",find src/ -maxdepth 2 -print | sed -e 's;[^/]*/;|___;g'
"Combine the contents of all "".conf"" files in ""/etc/nginx/"" into a single file ""nginx_all.conf"".",cat /etc/nginx/*.conf > nginx_all.conf
"Kill all processes named ""myapp"" owned by the current user.",pkill -u $USER myapp
Display the current environment variables in alphabetical order.,env | sort
"Print the SHA‑256 checksum of the file ""archive.tar.gz"".",sha256sum archive.tar.gz
"Convert all spaces in ""file.txt"" to tabs using expand.",expand -t 8 file.txt > file_tabs.txt
"Find all empty files under ""/tmp"" and delete them.",find /tmp -type f -empty -delete
"Show the difference between two files ""old.cfg"" and ""new.cfg"" using a side‑by‑side format.",diff -y old.cfg new.cfg
"Create a symbolic link named ""latest.log"" that points to ""log_2023_12_31.log"".",ln -s log_2023_12_31.log latest.log
"List the top 5 largest files in the current directory and its subdirectories, sorted by size.",find . -type f -exec du -h {} + | sort -rh | head -n 5
"Set the system timezone to ""America/New_York"" using timedatectl.",sudo timedatectl set-timezone America/New_York
"Monitor real‑time changes to the file ""access.log"" (like tail -f).",tail -F access.log
"Compress the file ""large.log"" using gzip and keep the original file.",gzip -c large.log > large.log.gz
"Decompress the gzipped file ""data.json.gz"" and output to stdout without creating a file.",gzip -dc data.json.gz
"Create a Bash array named ""servers"" containing ""host1"", ""host2"", and ""host3"".",servers=(host1 host2 host3)
"Loop over the array ""servers"" and ping each host once, printing the result.","for srv in ""${servers[@]}""; do ping -c 1 ""$srv"" && echo ""$srv is up"" || echo ""$srv is down""; done"
"Write a one‑liner that prints numbers from 1 to 100, each on a new line, using seq.",seq 1 100
"Using Bash parameter expansion, remove the file extension from the variable ""filename=""report.pdf"""" and print the base name.","filename=""report.pdf""; echo ""${filename%.*}"""
"Check if the command ""ffmpeg"" is installed; if not, print a warning message.","command -v ffmpeg >/dev/null 2>&1 || echo ""ffmpeg is not installed"""
"Display the last modification time of the file ""script.sh"" in a human‑readable format.","stat -c ""%y"" script.sh"
"Show the 3 most frequently occurring words in ""book.txt"" (ignore case, strip punctuation).","tr -c ""[:alnum:]"" ""\n"" < book.txt | tr '[:upper:]' '[:lower:]' | sort | uniq -c | sort -nr | head -n 3"
"Create a temporary directory and print its path, ensuring it is removed automatically when the script exits.","tmpdir=$(mktemp -d) && echo ""$tmpdir"" && trap ""rm -rf $tmpdir"" EXIT"
"Run the command ""make"" and capture both stdout and stderr to a file ""build.log"" while also displaying it on the console.",make 2>&1 | tee build.log
"Find all lines containing a valid IPv4 address in ""network.log"" and write them to ""ips.txt"".","grep -Eo '([0-9]{1,3}\.){3}[0-9]{1,3}' network.log > ips.txt"
"Show a progress bar while copying a large file ""big.iso"" to ""/mnt/usb/"" using pv.",pv big.iso > /mnt/usb/big.iso
"Set the execute permission for the owner of the script ""deploy.sh"" without changing other permissions.",chmod u+x deploy.sh
List all open network ports and the associated processes.,sudo ss -tulpn
"Search recursively for the string ""TODO"" in all source files under ""src/"" and display file name and line number.","grep -R -n ""TODO"" src/"
"Create a Bash function called ""mkcd"" that makes a directory and then changes into it.","mkcd() { mkdir -p ""$1"" && cd ""$1""; }"
Schedule a one‑time system shutdown in 15 minutes with a custom message.,"sudo shutdown -h +15 ""System will shut down in 15 minutes"""
"Display the current git branch name in the repository located at ""/home/user/project"".",git -C /home/user/project rev-parse --abbrev-ref HEAD
List all Docker containers (both running and stopped) with their status.,"docker ps -a --format ""{{.Names}}	{{.Status}}"""
"Run a Python one‑liner that prints ""Hello, World!"" from Bash.","python3 -c ""print('Hello, World!')"""
"Find duplicate lines in the file ""list.txt"" and write only the duplicates to ""duplicates.txt"".",sort list.txt | uniq -d > duplicates.txt
"Count how many times the word ""ERROR"" appears in logs.txt, case‑insensitive.","grep -i ""ERROR"" logs.txt | wc -l"
Find all .py files larger than 1 MB in /projects and delete them after confirmation.,"find /projects -type f -name ""*.py"" -size +1M -exec rm -i {} \;"
"Show the disk usage of each subdirectory in /var, sorted by size (largest first).",du -sh /var/* | sort -hr
"Replace every occurrence of ""foo"" with ""bar"" in config.cfg, editing the file in place.",sed -i 's/foo/bar/g' config.cfg
"Show the last 5 commits in the current Git repository, one line per commit.",git log -5 --oneline
"Search recursively for the string ""TODO"" in all .js files under src/, ignoring binary files.","grep -R --exclude-dir="".git"" -n ""TODO"" src/*.js"
Print the usernames of all currently logged‑in users.,who | awk '{print $1}' | sort | uniq
"Convert the PDF report.pdf to a series of PNG images, one per page, stored in the folder images/.",mkdir -p images && pdftoppm -png report.pdf images/page
"Show the 20 most memory‑intensive processes, sorted descending, displaying PID, user, and %MEM.","ps aux --sort=-%mem | head -n 21 | awk 'NR>1{print $2, $1, $4}'"
"Create a new user called ""devops"" with a home directory and bash as the default shell.",sudo useradd -m -s /bin/bash devops
"Set the environment variable APP_ENV to ""production"" for the current session.",export APP_ENV=production
Append the current timestamp to the file /var/log/heartbeat.log every minute using cron syntax.,* * * * * echo $(date '+\%Y-\%m-\%d \%H:\%M:\%S') >> /var/log/heartbeat.log
"Show the differences between the files version1.txt and version2.txt, ignoring whitespace changes.",diff -w version1.txt version2.txt
Mount the ISO image ubuntu.iso to /mnt/iso as read‑only.,"sudo mount -o loop,ro ubuntu.iso /mnt/iso"
Check whether port 443 is listening on localhost using netcat.,nc -zv 127.0.0.1 443
"Print the total number of lines across all .log files in /var/log, without listing each file.","find /var/log -type f -name ""*.log"" -exec cat {} + | wc -l"
Create a symbolic link named latest.log that points to /var/log/app/2024-03-22.log.,ln -s /var/log/app/2024-03-22.log latest.log
"Show the IP addresses of all network interfaces, excluding the loopback interface.",ip -4 addr show | grep -v '127.0.0.1' | awk '/inet/ {print $2}'
Compress all .log files older than 7 days in /var/log into a single gzip archive named old_logs.tar.gz and delete the originals.,"find /var/log -type f -name ""*.log"" -mtime +7 -print0 | tar --null -czf old_logs.tar.gz --files-from - && find /var/log -type f -name ""*.log"" -mtime +7 -delete"
"Display the first 5 columns of the output of ""ps aux"" using column alignment.","ps aux | column -t | awk '{print $1,$2,$3,$4,$5}' | head"
"Run the script deploy.sh with sudo, passing the arguments ""staging"" and ""--force"".",sudo ./deploy.sh staging --force
Find all duplicate files (by content) in /home/user/Documents and list each set of duplicates.,fdupes -r /home/user/Documents
Show the current shell's version and configuration options.,bash --version
"Replace the first occurrence of ""foo"" with ""bar"" on each line of input.txt and write the result to output.txt.","sed '0,/foo/s//bar/' input.txt > output.txt"
Create a 100 MB file filled with zeros named zero.bin using dd.,dd if=/dev/zero of=zero.bin bs=1M count=100
Show a tree view of the directory /etc limited to depth 2.,tree -L 2 /etc
Print the current user's default shell as defined in /etc/passwd.,getent passwd $USER | cut -d: -f7
Schedule a one‑time job to run /usr/local/bin/cleanup.sh at 02:30 AM tomorrow using at.,"echo ""/usr/local/bin/cleanup.sh"" | at 02:30 tomorrow"
"Extract the third column from the CSV file data.csv, assuming commas as separators.","cut -d',' -f3 data.csv"
"Show the total size of all files in /var/www, displayed in human‑readable format.",du -sh /var/www
"Convert all .wav audio files in music/ to .mp3 using ffmpeg, preserving the original filenames.","for f in music/*.wav; do ffmpeg -i ""$f"" ""${f%.wav}.mp3""; done"
Display a progress bar while copying a large directory /src to /dst using rsync.,rsync -a --info=progress2 /src/ /dst/
Print the names of all Docker containers that are currently stopped.,"docker ps -a --filter ""status=exited"" --format ""{{.Names}}"""
Generate a UUID and store it in the variable NEW_ID.,NEW_ID=$(uuidgen)
Show the top 5 most common HTTP status codes in access.log.,awk '{print $9}' access.log | sort | uniq -c | sort -nr | head -n 5
"Run a Python one‑liner that prints ""Hello, World!"" from the shell.","python3 -c ""print('Hello, World!')"""
Show the SHA‑256 checksum of the file archive.zip.,sha256sum archive.zip
Replace all tabs with four spaces in source.c and edit the file in place.,expand -t 4 source.c > source_tmp.c && mv source_tmp.c source.c
"Find all processes owned by user ""alice"" that are using more than 500 MB of RSS memory.","ps -u alice -o pid,rss,cmd --sort=-rss | awk '$2>500000 {print $0}'"
Create a Bash array named files containing all .txt files in the current directory.,files=( *.txt )
Copy the file secret.key to the remote host backup.example.com:/backups/ using scp with verbose output.,scp -v secret.key backup.example.com:/backups/
"List the last 100 lines of the combined system journal, filtered for entries with priority warning or higher.",journalctl -p warning -n 100
Generate a random hexadecimal string of length 32 and store it in variable TOKEN.,TOKEN=$(openssl rand -hex 16)
"Show the difference between two directories dirA and dirB, ignoring empty files.","diff -qr dirA dirB | grep -v ""Only in"""
Print the current working directory without a trailing newline.,pwd -P
Compress the directory logs/ into logs.tar.bz2 using bzip2 compression.,tar -cjf logs.tar.bz2 logs/
Find all symbolic links in /usr/local that are broken.,find /usr/local -xtype l
Display the first 5 lines of each .md file in docs/ with the filename as a header.,"for f in docs/*.md; do echo ""=== $f ===""; head -n5 ""$f""; done"
"Show the last 20 lines of ""log.txt"" and follow new entries",tail -n 20 -f log.txt
"Count how many times the word ""success"" appears in ""output.txt""","grep -o ""success"" output.txt | wc -l"
"Replace all occurrences of ""foo"" with ""bar"" in ""data.txt"" and save to a new file",sed 's/foo/bar/g' data.txt > data_fixed.txt
"Extract the third column from a CSV file ""data.csv""","cut -d',' -f3 data.csv"
"Download a file from ""https://example.com/file.tar.gz"" using wget",wget https://example.com/file.tar.gz
"Extract the tar.gz archive ""archive.tar.gz"" into the current directory",tar -xzvf archive.tar.gz
Display the last 5 processes started by the current user,ps -u $USER --sort=start_time | tail -n 5
"Uncompress the zip file ""logs.zip"" into the ""logs"" directory",unzip logs.zip -d logs
Show the IP address(es) of the machine,hostname -I
Ping google.com 4 times and display only the summary line,ping -c 4 google.com | tail -n 1
"Create a symbolic link named ""latest.log"" pointing to ""log_2023_12_31.txt""",ln -s log_2023_12_31.txt latest.log
"Show the first 5 lines of each "".conf"" file in ""/etc""","for f in /etc/*.conf; do echo ""--- $f""; head -n 5 ""$f""; done"
"Append the current timestamp to the file ""run.log""",date '+%Y-%m-%d %H:%M:%S' >> run.log
"Create a 5 GB file filled with zeros named ""bigfile.bin""",dd if=/dev/zero of=bigfile.bin bs=1M count=5120
"Convert the PDF ""report.pdf"" to a series of PNG images",convert -density 300 report.pdf report_%03d.png
"Find all Python files that contain the string ""TODO"" and display line numbers","grep -nR ""TODO"" --include='*.py' ."
Show the last login time for each user on the system,lastlog | column -t
"Create a user ""devuser"" with a home directory and add to the group ""developers""",sudo useradd -m -G developers devuser
"Set the password for user ""devuser"" (interactive)",sudo passwd devuser
Schedule a command to run at 2 am tomorrow using at,"echo ""/usr/local/bin/backup.sh"" | at 02:00 tomorrow"
"Display the difference between two files ""old.cfg"" and ""new.cfg"" side by side",sdiff -s old.cfg new.cfg
"Compress the output of ""mysqldump"" on the fly and save to ""backup.sql.gz""",mysqldump -u root -p mydb | gzip > backup.sql.gz
"Run a command in the background and write its PID to a file ""pid.txt""",long_running_task & echo $! > pid.txt
"Kill the process whose PID is stored in ""pid.txt""",kill $(cat pid.txt)
Display the system’s kernel version,uname -r
Check if port 8080 is open on localhost using netcat,nc -zv 127.0.0.1 8080
List all installed packages that were installed manually (Debian/Ubuntu),apt-mark showmanual
Show a summary of disk I/O statistics,iostat -xz 1 3
"Create a Bash array named ""files"" containing all "".txt"" files in the current directory",files=( *.txt )
"Iterate over the array ""files"" and print each filename with its line count","for f in ""${files[@]}""; do echo ""$f: $(wc -l < ""$f"")""; done"
Print the current Git branch name (if inside a repo),git rev-parse --abbrev-ref HEAD
Show the last 10 commits in a compact format,git log -10 --oneline
"Reset the local branch ""feature"" to match the remote ""origin/feature""",git fetch origin && git reset --hard origin/feature
"Create a Docker container from image ""nginx:latest"" exposing port 8080",docker run -d -p 8080:80 nginx:latest
List all running Docker containers with their names and ports,"docker ps --format ""{{.Names}}	{{.Ports}}"""
"Copy the directory ""src"" to ""backup/src_$(date +%F)"" preserving attributes","cp -a src ""backup/src_$(date +%F)"""
"Display the first 5 lines of a command’s output without storing it in a file (example with ""ps aux"")",ps aux | head -n 5
Display the first 10 lines of a file called data.csv,"head -n 10 data.csv
id,name,value
1,Alice,10
2,Bob,15
..."
Show the last 5 lines of the system log,"tail -n 5 /var/log/syslog
Mar 23 10:12:01 host systemd[1]: Started Session 42 of user root.
Mar 23 10:12:02 host sshd[1234]: Accepted password for root"
Count how many .txt files are in the home directory,"find ~ -type f -name ""*.txt"" | wc -l
12"
Search for the word 'ERROR' in all log files recursively,"grep -R ""ERROR"" /var/log/*.log
/var/log/syslog:Mar 23 10:12:01 host app[123]: ERROR: failed to start"
Replace all occurrences of 'foo' with 'bar' in file.txt and save changes in-place,sed -i 's/foo/bar/g' file.txt
Find all files larger than 100M in /var and list them sorted by size,"find /var -type f -size +100M -exec ls -lh {} + | sort -k5 -h
-rw-r--r-- 1 root root 150M Mar 22 09:00 /var/log/large.log"
Show the last 3 commands you ran in the shell history,"history | tail -n 3
  98  ls -la
  99  git status
 100  make build"
List all running processes owned by user alice,"ps -u alice -o pid,cmd
  7324 /usr/bin/python script.py
  7340 /usr/bin/bash"
Create an empty file named notes.txt,touch notes.txt
"Append the line ""Done"" to the end of log.txt","echo ""Done"" >> log.txt"
Display the first field (username) from /etc/passwd for all users,"cut -d: -f1 /etc/passwd
root
daemon
bin
..."
"Print the number of lines, words, and characters in report.txt","wc report.txt
  120  850  6420 report.txt"
Find all symbolic links in /usr/local and list their targets,"find /usr/local -type l -ls
123456 0 lrwxrwxrwx 1 root root 23 Mar 22 12:00 /usr/local/bin/tool -> /opt/tool/bin/tool"
Sort the contents of unsorted.txt alphabetically and overwrite the file,sort unsorted.txt -o unsorted.txt
List the top 5 memory‑consuming processes,"ps aux --sort=-%mem | head -n 6
USER       PID %CPU %MEM    VSZ   RSS TTY      STAT START   TIME COMMAND
root         1  0.0  0.1 169084  1120 ?        Ss   Mar23   0:03 /sbin/init"
Display the calendar for March 2026,"cal 03 2026
     March 2026
Su Mo Tu We Th Fr Sa
 1  2  3  4  5  6  7
 8  9 10 11 12 13 14
15 16 17 18 19 20 21
22 23 24 25 26 27 28
29 30 31"
Compress all .log files in /var/log into logs.tar.bz2,tar -cjf logs.tar.bz2 /var/log/*.log
Run the script backup.sh in the background and redirect its output to backup.log,"nohup ./backup.sh > backup.log 2>&1 &
[1] 12345"
Check if port 22 is listening on the local machine,"ss -tlnp | grep ':22 '
LISTEN 0 128 0.0.0.9:22 0.0.0.0:* users:(""sshd"",pid=1024,fd=3)"
Print the first column of the output of ls -l using awk,"ls -l | awk '{print $1}'
drwxr-xr-x
-rw-r--r--
-rwxr-xr-x"
Create a symbolic link named latest.log pointing to logs/2026-03-22.log,ln -s logs/2026-03-22.log latest.log
Show the total size of all .mp4 files in the Videos directory,"du -ch ~/Videos/*.mp4 | grep total
12.4G	total"
Generate a random password of 16 characters and copy it to the clipboard,"tr -dc 'A-Za-z0-9' </dev/urandom | head -c16 | xclip -selection clipboard
# (password is now in clipboard)"
List all users on the system with UID greater than 1000,"awk -F: '$3>1000 {print $1}' /etc/passwd
alice
bob
carol"
Show the current git branch in the repository,"git rev-parse --abbrev-ref HEAD
main"
Show a summary of CPU usage per core,"mpstat -P ALL 1 1
Linux 5.15.0 (host) 
12:00:01 PM  CPU    %usr   %sys   %idle
12:00:01 PM  all    5.00   1.00   94.00
12:00:01 PM    0    6.00   2.00   92.00"
Convert all spaces to tabs in file data.txt and save to data_tab.txt,expand -t 8 data.txt > data_tab.txt
Create a zip archive named source.zip containing the src directory,"zip -r source.zip src
  adding: src/ (stored 0%)
  adding: src/main.c (deflated 45%)"
List the most recent 10 commits in the git repository,"git log -n 10 --oneline
f3a1c2d Add README
9b8e7a6 Fix bug in parser
..."
Display the size of each subdirectory in the current folder,"du -h --max-depth=1
4.0K	./docs
1.2G	./data
56M	./scripts"
Check the syntax of the Bash script deploy.sh without executing it,bash -n deploy.sh
Find all Python files that contain the string 'TODO',"grep -R ""TODO"" --include='*.py' .
./module/utils.py:# TODO: refactor this function"
"Display the top 10 lines of the output of the command ""ps aux"" sorted by CPU usage","ps aux --sort=-%cpu | head -n 10
USER       PID %CPU %MEM    VSZ   RSS TTY      STAT START   TIME COMMAND
root         1  0.0  0.1 169084  1120 ?        Ss   Mar23   0:03 /sbin/init"
Show a progress bar while copying a large file using rsync,"rsync --progress large.iso /backup/large.iso
sending incremental file list
large.iso
   5.00G 100%"
Display the username of the current user,whoami
"Show the last 20 lines of a file named ""log.txt""",tail -n 20 log.txt
"Count the number of lines, words, and characters in ""report.md""",wc report.md
"Search for the word ""ERROR"" in all "".log"" files in /var/log","grep -i ""ERROR"" /var/log/*.log"
"Replace all occurrences of ""foo"" with ""bar"" in file ""data.txt"" (in-place)",sed -i 's/foo/bar/g' data.txt
"Print the 5th column of a CSV file ""data.csv"" using awk","awk -F',' '{print $5}' data.csv"
Show the total size of each subdirectory in the current directory,du -h --max-depth=1
"Create a compressed tar archive named ""backup.tar.gz"" of the ""src"" directory",tar -czvf backup.tar.gz src/
Display the top 10 processes by memory usage,ps aux --sort=-%mem | head -n 11
Show the network interfaces and their IP addresses,ip -brief address
"Download a file from ""https://example.com/file.zip"" using wget and show progress bar",wget https://example.com/file.zip
"Show the last modification time of ""script.sh""",stat -c %y script.sh
"Create an empty file named ""notes.txt""",touch notes.txt
"Append the text ""Hello World"" to the end of ""greeting.txt""","echo ""Hello World"" >> greeting.txt"
"Copy all "".conf"" files from /etc to the directory ~/configs preserving attributes",cp -a /etc/*.conf ~/configs/
"Move the directory ""old"" to ""archive/old"" and create the target directory if needed",mkdir -p archive && mv old archive/
"Delete all files ending with ""~"" in the current directory",rm -f *~
"Show the first 5 lines of each "".md"" file in the current directory","for f in *.md; do echo ""--- $f ---""; head -n 5 ""$f""; done"
"Count how many times the word ""TODO"" appears in all source files (*.c, *.h)","grep -roh ""TODO"" *.c *.h | wc -l"
Schedule a command to run at 3:30 AM tomorrow using at,"echo ""/usr/local/bin/backup.sh"" | at 03:30 tomorrow"
Show the list of currently loaded kernel modules,lsmod
Display the last 100 lines of syslog and follow new entries,tail -n 100 -f /var/log/syslog
"Decompress ""archive.tar.xz"" using xz and tar in a single command",tar -xJvf archive.tar.xz
"Show the SHA256 checksum of the file ""download.iso""",sha256sum download.iso
"Create a symbolic link named ""latest"" that points to ""release-2.3""",ln -s release-2.3 latest
"Run a Python one‑liner that prints ""Hello"" and the current date","python3 -c ""import datetime; print('Hello', datetime.datetime.now())"""
"Show the size of each file in the current directory, sorted by size descending",ls -lS
"Find the process ID of the program ""nginx""",pidof nginx
"Display the first 3 fields of the output of ""ps aux"" using cut",ps aux | cut -d ' ' -f1-3
Print the current user's groups,id -Gn
"Create a new user ""devuser"" without a password and add to sudo group",sudo useradd -m -G sudo devuser
"Display the contents of a compressed file ""data.gz"" without extracting it",zcat data.gz
"Find all lines containing the pattern ""^ERROR"" in ""app.log"" and display line numbers","grep -n ""^ERROR"" app.log"
"Convert all spaces to tabs in ""file.txt"" using tr",tr ' ' '\t' < file.txt > file_tabbed.txt
Show a summary of the last 5 commits in the current git repository,git log -5 --oneline
"Create a branch named ""feature-x"" and switch to it",git checkout -b feature-x
"Show the difference between the current file ""config.yml"" and its version in HEAD",git diff HEAD -- config.yml
"Display the size of the ""/var"" directory in a human readable format, summarizing each top‑level subdirectory",du -h --max-depth=1 /var
"Run the command ""make"" using all available CPU cores",make -j$(nproc)
"Schedule a cron job that runs ""/usr/local/bin/cleanup.sh"" every day at 2 am","(crontab -l ; echo ""0 2 * * * /usr/local/bin/cleanup.sh"") | crontab -"
"Display the contents of the last 50 lines of ""system.log"" with line numbers",nl -ba <(tail -n 50 system.log)
"Search for the word ""ERROR"" (case‑insensitive) in all "".log"" files","grep -i ""ERROR"" *.log"
Show disk usage of the current directory in human‑readable form,du -sh .
"Create a compressed tarball named ""backup.tar.gz"" of the directory ""project""",tar -czvf backup.tar.gz project/
Show the last 5 commands you executed in Bash history,history | tail -n 5
"Append the text ""Hello World"" to the end of ""output.txt""","echo ""Hello World"" >> output.txt"
"Create an empty file named ""newfile.txt"" if it does not exist",touch newfile.txt
Display the first 5 processes sorted by memory usage,ps aux --sort=-%mem | head -n 6
"Compress ""largefile.log"" with maximum gzip compression",gzip -9 largefile.log
"Decompress ""archive.gz"" and write output to ""archive""",gunzip -c archive.gz > archive
Show the top 10 most frequently used commands from your history,"history | awk '{CMD[$2]++} END {for (c in CMD) print CMD[c] "" "" c}' | sort -rn | head -n 10"
Show the current user's username,whoami
List all currently logged‑in users,who
Display the 5 most recent commit messages in the current git repository,"git log -5 --pretty=format:""%h - %s"""
"Show the difference between the working tree and the last commit for ""app.py""",git diff app.py
"Count how many times the word ""TODO"" appears in all "".c"" files recursively","grep -roh ""TODO"" *.c | wc -l"
Run a Python one‑liner that prints the squares of numbers 1‑5,"python3 -c ""print([i*i for i in range(1,6)])"""
Start a simple HTTP server on port 8000 serving the current directory,python3 -m http.server 8000
"Show the difference between two sorted files ""a.txt"" and ""b.txt""",comm -3 <(sort a.txt) <(sort b.txt)
"Add the user ""devuser"" to the ""sudo"" group",sudo usermod -aG sudo devuser
"Display the first 5 lines of each "".md"" file in the current directory","for f in *.md; do echo ""--- $f ---""; head -n 5 ""$f""; done"
Find all files larger than 100 MB and list their paths,find . -type f -size +100M -print
Show the current firewall rules using ufw,sudo ufw status verbose
Print the current system's kernel version,uname -r
Show a summary of memory usage in megabytes,free -m
"Convert all "".wav"" files in ""audio/"" to "".mp3"" using ffmpeg","for f in audio/*.wav; do ffmpeg -i ""$f"" ""${f%.wav}.mp3""; done"
"Display the last 5 commits that modified ""README.md""","git log -5 --pretty=format:""%h %ad %s"" --date=short -- README.md"
"Create a Docker container from image ""nginx:latest"" and map host port 8080 to container port 80",docker run -d -p 8080:80 nginx:latest
"Copy the directory ""src/"" to remote host ""user@remote:/home/user/"" preserving attributes",scp -r src/ user@remote:/home/user/
"Execute ""uname -a"" on a remote server ""example.com"" via SSH","ssh user@example.com ""uname -a"""
"Show the difference between two branches ""main"" and ""dev"" in git",git diff main..dev
Show the 10 most recent entries in the system journal,journalctl -n 10 --no-pager
"Compress multiple files ""a.txt"", ""b.txt"", ""c.txt"" into a zip archive ""files.zip""",zip files.zip a.txt b.txt c.txt
"Extract only the ""docs/"" folder from ""archive.tar.gz""",tar -xzvf archive.tar.gz docs/
"Replace the first occurrence of ""foo"" with ""bar"" on each line of ""input.txt"" and write to ""output.txt""",sed 's/foo/bar/' input.txt > output.txt
List all open network ports with the associated process name,sudo lsof -i -P -n | grep LISTEN
"Create a new directory structure ""project/src/utils"" in one command",mkdir -p project/src/utils
Display the current Bash version,echo $BASH_VERSION
"Print the environment variables that contain the word ""PATH""",env | grep PATH
"Show a progress bar while copying a large file ""big.iso"" to ""/mnt/backup/"" using rsync",rsync --progress big.iso /mnt/backup/
"Find all lines containing the pattern ""TODO"" in ""*.py"" files, showing file name and line number","grep -nH ""TODO"" *.py"
"Generate a UUID and store it in a variable ""UUID""",UUID=$(cat /proc/sys/kernel/random/uuid) && echo $UUID
List the 5 most memory‑intensive processes,ps aux --sort=-%mem | head -n 6
"Display a colored directory tree using ""tree"" (install if missing)",tree -C
"Show the checksum (SHA256) of the file ""archive.tar.gz""",sha256sum archive.tar.gz
"Schedule a one‑time job to run ""cleanup.sh"" at 23:30 today using at","echo ""/path/to/cleanup.sh"" | at 23:30"
"Convert a PDF ""doc.pdf"" to a series of PNG images using ImageMagick",convert -density 300 doc.pdf page_%03d.png
Show the current terminal's size (rows and columns),stty size
"Create a backup of the MySQL database ""mydb"" to ""mydb.sql"" using mysqldump",mysqldump -u root -p mydb > mydb.sql
"Restore the MySQL database ""mydb"" from ""mydb.sql""",mysql -u root -p mydb < mydb.sql
"Display the last 10 entries of the system log file ""/var/log/syslog""",tail -n 10 /var/log/syslog
"Show a summary of the top 5 directories consuming the most disk space in ""/var""",du -sh /var/* | sort -hr | head -n 5
"Compress a directory ""logs/"" into a zip file ""logs.zip"" preserving permissions",zip -r -X logs.zip logs/
Upgrade all installed packages on an Ubuntu system (non‑interactive),sudo DEBIAN_FRONTEND=noninteractive apt-get upgrade -y
"Activate the virtual environment ""venv""",source venv/bin/activate
Display the current load average,cat /proc/loadavg
"Search for the string ""password"" in all files under ""/etc"" but ignore binary files","grep -R ""password"" /etc --binary-files=without-match"
"Create a hard link named ""link.txt"" to the file ""original.txt""",ln original.txt link.txt
"Show the size of the file ""video.mp4"" in megabytes with one decimal place",du -BM video.mp4 | cut -f1
Display the current system's timezone,"timedatectl | grep ""Time zone"""
List all mounted filesystems with their mount points,mount | column -t
"Show the difference between two text files ""old.txt"" and ""new.txt"" side by side",sdiff -s old.txt new.txt
"Create a text file ""list.txt"" containing the names of all "".log"" files in the current directory",ls *.log > list.txt
"Append the current date and time to the file ""log.txt""",date >> log.txt
Show the current shell's exit status of the last command,echo $?
"Display the first 5 entries of the system journal for the ""ssh"" service",journalctl -u ssh -n 5 --no-pager
"Compress a directory ""data/"" using tar with bzip2 compression",tar -cjvf data.tar.bz2 data/
"Extract a bzip2‑compressed tarball ""data.tar.bz2""",tar -xjvf data.tar.bz2
List the IPv4 addresses of all network interfaces in a compact format,ip -4 -brief address
Show the current process tree in a hierarchical view,pstree -p
"Create a new crontab entry that runs ""/usr/local/bin/cleanup.sh"" every Sunday at 03:00","(crontab -l 2>/dev/null; echo ""0 3 * * 0 /usr/local/bin/cleanup.sh"") | crontab -"
"Find all files with the extension "".bak"" that were modified more than 30 days ago and delete them","find . -type f -name ""*.bak"" -mtime +30 -delete"
"Show the size of each file in the current directory in a human‑readable format, sorted largest first",ls -lhS
Display the current Bash shell options,shopt
"Create a new file ""notes.txt"" and open it in the default editor",${EDITOR:-nano} notes.txt
"Search recursively for the regex ""^func_.*\(\)"" in all "".c"" files, showing line numbers","grep -R -nE ""^func_.*\(\)"" *.c"
Show the total number of CPU cores and threads,"lscpu | grep -E ""^CPU\(s\):|^Thread"""
"Create a 1 GB file named ""bigfile"" filled with zeros",dd if=/dev/zero of=bigfile bs=1M count=1024
"Display a progress bar while copying ""bigfile"" to ""/mnt/backup/"" using pv",pv bigfile > /mnt/backup/bigfile
"List all users on the system from ""/etc/passwd""",cut -d: -f1 /etc/passwd
"Display the list of available shells from ""/etc/shells""",cat /etc/shells
List all files in the current directory with details,"ls -l
-rw-r--r-- 1 user group 0 Jan 1 file1.txt
-rw-r--r-- 1 user group 0 Jan 1 file2.txt"
List hidden files only,ls -d .??*
Count the number of lines in /var/log/syslog,"wc -l /var/log/syslog
12345 /var/log/syslog"
Display the first 10 lines of /etc/passwd,"head -n 10 /etc/passwd
root:x:0:0:root:/root:/bin/bash
... (8 more lines)"
"Search for the word ""ERROR"" in the log file and show line numbers","grep -n ""ERROR"" /var/log/syslog
42:ERROR failed to start service
87:ERROR disk full"
"Replace all occurrences of ""foo"" with ""bar"" in file.txt (in‑place)",sed -i 's/foo/bar/g' file.txt
Find all files larger than 10 MiB in /home/user,find /home/user -type f -size +10M
Create a gzipped tar archive of the directory project/ named project.tar.gz,"tar -czvf project.tar.gz project/
project/
project/file1.txt
project/file2.txt"
Extract the archive backup.tar.gz into /tmp/restore,mkdir -p /tmp/restore && tar -xzvf backup.tar.gz -C /tmp/restore
Display a summary of memory usage,"free -h
              total        used        free      shared  buff/cache   available
Mem:           15Gi       6.2Gi       2.1Gi       256Mi       6.7Gi        8.5Gi
Swap:         2.0Gi       0.0Gi       2.0Gi"
Show the top 5 processes by memory consumption,"ps aux --sort=-%mem | head -n 6
USER       PID %CPU %MEM    VSZ   RSS TTY      STAT START   TIME COMMAND
root         1  0.0  0.1 225280  1120 ?        Ss   Jan01   0:05 /sbin/init
... (4 more lines)"
Continuously monitor changes to /var/log/auth.log,tail -F /var/log/auth.log
Ping google.com 4 times and show a summary,"ping -c 4 google.com
PING google.com (142.250.72.14) 56(84) bytes of data.
--- google.com ping statistics ---
4 packets transmitted, 4 received, 0% packet loss, time 3004ms"
Download the file example.txt from https://example.com using curl and save as example.txt,curl -o example.txt https://example.com/example.txt
Copy local file report.pdf to remote host backup@192.168.1.100:/backups/ using scp,scp report.pdf backup@192.168.1.100:/backups/
Create a new user called devuser with a home directory,sudo useradd -m devuser
Give the file script.sh executable permissions for the owner only,chmod u+x script.sh
Recursively change ownership of /var/www to www-data:www-data,sudo chown -R www-data:www-data /var/www
Show the calendar for the current month,"cal
     March 2026
Su Mo Tu We Th Fr Sa
       1  2  3  4  5
 6  7  8  9 10 11 12
13 14 15 16 17 18 19
20 21 22 23 24 25 26
27 28 29 30 31"
Print the current date in ISO‑8601 format,"date -I
2026-03-23"
Schedule a one‑time job to run /usr/local/bin/backup.sh at 02:30 tomorrow using at,"echo ""/usr/local/bin/backup.sh"" | at 02:30 tomorrow"
List all currently running services (systemd),systemctl list-units --type=service --state=running
Restart the nginx service,sudo systemctl restart nginx
Show all environment variables,printenv
"Set the environment variable API_KEY to ""12345"" for the current session",export API_KEY=12345
"Append the line ""export PATH=$PATH:/opt/bin"" to ~/.bashrc",echo 'export PATH=$PATH:/opt/bin' >> ~/.bashrc
Concatenate file1.txt and file2.txt into combined.txt,cat file1.txt file2.txt > combined.txt
Sort numbers.txt numerically and save the result to sorted.txt,sort -n numbers.txt > sorted.txt
Find and delete all empty files under /tmp,find /tmp -type f -empty -delete
Print the second column of data.csv using awk,"awk -F',' '{print $2}' data.csv"
"Insert the line ""# Header"" at the beginning of config.cfg using sed",sed -i '1i # Header' config.cfg
"Search for ""TODO"" in *.py files with colour highlighting","grep --color=auto -R ""TODO"" *.py"
Find all *.sh files and make them executable using find and exec,"find . -type f -name ""*.sh"" -exec chmod +x {} \;"
Compress all .log files in logs/ into logs.tar.gz using xargs,"find logs/ -name ""*.log"" -print0 | xargs -0 tar -czvf logs.tar.gz"
Read lines from input.txt and print each with its line number using a while loop,"nl -ba input.txt | while read num line; do echo ""[$num] $line""; done"
Rename all .jpeg files to .jpg in the current directory using a for loop,"for f in *.jpeg; do mv -- ""$f"" ""${f%.jpeg}.jpg""; done"
"Write a case statement that prints ""Yes"" for input y/Y and ""No"" for n/N, otherwise ""Invalid""","read -r ans
case ""$ans"" in
  [yY]) echo ""Yes"" ;;
  [nN]) echo ""No"" ;;
  *) echo ""Invalid"" ;;
esac"
Define a Bash function backup() that creates a tar.gz of /etc and stores it in /tmp with a timestamp,"backup() {
  ts=$(date +%Y%m%d_%H%M%S)
  tar -czf ""/tmp/etc_backup_$ts.tar.gz"" /etc
}
# Usage: backup"
Set a trap to clean up temporary file /tmp/tmpfile when the script receives SIGINT,"tmpfile=/tmp/tmpfile
trap 'rm -f ""$tmpfile""; echo ""Cleaned up""' SIGINT"
"Send a POST request with JSON payload {""name"":""test""} to https://api.example.com using curl","curl -X POST -H ""Content-Type: application/json"" -d '{""name"":""test""}' https://api.example.com"
"Parse the field ""status"" from response.json using jq","jq '.status' response.json
""success"""
Clone the repository https://github.com/user/repo.git and checkout the develop branch,git clone https://github.com/user/repo.git && cd repo && git checkout develop
Run an Ubuntu Docker container mounting the current directory to /app and start a bash shell,"docker run -it --rm -v ""$(pwd):/app"" ubuntu bash"
Show the status of the sshd service using systemctl,systemctl status sshd
List all iptables rules in the filter table,sudo iptables -L -v -n
Synchronize the directory /var/www/ to /backup/www/ preserving permissions using rsync,rsync -avz /var/www/ /backup/www/
"Display the first 10 lines of a file named ""log.txt"".",head -n 10 log.txt
"Find all ""*.py"" files larger than 100 KB in ""/home/user"" and delete them.","find /home/user -type f -name ""*.py"" -size +100k -delete"
"Show the current disk usage of the ""/var"" partition in a human‑readable format.",du -sh /var
"Display the last 20 lines of ""/var/log/syslog"" and keep updating as new lines are added.",tail -n 20 -f /var/log/syslog
"Search recursively for the string ""TODO"" in all "".c"" files under ""src/"" and print file names and line numbers.","grep -rn ""TODO"" --include=""*.c"" src/"
"Replace all occurrences of ""foo"" with ""bar"" in place in the file ""data.txt"" using sed.",sed -i 's/foo/bar/g' data.txt
"Create a new directory tree ""project/src/utils"" in one command.",mkdir -p project/src/utils
"List the 5 largest files in the current directory, sorted by size.",ls -lS | head -n 5
"Display the environment variable ""PATH"" with each entry on a separate line.","echo ""$PATH"" | tr ':' '\n'"
"Combine the contents of all "".md"" files in ""docs/"" into a single file ""all.md"".",cat docs/*.md > all.md
"Download a file from ""https://example.com/file.zip"" using curl and show a progress bar.",curl -O --progress-bar https://example.com/file.zip
"Upload ""backup.tar.gz"" to a remote server ""user@host:/backups"" using scp.",scp backup.tar.gz user@host:/backups
"Show the last modification time of the file ""script.sh"".",stat -c %y script.sh
"Print the first field (username) of each line in ""/etc/passwd"".",cut -d: -f1 /etc/passwd
"Create a symbolic link named ""latest.log"" that points to ""log_2024_03_22.txt"".",ln -s log_2024_03_22.txt latest.log
"Display a tree view of the directory ""src"" up to depth 2.",tree -L 2 src
"Show the total number of lines across all "".py"" files in the current directory and subdirectories.","find . -name ""*.py"" -exec cat {} + | wc -l"
"Convert the file ""image.png"" to ""image.jpg"" using ImageMagick.",convert image.png image.jpg
Print the current user's username.,whoami
Show the top 10 processes by memory usage.,ps aux --sort=-%mem | head -n 11
"Create a bash function called ""mkcd"" that creates a directory and immediately changes into it.","mkcd() { mkdir -p ""$1"" && cd ""$1""; }"
"Display the difference between two files ""old.cfg"" and ""new.cfg"" with line numbers.",diff -u -c old.cfg new.cfg
"Schedule a command ""backup.sh"" to run at 2 AM daily using cron (output the crontab line).",0 2 * * * /path/to/backup.sh
"Check if the command ""git"" is available on the system and print a message accordingly.","command -v git >/dev/null && echo ""Git is installed"" || echo ""Git is not installed"""
"Extract only the ""README.md"" file from ""archive.zip"" without extracting the rest of the archive.",unzip -j archive.zip README.md
"Replace tabs with four spaces in all "".c"" files under ""src/"" in place.","find src/ -name ""*.c"" -exec sed -i 's/\t/    /g' {} +"
Print the IP address of the machine's primary network interface (assume eth0).,ip -4 addr show eth0 | grep -oP '(?<=inet\s)\d+(\.\d+){3}'
"Create a new empty file named ""TODO.txt"" only if it does not already exist.",[[ ! -e TODO.txt ]] && touch TODO.txt
"Compress the directory ""logs"" into a zip archive named ""logs.zip"" without storing directory paths.",zip -j logs.zip logs/*
"Display the number of lines, words, and bytes in the file ""report.pdf"" using wc.",wc -lwb report.pdf
"Run a Python one‑liner that prints ""Hello, World!"" from the command line.","python3 -c ""print('Hello, World!')"""
Monitor the CPU usage of the process with PID 1234 in real time.,top -p 1234 -b
"Search for the pattern ""^ERROR"" at the beginning of lines in ""app.log"" and write matches to ""errors.log"".",grep '^ERROR' app.log > errors.log
"Print the first column of the output of ""df -h"" (the filesystem names).",df -h | awk '{print $1}'
"Show the current memory usage in megabytes, sorted by the amount used.","free -m | awk 'NR==2{print $3"" MB used""}'"
"Replace the string ""localhost"" with the machine's hostname in the file ""config.ini"" and save changes in place.","sed -i ""s/localhost/$(hostname)/g"" config.ini"
Print the total number of files (including hidden) in the current directory.,shopt -s dotglob; echo $(echo * | wc -w)
"Show a progress bar while copying a large file ""big.iso"" to ""/mnt/backup/"" using rsync.",rsync --progress big.iso /mnt/backup/
"Create a cron job that runs ""cleanup.sh"" at midnight on the first day of each month (output the crontab line).",0 0 1 * * /path/to/cleanup.sh
"Find all symbolic links in ""/usr/local/bin"" and list their targets.",find /usr/local/bin -type l -exec ls -l {} +
"Combine the output of ""ls"" and ""pwd"" into a single line separated by a colon.","echo ""$(ls):$(pwd)"""
"Create a text file ""numbers.txt"" containing numbers 1 through 100, one per line, using seq.",seq 1 100 > numbers.txt
"Search for the word ""failure"" in all log files under ""/var/log"" and display the count of matching lines per file.","grep -c ""failure"" /var/log/*.log"
Show detailed information for files in the current directory,ls -l
Display the size of the /var directory in a human‑readable format,du -sh /var
Find all .log files under /var/log recursively,"find /var/log -type f -name ""*.log"""
"Search for the string ""ERROR"" in all .log files in /var/log","grep -R ""ERROR"" /var/log/*.log"
"Count the number of lines, words, and characters in file.txt",wc file.txt
Show the first 10 lines of a file named report.txt,head -n 10 report.txt
Show the last 20 lines of a file named report.txt,tail -n 20 report.txt
Copy all .txt files from the current directory to /tmp/backups,cp *.txt /tmp/backups/
"Move the file data.csv to the archive directory, renaming it to data_2023.csv",mv data.csv archive/data_2023.csv
Delete all .tmp files in the current directory without prompting,rm -f *.tmp
Display the first 5 columns of a CSV file using awk,"awk -F',' '{print $1,$2,$3,$4,$5}' data.csv"
"Replace all occurrences of ""foo"" with ""bar"" in file.txt and save changes in‑place",sed -i 's/foo/bar/g' file.txt
List all currently running processes sorted by memory usage,ps aux --sort=-%mem
Download a file from https://example.com/file.zip to the current directory,curl -O https://example.com/file.zip
Extract a tar.gz archive named backup.tar.gz into the current directory,tar -xzvf backup.tar.gz
Compress the directory logs into a gzipped tarball named logs.tar.gz,tar -czvf logs.tar.gz logs/
Display the top 5 most used commands from your bash history,"history | awk '{CMD[$2]++} END {for (c in CMD) print CMD[c], c}' | sort -nr | head -5"
Find all files larger than 100 MB in /home and list their sizes,"find /home -type f -size +100M -exec ls -lh {} \; | awk '{print $5, $9}'"
Show the last 5 entries of the system journal,journalctl -n 5
Monitor real‑time changes to the syslog file,tail -f /var/log/syslog
"Append the line ""alias ll='ls -la'"" to your .bashrc file","echo ""alias ll='ls -la'"" >> ~/.bashrc"
Reload the .bashrc file without logging out,source ~/.bashrc
Show the difference between file1.txt and file2.txt,diff file1.txt file2.txt
"Count how many times the word ""failed"" appears in syslog","grep -o ""failed"" /var/log/syslog | wc -l"
Schedule a command to run at 3 am tomorrow using at,"echo ""/usr/local/bin/backup.sh"" | at 03:00 tomorrow"
Create a cron job that runs /usr/local/bin/cleanup.sh every Sunday at 2 am,"(crontab -l 2>/dev/null; echo ""0 2 * * 0 /usr/local/bin/cleanup.sh"") | crontab -"
Show the hardware model of the machine,cat /sys/devices/virtual/dmi/id/product_name
List all installed packages on a Debian‑based system,dpkg -l
"Search the manual page for the term ""network"" in the ls command description","man ls | grep -i ""network"""
Print the first 3 fields of each line in data.tsv (tab‑separated),cut -f1-3 data.tsv
Show the current load averages,cat /proc/loadavg
Display the last 10 lines of the output of a long‑running command without buffering,some_long_command | stdbuf -oL tail -n 10
"Create a Bash array named fruits containing ""apple"", ""banana"", and ""cherry""","fruits=(""apple"" ""banana"" ""cherry"")"
"Iterate over the files in the current directory and print each name prefixed with ""File:""","for f in *; do echo ""File: $f""; done"
"Run the command ""make"" and capture both stdout and stderr to build.log",make > build.log 2>&1
Find the process ID of the nginx master process,pidof nginx
Print a progress bar while copying a large file using pv,pv largefile.iso > /dev/null
List all files and directories in the current folder in long format.,ls -l
"Show hidden files in the current directory, sorted by modification time, newest first.",ls -la --sort=time
Count how many regular files are in the /var/log directory.,find /var/log -type f | wc -l
Display the first 10 lines of the system log file /var/log/syslog.,head -n 10 /var/log/syslog
Show the last 20 lines of the Apache access log and follow new entries in real time.,tail -n 20 -f /var/log/apache2/access.log
"Search for the string ""ERROR"" in all .log files under /var/log, ignoring case.","grep -i ""ERROR"" /var/log/*.log"
"Recursively search for the pattern ""TODO"" in all source files under the current directory, showing line numbers.","grep -Rni ""TODO"" ."
"Replace all occurrences of ""foo"" with ""bar"" in file config.txt, creating a backup named config.txt.bak.",sed -i.bak 's/foo/bar/g' config.txt
Print the 5th column of the colon‑separated file /etc/passwd.,cut -d':' -f5 /etc/passwd
"Show the disk usage of each subdirectory in /home, sorted by size, human‑readable.",du -h --max-depth=1 /home | sort -hr
Create a compressed tarball named backup.tar.gz containing the directory /etc/nginx.,tar -czvf backup.tar.gz /etc/nginx
"Extract the archive backup.tar.gz into /tmp, preserving permissions.",tar -xzvf backup.tar.gz -C /tmp
Show the current CPU usage as a percentage using the top command in batch mode.,"top -b -n1 | grep ""Cpu(s)"""
List all listening TCP ports with the associated process name and PID.,ss -tlnp
Show the current git branch in the repository located at ~/projects/myrepo.,git -C ~/projects/myrepo rev-parse --abbrev-ref HEAD
Create a new branch called feature/login and switch to it in the same repository.,git -C ~/projects/myrepo checkout -b feature/login
"Stage all changed files and commit them with the message ""Update config files"".","git -C ~/projects/myrepo add . && git -C ~/projects/myrepo commit -m ""Update config files"""
Pull the latest changes from the remote origin's main branch.,git -C ~/projects/myrepo pull origin main
"Show the last 5 commits on the current branch, one line each.",git -C ~/projects/myrepo log --oneline -5
Start an SSH session to user@example.com on port 2222.,ssh -p 2222 user@example.com
"Copy the local file report.pdf to the remote host /tmp directory using scp, preserving timestamps.",scp -p report.pdf user@example.com:/tmp/
"Synchronize the local directory ./data with the remote directory /var/backups on server.example.com using rsync over SSH, showing progress.",rsync -avz --progress ./data/ user@server.example.com:/var/backups/
Show the IPv4 address of the eth0 interface using ip command.,ip -4 addr show dev eth0 | grep -oP '(?<=inet\s)\d+(\.\d+){3}'
"Display a tree view of the current directory up to depth 2, showing hidden files.",tree -L 2 -a
"Print the current working directory, but replace the home directory path with a tilde (~).","pwd | sed ""s|$HOME|~|"""
Generate a random password of 16 characters using OpenSSL and store it in the variable PASS.,PASS=$(openssl rand -base64 12)
"Monitor the number of open file descriptors for the process with PID 1234 every 5 seconds, 3 times.",for i in {1..3}; do lsof -p 1234 | wc -l; sleep 5; done
"Print the usernames of all users currently logged in, one per line, without duplicates.",who | awk '{print $1}' | sort -u
Create a symbolic link named latest.log pointing to /var/log/app/2023-09-01.log.,ln -s /var/log/app/2023-09-01.log latest.log
"Change the permissions of all .sh files in the current directory to be executable by the owner, group and others.",chmod a+x *.sh
Show the size of the file /var/log/syslog in a human‑readable format.,du -h /var/log/syslog | cut -f1
Append the current date and time to the file /var/log/maintenance.log.,date >> /var/log/maintenance.log
"List the 10 most memory‑intensive processes, showing PID, user, and %MEM, sorted descending.","ps -eo pid,user,%mem --sort=-%mem | head -n 11"
Convert the JSON file data.json into a pretty‑printed format using jq.,jq '.' data.json
"Download the file https://example.com/archive.tar.gz and save it as /tmp/archive.tar.gz, showing a progress bar.",curl -L --progress-bar https://example.com/archive.tar.gz -o /tmp/archive.tar.gz
Extract only the file config.yaml from the archive backup.tar.gz into the current directory.,tar -xzvf backup.tar.gz config.yaml
Show the last modification time of the file /etc/hosts in ISO‑8601 format.,stat -c %y /etc/hosts | cut -d'.' -f1
"Create a Docker container named webapp from the image nginx:latest, map host port 8080 to container port 80, and run it in detached mode.",docker run -d --name webapp -p 8080:80 nginx:latest
List all Docker images that are older than 30 days and remove them.,"docker images --format ""{{.Repository}} {{.Tag}} {{.CreatedAt}}"" | while read repo tag created; do if [[ $(date -d ""$created"" +%s) -lt $(date -d ""30 days ago"" +%s) ]]; then docker rmi ""$repo:$tag""; fi; done"
"Display the calendar for the current month, highlighting today.",cal -h
Create a new user called developer with a home directory at /home/developer and add them to the sudo group.,sudo useradd -m -d /home/developer -G sudo developer
"Compress the directory logs/ into a zip file named logs.zip, preserving the directory structure.",zip -r logs.zip logs/
"Extract the zip file logs.zip into /var/tmp, overwriting existing files without prompting.",unzip -o logs.zip -d /var/tmp
"List all open network connections and the processes that own them, filtering for those in the ESTABLISHED state.",ss -tunap | grep ESTAB
Print the SHA256 checksum of the file iso_image.iso.,sha256sum iso_image.iso
Schedule a cron job that runs /usr/local/bin/backup.sh every day at 2 am.,"(crontab -l 2>/dev/null; echo ""0 2 * * * /usr/local/bin/backup.sh"") | crontab -"
Convert the text file data.txt to uppercase using tr and write the result to data_upper.txt.,tr '[:lower:]' '[:upper:]' < data.txt > data_upper.txt
"Display the first field (username) from the /etc/passwd file, sorted alphabetically, without duplicates.",cut -d':' -f1 /etc/passwd | sort -u
Show a progress bar while copying a large file large.iso to /mnt/backup using pv.,pv large.iso > /mnt/backup/large.iso
Print the current date in RFC‑2822 format.,date -R
"List all installed packages that contain the word ""python"" using dpkg.",dpkg -l | grep python
Find all Python files in the current directory and subdirectories,"find . -type f -name ""*.py""
./script.py
./module/utils.py"
"Search for the word ""ERROR"" (case‑insensitive) in all log files","grep -i ""ERROR"" *.log
app.log:2023-01-01 12:00:00 ERROR Failed to connect
server.log:2023-01-01 12:05:00 error Disk full"
Show the amount of free and used memory,"free -h
              total        used        free      shared  buff/cache   available
Mem:           7.8G        2.1G        4.5G        120M        1.2G        5.3G"
"Extract the tarball ""archive.tar.bz2"" into the current directory","tar -xjvf archive.tar.bz2
archive/
archive/readme.md
archive/src/"
"Download the file from ""https://example.com/file.zip"" and save it as ""file.zip""",curl -O https://example.com/file.zip
"Show the first 5 columns of the output of ""ps aux""","ps aux | awk '{print $1,$2,$3,$4,$5}'
USER       PID %CPU %MEM VSZ"
"Create a new directory called ""logs"" and set its permissions to 750",mkdir -m 750 logs
"Append the text ""Completed"" to the file ""status.log""","echo ""Completed"" >> status.log"
"Run the command ""make"" and display only the lines that contain the word ""error""","make 2>&1 | grep -i error
make[1]: *** [all] Error 1"
"Display the last modification time of the file ""report.pdf""","stat -c %y report.pdf
2023-01-01 10:15:30.000000000 +0000"
"Create a symbolic link named ""latest.log"" that points to ""log_20230101.txt""",ln -s log_20230101.txt latest.log
"Print the contents of ""data.json"" with syntax highlighting using ""jq""","jq . data.json
{
  ""name"": ""example"",
  ""value"": 42
}"
"Compress the file ""largefile.bin"" using gzip and keep the original",gzip -c largefile.bin > largefile.bin.gz
"Decompress the file ""archive.gz"" and write the output to ""archive""",gunzip -c archive.gz > archive
Display the current Git branch in the repository,"git rev-parse --abbrev-ref HEAD
main"
"Show a tree view of the directory ""src"" up to two levels deep","tree -L 2 src
src
├── main.py
└── utils
    ├── __init__.py
    └── helpers.py"
"Search recursively for the string ""TODO"" in all "".c"" files, ignoring case","grep -Ri ""TODO"" *.c
main.c:/* TODO: implement error handling */"
Show the IP address of the machine's eth0 interface,"ip -4 addr show eth0 | grep -oP '(?<=inet\s)\d+(\.\d+){3}'
192.168.1.10"
"Schedule a command to run at 2 am tomorrow using ""at""","echo ""/usr/local/bin/backup.sh"" | at 02:00 tomorrow"
"Create a file named ""empty.txt"" if it does not exist, without modifying it if it does",touch empty.txt
Print the first field (username) from the /etc/passwd file for all users with UID greater than 1000,"awk -F: '$3>1000 {print $1}' /etc/passwd
alice
bob"
"Show the total number of lines across all "".log"" files in /var/log","cat /var/log/*.log | wc -l
12345"
"Display the top 5 directories consuming the most disk space under ""/var""","du -h /var/* | sort -hr | head -n 5
4.0G    /var/lib
2.5G    /var/log
1.2G    /var/cache
800M    /var/tmp
500M    /var/spool"
"Display the HTTP status code of a GET request to ""https://example.com""","curl -o /dev/null -s -w ""%{http_code}\n"" https://example.com
200"
Show the last 3 commit messages in the current Git repository,"git log -3 --pretty=%B
Fix bug in parser
Add new API endpoint
Update documentation"
"Print a random line from the file ""quotes.txt""","shuf -n 1 quotes.txt
""The only limit to our realization of tomorrow is our doubts of today."""
"Create a 5‑second delay before executing the command ""echo Done""","sleep 5 && echo Done
# (waits 5 seconds, then prints)"
Show the version of the installed Docker engine,"docker --version
Docker version 20.10.7, build f0df350"
List all Docker containers (running and stopped) in a table format,"docker ps -a
CONTAINER ID   IMAGE          COMMAND   CREATED       STATUS                     PORTS   NAMES"
"Copy the directory ""src"" to ""backup/src"" preserving attributes",cp -a src backup/src
"Find all symbolic links in ""/etc"" that are broken","find /etc -xtype l
/etc/old.conf"
"Show the size of the file ""video.mp4"" in a human readable format","du -h video.mp4
1.2G	video.mp4"
"Print the current PATH variable, each entry on a new line","printf ""%s\n"" $PATH | tr ':' '\n'
/usr/local/sbin
/usr/local/bin
/usr/sbin
/usr/bin
/sbin
/bin"
"Create a zip archive named ""docs.zip"" containing all "".md"" files in the ""docs"" folder","zip -r docs.zip docs/*.md
  adding: docs/README.md (deflated 45%)
  adding: docs/CONTRIBUTING.md (deflated 30%)"
"Rename all files ending with "".jpeg"" to "".jpg"" in the current directory","for f in *.jpeg; do mv ""$f"" ""${f%.jpeg}.jpg""; done"
Show the current process tree,"pstree -p
systemd(1)---sshd(1234)---bash(5678)---pstree(9101)"
"Calculate the MD5 checksum of the file ""archive.tar.gz""","md5sum archive.tar.gz
d41d8cd98f00b204e9800998ecf8427e  archive.tar.gz"
"Display the last 20 lines of the journal for the ""ssh"" service","journalctl -u ssh -n 20
-- Logs begin at Mon 2023-01-01 00:00:00 UTC, end at Mon 2023-01-01 12:00:00 UTC. --
Jan 01 10:00:00 hostname sshd[1234]: Accepted password for user from 192.168.1.5 port 54321 ssh2"
Display the last 20 lines of a file named server.log,tail -n 20 server.log
Search recursively for the word 'ERROR' in all .log files under /var/log,"grep -R ""ERROR"" /var/log/*.log"
Find all files larger than 100 MB in /home/user,find /home/user -type f -size +100M
Extract the contents of archive.tar.gz into the current directory,tar -xzf archive.tar.gz
Download a file from https://example.com/file.zip using curl and save as file.zip,curl -L -o file.zip https://example.com/file.zip
Download a file from http://example.com/data.csv using wget and show progress bar,wget --progress=bar http://example.com/data.csv
Show the current memory usage in a human‑readable format,free -h
Show the listening TCP ports and their associated processes,ss -tlnp
Display the current IP address of eth0,ip -4 addr show dev eth0 | grep -oP '(?<=inet\s)\d+(\.\d+){3}'
Create a new user called developer with a home directory,sudo useradd -m developer
Set the environment variable JAVA_HOME to /usr/lib/jvm/java-11-openjdk and export it,export JAVA_HOME=/usr/lib/jvm/java-11-openjdk
"Append a line 'alias ll=""ls -la""' to ~/.bashrc","echo 'alias ll=""ls -la""' >> ~/.bashrc"
"Show the difference between file1.txt and file2.txt, ignoring whitespace changes",diff -w file1.txt file2.txt
Replace all occurrences of 'foo' with 'bar' in config.cfg in place,sed -i 's/foo/bar/g' config.cfg
Print the 3rd column of data.csv separated by commas,"cut -d',' -f3 data.csv"
"Show the disk usage of each subdirectory in /var, sorted by size",du -sh /var/* | sort -h
Monitor file changes in real time for /var/log/syslog,tail -F /var/log/syslog
Show the SHA256 checksum of file.iso,sha256sum file.iso
Convert all .png images in the images/ folder to .jpg using ImageMagick,mogrify -format jpg images/*.png
Run a Python script named train.py with GPU support using CUDA_VISIBLE_DEVICES=0,CUDA_VISIBLE_DEVICES=0 python train.py
Start a background process that runs ./server.sh and redirect its output to server.log,nohup ./server.sh > server.log 2>&1 &
Schedule a cron job to run backup.sh at 2 am every Sunday,"(crontab -l 2>/dev/null; echo ""0 2 * * 0 /path/to/backup.sh"") | crontab -"
Show the git log of the current repository with one line per commit,git log --oneline
Create a new git branch called feature/login and switch to it,git checkout -b feature/login
"Merge the branch develop into the current branch, preferring theirs on conflicts",git merge -X theirs develop
Show the status of Docker containers,docker ps -a
"Run a Docker container from the nginx image, mapping host port 8080 to container port 80",docker run -d -p 8080:80 nginx
Copy the local directory project/ to a remote server at /home/user/project using rsync over SSH,rsync -avz -e ssh project/ user@remote:/home/user/project
"Synchronize the local backup/ directory with the remote /mnt/backup directory, deleting extraneous files",rsync -av --delete backup/ user@remote:/mnt/backup
List all open file descriptors for the process with PID 5678,lsof -p 5678
Print the current date and time in ISO 8601 format,date --iso-8601=seconds
Generate a random 16‑character alphanumeric password and store it in the variable PASS,PASS=$(openssl rand -base64 12 | tr -dc 'A-Za-z0-9' | head -c16)
Display the last 5 git commits that modified src/main.c,git log -n 5 --pretty=oneline -- src/main.c
Find all TODO comments in .py files under the src directory,"grep -R ""TODO"" src/*.py"
Loop over the files in the current directory and echo their names with line numbers,"i=1; for f in *; do echo ""$i: $f""; ((i++)); done"
"Check if the command 'jq' is installed, and if not, install it on an Ubuntu system",command -v jq >/dev/null || sudo apt-get update && sudo apt-get install -y jq
"Print the size of each file in the current directory in human readable form, sorted largest first",ls -lhS
Extract the second field (username) from /etc/passwd using awk,awk -F: '{print $1}' /etc/passwd
"Show the difference between two branches, feature and develop, limited to the src/ folder",git diff feature..develop -- src/
Set a Bash trap to delete temporary file /tmp/tmpfile on script exit,"trap ""rm -f /tmp/tmpfile"" EXIT"
Create a new systemd service file called myservice.service with a simple ExecStart,"cat <<EOF | sudo tee /etc/systemd/system/myservice.service
[Unit]
Description=My Service
[Service]
ExecStart=/usr/bin/mybinary
[Install]
WantedBy=multi-user.target
EOF
sudo systemctl daemon-reload
sudo systemctl enable myservice.service"
"Print the value of the PATH environment variable, each entry on a new line",echo $PATH | tr ':' '\n'
Find all symbolic links in /usr/bin that point to files not existing,find /usr/bin -type l ! -exec test -e {} \; -print
Create a temporary file and store its name in the variable TMPFILE,TMPFILE=$(mktemp)
"Extract all URLs from a log file, remove duplicates, and sort them in descending order based on the number of occurrences",grep -oE 'https?://[^\s]+' access.log | sort | uniq -c | sort -rn | awk '{print $2}'
"Find all files modified in the last 24 hours, tar them, and upload to a remote server using curl",find . -type f -mtime -1 -print0 | xargs -0 tar -czf updated_files.tar.gz; curl -u username:password -T updated_files.tar.gz ftp://example.com/
"Parse a JSON file, extract specific fields, and output them in CSV format","jq -r '.[] | .name, .age, .city' data.json | paste -sd ','"
"Automate the process of creating a new user, setting up their home directory, and assigning a password","function create_user() { useradd $1; mkdir /home/$1; chown $1:$1 /home/$1; echo ""$1:password"" | chpasswd; }; create_user newuser"
"Use sed to replace all occurrences of a specific string in a file, and then use diff to compare the original and modified files",sed 's/old_string/new_string/g' file.txt > modified_file.txt; diff file.txt modified_file.txt
"Find all files larger than 1GB, calculate their total size, and output the result in human-readable format","find . -type f -size +1G -exec du -h {} + | awk '{total+=$1} END {print ""Total size: "" total""B""}'"
"Write a script to backup a MySQL database, compress the backup file, and upload it to a remote server using scp",mysqldump -u username -p password database > backup.sql; gzip backup.sql; scp backup.sql.gz user@remote_server:/path/to/backup/
"Monitor network traffic using tcpdump, filter out specific packets, and save the output to a file",tcpdump -i eth0 -n -vv -s 0 -c 100 -W 100 'port 80' > network_traffic.log
"Use awk to parse a log file, extract specific fields, and calculate statistics (e.g., average, min, max)","awk '{sum+=$1; min=$1<min?$1:min; max=$1>max?$1:max} END {print ""Average: "" sum/NR; print ""Min: "" min; print ""Max: "" max}' access.log"
"Find all files modified in the last 24 hours, exclude .git and .svn directories, and print their paths along with the user who modified them and the modification time","find . -type f -mmin -1440 -not -path ""*.git/*"" -not -path ""*.svn/*"" | xargs stat -c '%n %U %y' | awk '{print $1"" ""$2"" ""$3}'"
Write a Bash function to monitor CPU usage every 5 seconds and send an alert if it exceeds 80% for more than 3 consecutive intervals,"cpu_monitor() { while true; do cpu_usage=$(top -bn1 | grep ""Cpu(s)"" | awk '{print $2}' | awk -F. '{print $1}'); if [ $cpu_usage -gt 80 ]; then echo ""CPU usage exceeded 80%""; fi; sleep 5; done; }"
"Parse a log file, extract IP addresses, and count the number of occurrences of each IP address using awk and sort",awk '{print $1}' access.log | sort | uniq -c | sort -rn | head -n 10
"Use curl to download a JSON file, parse it with jq, and extract specific fields","curl -s https://example.com/data.json | jq '.[] | {name, age}'"
Write a Bash script to automate the backup of a MySQL database using mysqldump and tar,mysqldump -u user -p password database | tar -czf backup.tar.gz -
"Find all files with the .txt extension, search for a specific pattern using grep, and print the file names and line numbers","find . -type f -name ""*.txt"" | xargs grep -n ""pattern"""
"Use sed to replace a string in a file, and then use diff to compare the original and modified files",sed -i 's/old_string/new_string/g' file.txt; diff file.txt.orig file.txt
Monitor the system logs for a specific error message and send an email alert when it occurs,"tail -f /var/log/syslog | grep --line-buffered ""error_message"" | mail -s ""Error Alert"" user@example.com"
Write a Bash function to calculate the average size of files in a directory using du and awk,avg_file_size() { du -h * | awk '{total+=$1} END {print total/NR}'; }
Use find and xargs to search for files with a specific permission and change their ownership using chown,find . -type f -perm 777 | xargs chown user:group
"Find all files modified in the last 24 hours, then use xargs to execute a command that prints the file name and modification time","find . -type f -mtime -1 -print0 | xargs -0 -I {} sh -c 'echo {} && stat -c ""%Y %n"" {}'"
Use a while loop to monitor the number of running processes and print the top 5 processes by memory usage every 5 seconds,"while true; do ps -eo pid,cmd,%mem --sort=-%mem | head -6; sleep 5; done"
Parse a JSON log file to extract and count the number of unique error messages,jq '.[] | .error' log.json | sort -u | wc -l
"Create a tarball of the current directory and upload it to a remote server using curl, then verify the upload by checking the file size",tar -czf archive.tar.gz . && curl -T archive.tar.gz http://example.com/upload && curl http://example.com/upload/archive.tar.gz | tar -tzf - | wc -c
Use awk to analyze a system log file and print the average response time for each hour of the day,"awk '{print $4"" ""$5}' access.log | awk -F: '{a[$1]++; b[$1]+=$2} END {for (i in a) print i, b[i]/a[i]}'"
"Write a Bash function to automate the deployment of a web application by cloning a Git repository, installing dependencies, and starting the server",deploy_app() { git clone https://example.com/repo.git; cd repo; npm install; npm start; }
Use sed to replace all occurrences of a specific IP address in a configuration file and then restart the affected service,sed -i 's/192.168.1.100/10.0.0.1/g' config.conf && systemctl restart service
"Find all files with a specific string in their contents, then use xargs to execute a command that prints the file name and the matching line",grep -rl 'string' . | xargs -I {} sh -c 'echo {} && grep 'string' {}'
"Use a for loop to iterate over a list of URLs, download each page using curl, and save the HTML content to a file",for url in https://example.com/page1 https://example.com/page2; do curl -s $url > $(basename $url).html; done
"Find all files larger than 100MB in the current directory and its subdirectories, and then create a tar archive of these files",find . -type f -size +100M -print0 | xargs -0 tar -czvf large_files.tar.gz
Parse the Apache access log to extract the IP addresses of clients that have made more than 100 requests in the last hour,"awk -v Date=$(date +""%d/%b/%Y:%H"") '{print $1"" ""$4}' access.log | awk -v Date=$(date +""%d/%b/%Y:%H"") '$2 ~ Date {client[$1]++} END {for (c in client) if (client[c] > 100) print c}'"
Use curl and jq to fetch the list of GitHub repositories for a given user and extract the names of the repositories,curl -s https://api.github.com/users/$1/repos | jq -r '.[] | .name'
Use awk and sort to parse the output of the 'ps' command and display the top 10 processes consuming the most memory,"ps -eo pid,pmem --sort=-pmem | head -n 11 | awk '{print $1"" ""$2""%""}'"
Create a cron job to run a Bash script every Sunday at 2am to update the system and clean up the package cache,crontab -e; 0 2 * * 0 apt update && apt full-upgrade -y && apt autoremove -y && apt clean
Use grep and xargs to find all files containing a specific string and then delete them,"grep -rl ""string"" . | xargs -0 rm"
Write a Bash function to monitor the system's disk usage and send an email when it exceeds 90% for more than 10 minutes,"monitor_disk() { while true; do disk_usage=$(df -h / | awk '/// {print $5}'); if [ $disk_usage -gt 90 ]; then echo ""Disk usage exceeded 90%"" | mail -s ""High disk usage"" admin@example.com; fi; sleep 600; done }; monitor_disk"
"Find all files modified in the last 24 hours, exclude .git directory, and print their paths and sizes in human-readable format","find . -type f -mtime -1 -not -path './.git/*' -print0 | xargs -0 du -h | awk '{print $2 "": "" $1}'"
"Monitor system logs for errors, extract IP addresses, and display the top 5 IPs with the most errors in the last hour","journalctl -u systemd -n 1000 | grep -oE '(\b[0-9]{1,3}.[0-9]{1,3}.[0-9]{1,3}.[0-9]{1,3}\b)' | awk '{ips[$0]++} END {for (ip in ips) print ip "": "" ips[ip]}' | sort -rn -k2 | head -5"
"Create a tarball of the current directory, excluding node_modules, and upload it to a remote server using curl",tar -czf archive.tar.gz . --exclude='node_modules' && curl -u username:password -T archive.tar.gz https://example.com/upload
"Write a function to parse a JSON file, extract a specific field, and print its value using jq",parse_json() { jq -r '.field' $1; }; parse_json data.json
"Use xargs to execute a command on multiple files, and handle errors using a conditional statement","find . -type f -name '*.txt' -print0 | xargs -0 -I {} sh -c 'command {} || echo ""Error processing {}""'"
"Find the average CPU usage of a process over the last 10 minutes, using top and awk",top -b -n 10 -d 60 -p $(pgrep process_name) | awk '{cpu+=$9} END {print cpu/NR}'
"Create a script to automate the backup of a database, using mysqldump and gzip","backup_db() { mysqldump -u username -p password database_name | gzip > backup_$(date +""%Y-%m-%d"").sql.gz; }; backup_db"
"Monitor a log file for a specific pattern, and trigger an action using a conditional statement",tail -f log_file.log | grep -q 'pattern' && { action_to_trigger; }
"Use sed to replace a string in multiple files, and handle errors using a try-catch block",sed -i 's/old_string/new_string/g' *.txt || { echo 'Error replacing string'; exit 1; }
"Create a function to parse an XML file, extract a specific attribute, and print its value using xmllint",parse_xml() { xmllint --xpath '//@attribute' $1; }; parse_xml data.xml
"Find all files modified in the last 24 hours, sort them by size, and print the top 10 largest files",find . -type f -mtime -1 -exec du -h {} + | sort -rh | head -10
"Parse a JSON log file, extract IP addresses, and count the number of occurrences of each IP address",jq -r '.ip' log.json | sort | uniq -c | sort -rn
"Use curl to download a list of URLs from a file, and save each response to a separate file with a .html extension",curl -s -o output.html $(cat urls.txt); for url in $(cat urls.txt); do curl -s -o ${url##*/}.html $url; done
"Use awk to parse a log file, extract the average response time, and print it to 2 decimal places","awk '{sum+=$3} END {print sum/NR}' log.txt | awk '{printf ""%.2f"", $1}'"
"Use xargs to execute a command on a list of files, and handle errors by logging them to a separate file",find . -type f -name '*.txt' -print0 | xargs -0 -I {} sh -c 'command {} 2>> errors.log'
"Use tar to create a compressed archive of a directory, and exclude all files with the .tmp extension",tar -czf archive.tar.gz --exclude '*.tmp' directory
"Use jq to parse a JSON object, extract a nested value, and print it to the console",jq -r '.key.subkey.value' json.json
"Use a Bash loop to iterate over a list of numbers, and use sed to replace each number with its double in a text file",for i in {1..10}; do sed -i 's/$i/'$((i*2))'/g' file.txt; done
"Extract IP addresses from a log file, filter out private IPs, and count the occurrences of each IP","grep -oE '\b([0-9]{1,3}.){3}[0-9]{1,3}\b' access.log | grep -vE '10\.|172\.16|192\.168' | sort | uniq -c | sort -rn"
"Parse a JSON file, extract specific fields, and convert to CSV","jq -r '.[] | .name, .age' data.json | paste -d, - - > output.csv"
"Automate the process of updating a package list, installing new packages, and cleaning up",apt update && apt full-upgrade -y && apt autoremove -y && apt clean
"Use xargs to execute a command on multiple files, handling errors and output",find . -type f -name '*.txt' -print0 | xargs -0 -I {} sh -c 'echo {}; cat {}' 2> errors.log
"Create a function to backup a database, compress it, and upload to a cloud storage",backup_db() { mysqldump -u user -p pass db_name | gzip > backup.sql.gz; curl -X PUT --data-binary @backup.sql.gz https://example.com/upload; }
"Analyze system logs to detect potential security threats, using grep and awk","grep -E 'failed|error' /var/log/auth.log | awk '{print $1, $2, $3}' | sort | uniq -c | sort -rn"
"Write a script to monitor disk space, sending alerts when usage exceeds 90%",while true; do disk_usage=$(df -h / | awk 'NR==2 {print $5}'); if [ $disk_usage -gt 90 ]; then echo 'Disk usage high' | mail -s 'Alert' admin@example.com; fi; sleep 3600; done
"Extract the IP addresses from a log file 'access.log' using grep and awk, then sort and count the occurrences of each IP","grep -oE '\b([0-9]{1,3}.){3}[0-9]{1,3}\b' access.log | awk '{ips[$0]++} END {for (ip in ips) print ip, ips[ip]}' | sort -rn -k2"
"Monitor the system logs for errors and warnings, then send an email notification with the log entries using curl","tail -f /var/log/syslog | grep -E 'ERROR|WARNING' | while read line; do curl -s --url 'smtps://smtp.example.com:465' --ssl-reqd --mail-from 'syslog@example.com' --mail-rcpt 'admin@example.com' --upload-file <(echo ""$line""); done"
"Create a function to backup a MySQL database using mysqldump, then compress the backup file using gzip",backup_db() { mysqldump -u $1 -p$2 $3 | gzip > $3.sql.gz; }; backup_db 'username' 'password' 'database_name'
Use xargs to find and delete all empty files in the current directory and its subdirectories,find . -type f -empty -print0 | xargs -0 rm
"Parse a JSON file 'data.json' using jq, then extract the values of a specific key 'name' and print them to the console",jq -r '.[] | .name' data.json
"Write a script to monitor the CPU usage of a process using top, then send an email notification if the usage exceeds 80%","while true; do cpu_usage=$(top -b -n 1 | awk '/process_name/ {print $9}'); if [ $cpu_usage -gt 80 ]; then curl -s --url 'smtps://smtp.example.com:465' --ssl-reqd --mail-from 'cpu@example.com' --mail-rcpt 'admin@example.com' --upload-file <(echo ""CPU usage exceeded 80%""); fi; sleep 1; done"
"Find all files with a specific extension '.log' in the current directory and its subdirectories, then concatenate them to a single file 'all_logs.log'",find . -type f -name '*.log' -exec cat {} + > all_logs.log
Use sed to replace a specific string 'old_string' with 'new_string' in all files in the current directory and its subdirectories,find . -type f -exec sed -i 's/old_string/new_string/g' {} +
"Create a function to download a file from a URL using curl, then verify the integrity of the file using sha256sum",download_file() { curl -s -o $1 $2; sha256sum $1 | grep $3; }; download_file 'file.txt' 'https://example.com/file.txt' 'expected_sha256_sum'
"Use curl to download a JSON file from a URL, then use jq to parse it and extract the values of a specific key.",curl -s https://example.com/data.json | jq -r '.[] | .key'
"Find all lines in a log file that contain a specific error message, then use sed to replace the error message with a custom string.","grep -n ""error message"" log.txt | sed -i 's/error message/custom string/g' log.txt"
"Use find and xargs to search for files with a specific extension, then use sed to replace a string in those files.","find . -type f -name ""*.txt"" -print0 | xargs -0 sed -i 's/old string/new string/g'"
"Write a Bash function to automate the deployment of a web application using git, tar, and ssh.","deploy_app() { git archive -o latest.tar.gz HEAD; ssh user@host ""tar -xzf latest.tar.gz && rm latest.tar.gz""; }; deploy_app"
"Parse a log file, extract lines with the word 'error', and count the occurrences of each error type using awk and sort",awk '/error/ {print $NF}' log.txt | sort | uniq -c | sort -rn
"Find all files modified in the last 24 hours, tar them, and upload to a remote server using curl and ssh",find . -type f -mtime -1 -print0 | tar -czf - --null -T - | curl -u user:pass -X PUT 'https://example.com/upload' -H 'Content-Type: application/gzip' --data-binary @-
"Extract IP addresses from a log file using grep and sed, and sort them in descending order","grep -oE '\b([0-9]{1,3}.){3}[0-9]{1,3}\b' log.txt | sed 's/\./,/g' | sort -t, -k4 -rn"
"Create a function to backup a directory using tar and gzip, and schedule it to run daily using cron",backup_dir() { tar -czf backup.tar.gz $1; }; echo '0 0 * * * backup_dir /path/to/dir' >> crontab.txt
"Parse JSON data from a curl response using jq, and extract specific fields","curl 'https://example.com/data.json' | jq '.[] | .name, .age, .city'"
"Find all files with a specific extension, and execute a command on them using find and xargs",find . -type f -name '*.txt' -print0 | xargs -0 -I {} sh -c 'echo {} && cat {} | wc -l'
"Monitor disk space usage, and alert if it exceeds 80% using a while loop and df command",while true; do disk_usage=$(df -h / | awk '//$/ {print $5}'); if [ ${disk_usage//%/} -gt 80 ]; then mail -s 'Disk space alert' user@example.com <<< 'Disk space is $disk_usage'; fi; sleep 5; done
Create a mini-script to automate system updates using apt-get and apt-cache,apt_update() { apt-get update && apt-get upgrade -y; }; apt_cache() { apt-cache search $1; }; case $1 in update) apt_update;; search) apt_cache $2;; esac
"Extract lines from a log file that contain a specific string, and calculate the average response time using awk and sort",awk '/string/ {print $NF}' log.txt | awk '{sum+=$1} END {print sum/NR}'
"Find all files larger than 100MB in the current directory and its subdirectories, then use xargs to delete them, and finally print the number of deleted files",find . -type f -size +100M -print0 | xargs -0 rm -v | wc -l
"Extract the IP addresses from a log file using grep and awk, then sort and count the occurrences of each IP address","grep -oE '\b([0-9]{1,3}.){3}[0-9]{1,3}\b' log.txt | awk '{ips[$0]++} END {for (ip in ips) print ip, ips[ip]}' | sort -rn -k2"
"Monitor the system logs for errors and warnings, and send an email notification when a new error or warning is found","tail -f /var/log/syslog | grep -E 'ERROR|WARNING' | while read line; do echo ""$line"" | mail -s 'System Log Error/Warning' admin@example.com; done"
"Use curl to download a JSON file, then use jq to extract the values of a specific key, and finally use sed to replace a string in the extracted values",curl -s https://example.com/data.json | jq -r '.key[]' | sed 's/old_string/new_string/g'
"Find all files with a specific extension (e.g., .txt) in the current directory and its subdirectories, then use tar to archive them, and finally use curl to upload the archive to a remote server",find . -type f -name '*.txt' -print0 | tar -czf archive.tar.gz -T - | curl -X POST -H 'Content-Type: application/gzip' --data-binary '@archive.tar.gz' https://example.com/upload
"Parse a log file to extract the average response time, and use awk to calculate the average value","grep 'response_time' log.txt | awk '{sum+=$3} END {print ""Average response time: "" sum/NR}'"
"Use a loop to iterate over a list of files, and for each file, use sed to replace a string, then use gzip to compress the file",for file in file1.txt file2.txt file3.txt; do sed 's/old_string/new_string/g' $file > $file.tmp; gzip $file.tmp; mv $file.tmp.gz $file.gz; done
"Monitor the system CPU usage, and when it exceeds 80%, use a script to send a notification email and restart a specific service",while true; do cpu_usage=$(top -b -n1 | awk 'NR==3 {print $9}'); if [ $cpu_usage -gt 80 ]; then echo 'CPU usage exceeded 80%' | mail -s 'CPU Usage Alert' admin@example.com; systemctl restart myservice; fi; sleep 1; done
"Use xargs to execute a command on a list of files, and use grep to filter the output",find . -type f -name '*.log' -print0 | xargs -0 grep -E 'ERROR|WARNING'
"Create a mini-script to automate the backup of a database, including the creation of a timestamped archive file and the upload of the archive to a remote server",backup_db() { timestamp=$(date +'%Y-%m-%d_%H-%M-%S'); mysqldump -u user -p password db > backup_$timestamp.sql; tar -czf backup_$timestamp.tar.gz backup_$timestamp.sql; curl -X POST -H 'Content-Type: application/gzip' --data-binary '@backup_$timestamp.tar.gz' https://example.com/upload; rm backup_$timestamp.sql backup_$timestamp.tar.gz; }; backup_db
Parse the Apache access log to find the most frequent IP addresses and sort them in descending order,awk '{print $1}' access.log | sort | uniq -c | sort -rn | head -10
Write a script to monitor CPU usage and send an email alert when it exceeds 80% for more than 5 minutes,while true; do cpu_usage=$(top -b -n2 -p 1 | awk 'NR==3{print $9}'); if [ $cpu_usage -gt 80 ]; then echo 'CPU usage exceeded 80%' | mail -s 'CPU Alert' admin@example.com; fi; sleep 300; done
Use find and xargs to search for files with the extension .txt and copy them to a backup directory,find . -type f -name '*.txt' -print0 | xargs -0 -I {} cp {} /backup/{}
Extract the JSON data from a log file and parse it using jq to find the average value of a specific field,grep -o '{.*}' log.json | jq '.field' | awk '{sum+=$1} END {print sum/NR}'
"Monitor the system for new processes and log their PID, name, and CPU usage every minute","while true; do ps -eo pid,cmd,%cpu --sort=-%cpu | head -10 >> process_log.txt; sleep 60; done"
Parse the output of the netstat command to find the top 5 ports with the most established connections,netstat -an | grep ESTABLISHED | awk '{print $4}' | sort | uniq -c | sort -rn | head -5
Create a script to download a list of URLs using curl and save them to a specific directory,while IFS= read -r url; do curl -o /downloads/${url##*/} $url; done < url_list.txt
Use awk to analyze the system's memory usage and print the top 5 processes consuming the most memory,"ps -eo pid,cmd,%mem --sort=-%mem | head -6 | awk '{print $1, $2, $3}'"
"Find all files modified in the last 24 hours, exclude .git and node_modules directories, and list them with their modification time","find . -type f -mmin -1440 -not -path ""*.git*"" -not -path ""*node_modules*"" -print0 | xargs -0 stat -c '%Y %n' | sort -n"
"Parse a JSON log file, extract the 'message' field, and count the occurrences of each unique message",jq -r '.message' log.json | sort | uniq -c | sort -rn
"Create a tarball of the current directory, excluding .git and node_modules, and upload it to a remote server using scp",tar -czf archive.tar.gz . --exclude=.git --exclude=node_modules; scp archive.tar.gz user@remote-server:/path/to/remote/directory
"Use awk to parse a CSV file, calculate the sum of the 'value' column, and print the result","awk -F, '{sum+=$2} END {print sum}' data.csv"
"Find all files with the .log extension, and for each file, extract the last 100 lines using tail, and append them to a new file",find . -type f -name '*.log' -exec sh -c 'tail -n 100 {} >> combined.log' \;
"Monitor the system's available disk space every 10 minutes, and if it falls below 10%, send an alert to a PagerDuty API","while true; do available_space=$(df -h / | awk '/// {print $5}'); if [ $available_space -lt 10 ]; then curl -X POST -H 'Content-Type: application/json' -d '{""incident"": {""type"": ""incident"", ""title"": ""Low disk space alert""}}' https://api.pagerduty.com/incidents; fi; sleep 600; done"
Parse Apache logs to extract unique IP addresses that made more than 10 requests in the last 24 hours,"awk '$4 > (strftime(""[%d/%b/%Y:%H:%M:%S"", systime()) - 86400) {print $1}' access.log | sort | uniq -c | sort -rn | awk '$1 > 10 {print $2}'"
"Find all files larger than 1GB in the current directory and its subdirectories, then tar and gzip them",find . -type f -size +1G -print0 | xargs -0 tar -czf large_files.tar.gz
Extract all URLs from a given HTML file using grep and sed,"grep -oE 'https?://[^[:space:]]+' index.html | sed 's/""//g' > extracted_urls.txt"
Write a function to automate the backup of a MySQL database using mysqldump and gzip,"backup_db() { mysqldump -u $1 -p$2 $3 | gzip > $3_$(date +""%Y-%m-%d_%H-%M-%S"").sql.gz; }"
"Use jq to parse a JSON file and extract specific values, then use awk to calculate the average",jq '.[] | .value' data.json | awk '{sum+=$1} END {print sum/NR}'
"Create a mini-script to automate the deployment of a web application using Git, curl, and tar",git pull origin master; curl -s -o deploy.sh https://example.com/deploy.sh; bash deploy.sh; tar -xvf deploy.tar.gz
Parse a log file to extract error messages and count the occurrences of each error,awk '/error/ {print $0}' error.log | sort | uniq -c | sort -rn
Use find and xargs to search for files with a specific string and replace it with another,find . -type f -print0 | xargs -0 grep -l 'old_string' | xargs -0 sed -i 's/old_string/new_string/g'
Monitor disk space usage and alert when it falls below 10% free space,while true; do FREE_SPACE=$(df -h | awk '//$/ {print $5}'); if [ $FREE_SPACE -lt 10 ]; then echo 'Low disk space'; fi; sleep 60; done
"Find all files with the extension .log in the current directory and its subdirectories, then extract the lines containing the word 'error' and write them to a new file called errors.log",find . -type f -name '*.log' | xargs grep 'error' > errors.log
Write a Bash function to monitor the system's CPU usage every 5 seconds and alert if it exceeds 80%,cpu_monitor() { while true; do cpu_usage=$(top -bn1 | grep 'Cpu(s)' | awk '{print $2}' | awk -F. '{print $1}'); if [ $cpu_usage -gt 80 ]; then echo 'CPU usage exceeded 80%'; fi; sleep 5; done }; cpu_monitor
"Use curl to download a JSON file from a URL, then parse it using jq to extract the values of a specific key",curl -s https://example.com/data.json | jq '.[] | .key' > key_values.txt
"Create a tarball of the current directory, excluding files with the extension .tmp, and write it to a file called backup.tar.gz",tar -czf backup.tar.gz --exclude '*.tmp' .
"Parse a log file to extract IP addresses, then use sort and uniq to count the occurrences of each IP address","grep -oE '\b([0-9]{1,3}.){3}[0-9]{1,3}\b' log.txt | sort | uniq -c | sort -rn > ip_counts.txt"
"Write a Bash script to automate the process of creating a new user account, setting a password, and adding the user to a specific group",create_user() { username=$1; password=$2; group=$3; useradd $username; echo $username:$password | chpasswd; usermod -aG $group $username }; create_user newuser password123 staff
Use find and sed to replace all occurrences of a specific string in files with the extension .txt in the current directory and its subdirectories,find . -type f -name '*.txt' -exec sed -i 's/old_string/new_string/g' {} \;
Monitor the system's disk usage every 10 minutes and send an email alert if the usage exceeds 90%,disk_monitor() { while true; do disk_usage=$(df -h | awk '{print $5}' | grep -vE '^$'); if [ $disk_usage -gt 90 ]; then echo 'Disk usage exceeded 90%' | mail -s 'Disk usage alert' admin@example.com; fi; sleep 600; done }; disk_monitor
Use xargs and gzip to compress all files with the extension .log in the current directory and its subdirectories,find . -type f -name '*.log' | xargs gzip
"Write a Bash script to parse a CSV file and extract specific columns, then use awk to calculate the sum of a particular column","parse_csv() { csv_file=$1; columns=$2; awk -v cols=$columns -F, '{print $cols}' $csv_file > parsed_csv.txt; awk '{sum+=$1} END {print sum}' parsed_csv.txt > sum.txt }; parse_csv data.csv '1,3'"
Parse a log file and extract the IP addresses of users who accessed the site between 10am and 12pm,"grep -oE '[0-9]{1,3}\.[0-9]{1,3}\.[0-9]{1,3}\.[0-9]{1,3}' access.log | awk -v start='10:00' -v end='12:00' '{if ($4 > start && $4 < end) print $1}'"
Find all files in the current directory and subdirectories that have been modified in the last 24 hours and are larger than 1MB,find . -type f -mtime -1 -size +1M -print0 | xargs -0 du -h
Use a loop to download a list of URLs from a file and save them to a directory,"while IFS= read -r line; do curl -s -o ""$(basename ""$line"")"" ""$line""; done < urls.txt"
Extract the JSON data from a log file and convert it to CSV,grep -oE '{.*}' log.json | jq -r '.[] | @csv' > data.csv
"Use sed to replace all occurrences of a word in a file with a new word, ignoring case",sed -i 's/old_word/new_word/Ig' file.txt
Create a script to backup a directory to a tarball every day at 2am,0 2 * * * tar -czf /backup/$(date +\%Y-\%m-\%d).tar.gz /path/to/directory
Use a conditional statement to check if a process is running and restart it if it's not,if ! pgrep -f 'process_name' > /dev/null; then systemctl restart process_name; fi
Create a new directory named 'example',mkdir example
Delete a file named 'test.txt',rm test.txt
Copy a file named 'file1.txt' to 'file2.txt',cp file1.txt file2.txt
Move a file named 'file1.txt' to 'file2.txt',mv file1.txt file2.txt
Create a new empty file named 'empty.txt',touch empty.txt
Change the current directory to '/home/user',cd /home/user
"List all files in the current directory, including hidden files",ls -a
"List all files in the current directory, with detailed information",ls -l
Search for a string 'hello' in a file named 'file.txt',grep hello file.txt
Replace a string 'old' with 'new' in a file named 'file.txt',sed 's/old/new/g' file.txt
Print the first 10 lines of a file named 'file.txt',head file.txt
Print the last 10 lines of a file named 'file.txt',tail file.txt
Create a new user named 'newuser',useradd newuser
Change the password for a user named 'existinguser',passwd existinguser
List all running processes,ps aux
Start a new background process 'sleep 100',sleep 100 &
Bring a background process to the foreground,fg
Suspend a foreground process,Ctrl+Z
Resume a suspended process,fg
List all installed packages,dpkg -l
Install a new package named 'package1',apt-get install package1
Update all installed packages,apt-get update
Upgrade all installed packages,apt-get upgrade
Remove a package named 'package1',apt-get remove package1
List all available packages,apt-cache search .
Search for a package named 'package1',apt-cache search package1
Get the IP address of the current machine,hostname -I
Ping a host named 'example.com',ping example.com
Transfer a file named 'file.txt' to a remote server using SFTP,sftp user@example.com:/path/to/file.txt
Connect to a remote server using SSH,ssh user@example.com
"List all files in the current directory, sorted by size",ls -lS
"List all files in the current directory, sorted by modification time",ls -lt
Find all files with the extension '.txt' in the current directory,find . -name '*.txt'
Find all files with the extension '.txt' in the current directory and its subdirectories,find . -name '*.txt' -print
Create a tar archive of the current directory,tar -cvf archive.tar .
Extract the contents of a tar archive named 'archive.tar',tar -xvf archive.tar
Create a zip archive of the current directory,zip -r archive.zip .
Extract the contents of a zip archive named 'archive.zip',unzip archive.zip
Create a new symbolic link named 'link' to a file named 'file.txt',ln -s file.txt link
Delete a symbolic link named 'link',unlink link
Change the ownership of a file named 'file.txt' to a user named 'newuser',chown newuser file.txt
Change the permissions of a file named 'file.txt' to 'read-only' for the owner,chmod 400 file.txt
List all environment variables,printenv
Set an environment variable named 'VARIABLE' to 'value',export VARIABLE='value'
Unset an environment variable named 'VARIABLE',unset VARIABLE
Print the value of an environment variable named 'VARIABLE',echo $VARIABLE
Run a command 'ls -l' and redirect the output to a file named 'output.txt',ls -l > output.txt
Run a command 'ls -l' and append the output to a file named 'output.txt',ls -l >> output.txt
Run a command 'ls -l' and redirect the error output to a file named 'error.txt',ls -l 2> error.txt
Delete a file named 'file.txt',rm file.txt
Copy a file named 'file.txt' to a new location,cp file.txt /path/to/new/location
Move a file named 'file.txt' to a new location,mv file.txt /path/to/new/location
Change the current working directory to '/path/to/new/directory',cd /path/to/new/directory
Create a new file named 'file.txt' with the content 'Hello World',echo 'Hello World' > file.txt
Append the content 'Hello World' to an existing file named 'file.txt',echo 'Hello World' >> file.txt
Search for a string 'example' in a file named 'file.txt',grep example file.txt
Create a new user named 'username' with a password 'password',useradd -m username && echo 'username:password' | chpasswd
Change the password for a user named 'username',passwd username
Kill a process with a PID '1234',kill 1234
Restart the network service,systemctl restart network
Start the SSH service,systemctl start sshd
Stop the Apache service,systemctl stop httpd
Enable the firewall,systemctl enable firewalld
Disable the firewall,systemctl disable firewalld
Install a package named 'package_name',dnf install package_name
Update all packages to the latest version,dnf update
Remove a package named 'package_name',dnf remove package_name
Search for a package named 'package_name',dnf search package_name
Create a new archive named 'archive.tar.gz' from a directory named 'directory',tar -czf archive.tar.gz directory
Extract the contents of an archive named 'archive.tar.gz' to a directory named 'directory',tar -xzf archive.tar.gz -C directory
Change the ownership of a file named 'file.txt' to a user named 'username' and a group named 'groupname',chown username:groupname file.txt
Change the permissions of a file named 'file.txt' to 'rwxr-x',chmod 755 file.txt
Print the system's hostname,hostname
Print the system's IP address,ip addr show
Transfer a file named 'file.txt' from a remote server using SFTP,sftp user@example.com:/path/to/file.txt
Create a new SSH key pair,ssh-keygen -t rsa
Add an SSH key to the authorized keys file,cat id_rsa.pub >> ~/.ssh/authorized_keys
List all cron jobs,crontab -l
Add a new cron job,crontab -e
Delete a cron job,crontab -r
Create a new directory called 'example',mkdir example
Delete a file called 'test.txt',rm test.txt
Copy a file called 'test.txt' to a new location,cp test.txt /new/location
Move a file called 'test.txt' to a new location,mv test.txt /new/location
Create a new empty file called 'test.txt',touch test.txt
View the contents of a file called 'test.txt',cat test.txt
View the first 10 lines of a file called 'test.txt',head test.txt
View the last 10 lines of a file called 'test.txt',tail test.txt
Search for a string 'example' in a file called 'test.txt',grep example test.txt
Create a new user account called 'example',useradd example
Change the password for a user account called 'example',passwd example
Kill a process with the ID '1234',kill 1234
Start a new instance of a process called 'example',example &
View the system logs,cat /var/log/syslog
View the kernel logs,dmesg
Check the disk usage for the current directory,du -sh
Check the disk usage for all directories in the current directory,du -sh *
Create a new tar archive called 'example.tar',tar -cvf example.tar example
Extract the contents of a tar archive called 'example.tar',tar -xvf example.tar
Create a new zip archive called 'example.zip',zip example.zip example
Extract the contents of a zip archive called 'example.zip',unzip example.zip
Check the current network configuration,ifconfig
Check the current network connections,netstat -an
Ping a remote host called 'example.com',ping example.com
Transfer a file to a remote host using scp,scp example.txt user@example.com:/remote/location
Transfer a file from a remote host using scp,scp user@example.com:/remote/location/example.txt .
Connect to a remote host using ssh,ssh user@example.com
Run a command on a remote host using ssh,ssh user@example.com 'example command'
Create a new cron job to run a command every minute,crontab -e * * * * * example command
Install a new package called 'example',apt-get install example
Remove an installed package called 'example',apt-get remove example
Check the current system time,date
Check the current system uptime,uptime
Reboot the system,reboot
Shut down the system,shutdown -h now
View the system's environment variables,printenv
Set a new environment variable called 'EXAMPLE',export EXAMPLE='example value'
View the system's hostname,hostname
Change the system's hostname to 'example',hostname example
View the system's DNS configuration,cat /etc/resolv.conf
Add a new DNS server to the system's configuration,echo 'nameserver 8.8.8.8' >> /etc/resolv.conf
Copy a file named 'file.txt' to a directory named 'example',cp file.txt example/
Move a file named 'file.txt' to a directory named 'example',mv file.txt example/
Create a new empty file named 'file.txt',touch file.txt
"Change the permissions of a file named 'file.txt' to readable, writable, and executable by the owner",chmod 700 file.txt
Create a tar archive of a directory named 'example',tar -cvf example.tar example/
Extract the contents of a tar archive named 'example.tar',tar -xvf example.tar
Create a zip archive of a directory named 'example',zip -r example.zip example/
Extract the contents of a zip archive named 'example.zip',unzip example.zip
Change the current directory to the parent directory,cd ..
Change the current directory to the root directory,cd /
List the current working directory,pwd
Create a new symbolic link to a file named 'file.txt',ln -s file.txt link.txt
List the processes currently running on the system,ps aux
Kill a process with the process ID '1234',kill 1234
Restart a service named 'example',service example restart
Start a service named 'example',service example start
Stop a service named 'example',service example stop
List the environment variables,printenv
List the installed packages,dpkg -l
Install a package named 'example',apt-get install example
Remove a package named 'example',apt-get remove example
Update the package list,apt-get update
List the files in a package named 'example',dpkg -L example
Search for a package named 'example',apt-cache search example
Show information about a package named 'example',apt-cache show example
List the dependencies of a package named 'example',apt-cache depends example
"List the files in the current directory, sorted by size",ls -lS
"List the files in the current directory, sorted by modification time",ls -lt
Find all files with the name 'file.txt' in the current directory and its subdirectories,find . -name 'file.txt'
Create a new directory named 'example' and all its parents if they do not exist,mkdir -p example/a/b/c
Delete a directory named 'example' and all its contents,rm -rf example/
Copy the contents of a directory named 'example' to a directory named 'example2',cp -r example/ example2/
Move the contents of a directory named 'example' to a directory named 'example2',mv example/ example2/
Create a new file named 'file.txt' with the contents 'Hello World',echo 'Hello World' > file.txt
Append the contents 'Hello World' to a file named 'file.txt',echo 'Hello World' >> file.txt
Create a new file named 'file.txt' with the contents of a file named 'file2.txt',cp file2.txt file.txt
Create a new file named 'file.txt' with the contents of a file named 'file2.txt' and append the contents of a file named 'file3.txt',cat file2.txt file3.txt > file.txt
Change the directory to 'example',cd example
List all files in the current directory in a detailed format,ls -l
Create a new file named 'example.txt' and write 'Hello World' to it,echo 'Hello World' > example.txt
Append 'Hello World' to a file named 'example.txt',echo 'Hello World' >> example.txt
Display the contents of a file named 'example.txt',cat example.txt
Search for a string 'hello' in a file named 'example.txt',grep 'hello' example.txt
Compress a file named 'example.txt' using gzip,gzip example.txt
Uncompress a file named 'example.txt.gz' using gzip,gunzip example.txt.gz
Create a symbolic link to a file named 'example.txt',ln -s example.txt link
Check the disk usage of the current directory,du -sh
Check the free disk space,df -h
Install a package named 'git',sudo apt install git
Remove a package named 'git',sudo apt remove git
Clean up the package cache,sudo apt clean
Search for a package named 'git',apt search git
Show information about a package named 'git',apt show git
List all files in the current directory and subdirectories,find .
Find all empty files in the current directory and subdirectories,find . -empty
Find all files larger than 1MB in the current directory and subdirectories,find . -size +1M
Find all files modified in the last 24 hours in the current directory and subdirectories,find . -mtime -1
Find all files owned by a user named 'user' in the current directory and subdirectories,find . -user user
Create a new user named 'user',sudo useradd user
Delete a user named 'user',sudo userdel user
Change the password for a user named 'user',sudo passwd user
Add a user named 'user' to a group named 'group',sudo usermod -aG group user
Create a new group named 'group',sudo groupadd group
Delete a group named 'group',sudo groupdel group
List all users in the system,getent passwd
List all groups in the system,getent group
Show the current date and time,date
Show the system uptime,uptime
Copy a file named 'source.txt' to 'destination.txt',cp source.txt destination.txt
Move a file named 'source.txt' to 'destination.txt',mv source.txt destination.txt
Change the directory to '/home/user',cd /home/user
Create a new file named 'example.txt' with the content 'Hello World',echo 'Hello World' > example.txt
Append the content 'Hello World' to a file named 'example.txt',echo 'Hello World' >> example.txt
Print the first 10 lines of a file named 'example.txt',head example.txt
Print the last 10 lines of a file named 'example.txt',tail example.txt
Search for the string 'example' in a file named 'example.txt',grep example example.txt
Replace the string 'example' with 'new_example' in a file named 'example.txt',sed 's/example/new_example/g' example.txt
Print the number of lines in a file named 'example.txt',wc -l example.txt
Print the number of words in a file named 'example.txt',wc -w example.txt
Print the number of characters in a file named 'example.txt',wc -c example.txt
Print the system's CPU information,cat /proc/cpuinfo
Print the system's memory information,cat /proc/meminfo
Print the system's disk usage,df -h
Print the system's process list,ps -ef
Print the system's network configuration,ifconfig
Print the system's routing table,route -n
Print the system's DNS configuration,cat /etc/resolv.conf
Update the system's package list,apt update
Upgrade the system's packages,apt upgrade
Print the system's kernel version,uname -r
Print the system's OS version,cat /etc/os-release
Create a new user named 'example',useradd example
Delete a user named 'example',userdel example
Change the password of a user named 'example',passwd example
Create a new group named 'example',groupadd example
Delete a group named 'example',groupdel example
Add a user named 'example' to a group named 'example_group',usermod -aG example_group example
Print the system's current date and time,date
Print the system's uptime,uptime
Suspend the system,systemctl suspend
Hibernate the system,systemctl hibernate
Copy a file called 'test.txt' to a directory called 'example',cp test.txt example/
Move a file called 'test.txt' to a directory called 'example',mv test.txt example/
Change to the root directory,cd /
Replace a string 'example' with 'new_example' in a file called 'test.txt',sed 's/example/new_example/g' test.txt
Print the first 10 lines of a file called 'test.txt',head test.txt
Print the last 10 lines of a file called 'test.txt',tail test.txt
Print the number of lines in a file called 'test.txt',wc -l test.txt
Create a new file called 'example.txt' with the content 'Hello World',echo 'Hello World' > example.txt
Append the content 'Hello World' to a file called 'example.txt',echo 'Hello World' >> example.txt
Create a new user called 'example',useradd example
Change the password for a user called 'example',passwd example
Print the current date and time,date
Print the calendar for the current month,cal
Print the system information,uname -a
Print the list of running processes,ps aux
Kill a process with the ID 1234,kill 1234
Print the list of installed packages,dpkg -l
Install a package called 'example',apt-get install example
Remove a package called 'example',apt-get remove example
Print the list of files in a package called 'example',dpkg -L example
Extract the contents of a zip file called 'example.zip',unzip example.zip
Create a new zip file called 'example.zip' with the contents of a directory called 'example',zip -r example.zip example/
Print the list of files in a zip file called 'example.zip',unzip -l example.zip
Create a new tar file called 'example.tar' with the contents of a directory called 'example',tar -cf example.tar example/
Extract the contents of a tar file called 'example.tar',tar -xf example.tar
Print the list of files in a tar file called 'example.tar',tar -tf example.tar
Create a new gzip file called 'example.txt.gz' with the contents of a file called 'example.txt',gzip example.txt
Extract the contents of a gzip file called 'example.txt.gz',gunzip example.txt.gz
Print the list of files in a gzip file called 'example.txt.gz',zcat example.txt.gz
Create a new bzip2 file called 'example.txt.bz2' with the contents of a file called 'example.txt',bzip2 example.txt
Extract the contents of a bzip2 file called 'example.txt.bz2',bunzip2 example.txt.bz2
Print the list of files in a bzip2 file called 'example.txt.bz2',bzcat example.txt.bz2
Create a new md5sum file called 'example.txt.md5' with the contents of a file called 'example.txt',md5sum example.txt > example.txt.md5
Verify the md5sum of a file called 'example.txt' against a file called 'example.txt.md5',md5sum -c example.txt.md5
Create a new sha256sum file called 'example.txt.sha256' with the contents of a file called 'example.txt',sha256sum example.txt > example.txt.sha256
Verify the sha256sum of a file called 'example.txt' against a file called 'example.txt.sha256',sha256sum -c example.txt.sha256
Change the current working directory to '/home/user',cd /home/user
Find all files with the name 'example' in the current directory,find . -name 'example'
Create a new symbolic link to a file named 'target.txt',ln -s target.txt link.txt
Create a new hard link to a file named 'target.txt',ln target.txt link.txt
Change the permissions of a file named 'example.txt' to 'read-only',chmod 444 example.txt
Change the owner of a file named 'example.txt' to 'user',chown user example.txt
Change the group of a file named 'example.txt' to 'group',chgrp group example.txt
Sort a file named 'example.txt' in ascending order,sort example.txt
Sort a file named 'example.txt' in descending order,sort -r example.txt
Find and replace a string 'old' with 'new' in a file named 'example.txt',sed 's/old/new/g' example.txt
Find and delete a string 'old' from a file named 'example.txt',sed '/old/d' example.txt
Print the system's memory usage,free -m
Print the system's CPU usage,top -b -n 1
Kill all processes with the name 'example',pkill example
Run a command 'example' in the background,example &
Run a command 'example' with elevated privileges,sudo example
Create a new tar archive of a directory 'example',tar -czf example.tar.gz example
Extract the contents of a tar archive 'example.tar.gz',tar -xzf example.tar.gz
Create a new zip archive of a directory 'example',zip -r example.zip example
Extract the contents of a zip archive 'example.zip',unzip example.zip
Print the MD5 hash of a file named 'example.txt',md5sum example.txt
Print the SHA1 hash of a file named 'example.txt',sha1sum example.txt
Print the SHA256 hash of a file named 'example.txt',sha256sum example.txt
Copy the SSH public key to a remote server,ssh-copy-id user@host
Transfer a file to a remote server using SFTP,sftp user@host <<< 'put example.txt'
Transfer a file from a remote server using SFTP,sftp user@host <<< 'get example.txt'
Create a new screen session,screen -S example
Detach from a screen session,Ctrl+A D
Reattach to a screen session,screen -r example
List all running screen sessions,screen -ls
Kill a screen session,screen -S example -X quit
Change the permissions of a file named 'file.txt' to read-only,chmod 444 file.txt
Change the owner of a file named 'file.txt' to a new user,chown newuser file.txt
Change the group of a file named 'file.txt' to a new group,chgrp newgroup file.txt
Print the list of environment variables,printenv
Set a new environment variable named 'VARIABLE',export VARIABLE=value
Kill a process with a specific PID,kill PID
Run a command in the background,command &
Search for a specific string in a file named 'file.txt',grep string file.txt
Replace a specific string in a file named 'file.txt' with a new string,sed 's/old_string/new_string/g' file.txt
Sort a file named 'file.txt' in ascending order,sort file.txt
Sort a file named 'file.txt' in descending order,sort -r file.txt
Find all files with a specific extension in the current directory,find . -name '*.extension'
Find all files with a specific name in the current directory,find . -name 'filename'
Create a tar archive of a directory named 'directory',tar -cvf archive.tar directory
Extract a tar archive named 'archive.tar',tar -xvf archive.tar
Create a zip archive of a directory named 'directory',zip -r archive.zip directory
Extract a zip archive named 'archive.zip',unzip archive.zip
Download a file from a URL,wget URL
Upload a file to a remote server using SCP,scp file.txt user@host:/remote/directory
Run a command on a remote server using SSH,ssh user@host 'command'
Create a new user account,useradd newuser
Delete a user account,userdel username
Change the password of a user account,passwd username
Create a new group,groupadd newgroup
Delete a group,groupdel groupname
Add a user to a group,usermod -aG groupname username
Remove a user from a group,usermod -G groupname username
Print the list of mounted file systems,mount
Unmount a file system,umount device
Format a disk partition,mkfs filesystem device
Check the disk usage of a file system,df -h
Check the free disk space of a file system,df -h | awk '{print $5}'
Check the disk usage of a specific directory,du -sh directory
Check the CPU usage of the system,top -b -n 1 | awk '{print $9}'
Check the memory usage of the system,free -m | awk '{print $3}'
Check the network usage of the system,netstat -an | awk '{print $1}'
Copy a file named 'file.txt' to the 'example' directory,cp file.txt example/
Move a file named 'file.txt' to the 'example' directory,mv file.txt example/
Create a new user named 'user' with a home directory,useradd -m user
Change the password for the 'user' user,passwd user
Update the package list and upgrade all packages,apt update && apt upgrade -y
Install the 'git' package,apt install git -y
Clone a Git repository from 'https://github.com/user/repo.git',git clone https://github.com/user/repo.git
Set an environment variable 'VARIABLE' to 'value',export VARIABLE=value
Unset an environment variable 'VARIABLE',unset VARIABLE
Create a new hard link to a file named 'file.txt',ln file.txt link.txt
Find all files in the current directory that contain the string 'search_string',grep -r 'search_string' .
Find all files in the current directory that have the extension '.txt',find . -name '*.txt'
Create a new archive file named 'archive.tar' from the 'example' directory,tar -cvf archive.tar example/
Extract the contents of an archive file named 'archive.tar',tar -xvf archive.tar
Compress a file named 'file.txt' using gzip,gzip file.txt
Uncompress a file named 'file.txt.gz' using gzip,gunzip file.txt.gz
Copy the public SSH key to a remote server,ssh-copy-id user@remote_server
Remove an installed package named 'package',apt remove package -y
List all available package updates,apt update && apt list --upgradable
Upgrade a specific package named 'package',apt install package -y
Search for packages that contain the string 'search_string',apt search search_string
Append the string 'Hello World' to a file named 'file.txt',echo 'Hello World' >> file.txt
"List all files in the current directory, with detailed information, in a tree-like structure",tree
Create a new directory named 'example' with the parents if they do not exist,mkdir -p example
Change the ownership of a file named 'file.txt' to the 'user' user and 'group' group,chown user:group file.txt
"List all files in the current directory, with detailed information, and pipe the output to the 'less' command",ls -l | less
Create a new directory named 'mydir',mkdir mydir
Change into the 'mydir' directory,cd mydir
Copy the file 'file1' to 'file2',cp file1 file2
Move the file 'file1' to 'file2',mv file1 file2
Delete the file 'file1',rm file1
Create a new file named 'file1' with the content 'Hello World',echo 'Hello World' > file1
Append the content 'Hello World' to the file 'file1',echo 'Hello World' >> file1
Print the first 10 lines of the file 'file1',head file1
Print the last 10 lines of the file 'file1',tail file1
Search for the string 'hello' in the file 'file1',grep hello file1
Replace all occurrences of 'old' with 'new' in the file 'file1',sed 's/old/new/g' file1
"Change the permissions of the file 'file1' to readable, writable, and executable by the owner",chmod 700 file1
Change the owner of the file 'file1' to 'user1',chown user1 file1
Change the group of the file 'file1' to 'group1',chgrp group1 file1
Create a new user named 'user1',useradd user1
Create a new group named 'group1',groupadd group1
Add the user 'user1' to the group 'group1',usermod -aG group1 user1
Kill the process with the ID '1234',kill 1234
Kill all processes with the name 'process1',pkill process1
Start a new process in the background,command &
Suspend a process,ctrl+z
Change into the parent directory,cd ..
Change into the home directory,cd ~
Create a new symbolic link 'link1' to 'file1',ln -s file1 link1
Create a new hard link 'link1' to 'file1',ln file1 link1
"List all files in the current directory, including hidden files and detailed information",ls -la
Find the difference between two files 'file1' and 'file2',diff file1 file2
Find the difference between two files 'file1' and 'file2' and output the result in a unified format,diff -u file1 file2
Compare two files 'file1' and 'file2' and output the result in a side-by-side format,diff -y file1 file2
Create a new archive 'archive1.tar' from the files 'file1' and 'file2',tar cvf archive1.tar file1 file2
Extract the contents of the archive 'archive1.tar' to the current directory,tar xvf archive1.tar
Create a new compressed archive 'archive1.tar.gz' from the files 'file1' and 'file2',tar cvzf archive1.tar.gz file1 file2
Extract the contents of the compressed archive 'archive1.tar.gz' to the current directory,tar xvzf archive1.tar.gz
Create a new archive 'archive1.zip' from the files 'file1' and 'file2',zip archive1.zip file1 file2
Extract the contents of the archive 'archive1.zip' to the current directory,unzip archive1.zip
Search for a string 'hello' in all files in the current directory,grep -r hello *
"Find all files with the extension '.txt' in the current directory and its subdirectories, and print their paths",find . -type f -name '*.txt' -print
"Create a new file named 'file1' with the content 'Hello World' and set its permissions to readable, writable, and executable by the owner",echo 'Hello World' > file1; chmod 700 file1
Copy the file 'file1' to 'file2' and preserve the file metadata,cp -p file1 file2
Delete a file named 'example.txt',rm example.txt
Search for the string 'hello' in a file named 'example.txt',grep hello example.txt
Replace all occurrences of 'old' with 'new' in a file named 'example.txt',sed 's/old/new/g' example.txt
Shutdown the system,shutdown -h now
Install a package named 'package',apt-get install package
Remove a package named 'package',apt-get remove package
Print the list of available kernel modules,lsmod
Load a kernel module named 'module',modprobe module
Unload a kernel module named 'module',modprobe -r module
Change the password of a user named 'user',passwd user
Print the list of groups a user named 'user' belongs to,groups user
Remove a user named 'user' from a group named 'group',usermod -G group user
Change the permission of a file named 'file1.txt' to read-only,chmod 444 file1.txt
Change the owner of a file named 'file1.txt' to 'user1',chown user1 file1.txt
Change the password of a user named 'user1',passwd user1
Check the disk space usage,df -h
Check the memory usage,free -m
List all files in the current directory recursively,find . -type f
Find a file named 'file1.txt' in the current directory recursively,find . -name file1.txt
Find all files with the extension '.txt' in the current directory recursively,find . -name '*.txt'
Create a new tar archive named 'archive.tar',tar -cvf archive.tar directory
Create a new zip archive named 'archive.zip',zip -r archive.zip directory
Check the system logs,journalctl -u systemd
Check the kernel logs,dmesg
Check the system uptime,uptime
Check the system information,uname -a
Check the CPU information,lscpu
Check the memory information,free -m
Check the disk information,lsblk
Check the network information,ip addr show
Check the system configuration,sysctl -a
Start a new SSH session,ssh user@host
Copy a file named 'file1.txt' to a remote server using SCP,scp file1.txt user@host:/remote/directory
Copy a file named 'file1.txt' from a remote server using SCP,scp user@host:/remote/directory/file1.txt file1.txt
Start a new SFTP session,sftp user@host
Add a new SSH key to the authorized keys file,ssh-copy-id user@host
Start a new screen session,screen
Create a new directory called 'test',mkdir test
Change directory to 'Documents',cd Documents
Copy a file named 'example.txt' to the 'test' directory,cp example.txt test
Move a file named 'example.txt' to the 'test' directory,mv example.txt test
Create a new file named 'example.txt',touch example.txt
Open a file named 'example.txt' in the default editor,nano example.txt
Print the value of the 'PATH' environment variable,echo $PATH
Create a new user account named 'john',useradd john
Change the password for the 'john' user account,passwd john
Add the 'john' user to the 'sudo' group,usermod -aG sudo john
Search for packages containing the word 'python',apt-cache search python
Install the 'python3' package,sudo apt-get install python3
Run a Python script named 'example.py',python3 example.py
Create a new repository in the current directory,git init
Add all files in the current directory to the repository,git add .
Commit the changes with the message 'Initial commit',git commit -m 'Initial commit'
Push the changes to the remote repository,git push origin master
Pull the changes from the remote repository,git pull origin master
Clone a repository from the URL 'https://github.com/example/repo.git',git clone https://github.com/example/repo.git
Create a new branch named 'feature/new-feature',git branch feature/new-feature
Switch to the 'feature/new-feature' branch,git checkout feature/new-feature
Merge the 'feature/new-feature' branch into the 'master' branch,git merge feature/new-feature
Delete the 'feature/new-feature' branch,git branch -d feature/new-feature
List all branches in the repository,git branch
List all commits in the repository,git log
Show the changes made in the last commit,git show HEAD
Revert the changes made in the last commit,git revert HEAD
Create a new tag named 'v1.0',git tag v1.0
Push the tags to the remote repository,git push origin --tags
List all tags in the repository,git tag
Show the changes made in the 'v1.0' tag,git show v1.0
Delete the 'v1.0' tag,git tag -d v1.0
Create a new symbolic link named 'link' to the file 'example.txt',ln -s example.txt link
Create a new hard link named 'link' to the file 'example.txt',ln example.txt link
Show the inode number of the file 'example.txt',ls -i example.txt
Show the file type of the file 'example.txt',file example.txt
Show the permissions of the file 'example.txt',ls -l example.txt
Change the owner of the file 'example.txt' to the 'john' user,chown john example.txt
Change the group of the file 'example.txt' to the 'sudo' group,chgrp sudo example.txt
Change the permissions of the file 'example.txt' to 'rwxr-x',chmod 755 example.txt
Show the disk usage of the current directory,du -sh
Show the disk usage of the '/home' directory,du -sh /home
Show the free disk space,df -h
Show the system memory usage,free -m
Show the system CPU usage,top -b -n 1
Change the directory to the parent directory,cd ..
Print the content of a file named 'example.txt',cat example.txt
Search for a string 'example' in a file named 'example.txt',grep 'example' example.txt
Replace a string 'old' with 'new' in a file named 'example.txt',sed 's/old/new/g' example.txt
Extract a tar archive named 'example.tar',tar -xvf example.tar
Extract a zip archive named 'example.zip',unzip example.zip
Print the system's disk usage for a specific partition '/dev/sda1',df -h /dev/sda1
Mount a partition '/dev/sda1' to a directory '/mnt',mount /dev/sda1 /mnt
Unmount a partition '/dev/sda1' from a directory '/mnt',umount /mnt
Print the system's users,who
Print the system's groups,groups
Change the ownership of a file 'example.txt' to a user 'user' and a group 'group',chown user:group example.txt
Change the permissions of a file 'example.txt' to 'rwxr-x',chmod 755 example.txt
Create a symbolic link 'link' to a file 'example.txt',ln -s example.txt link
Create a hard link 'link' to a file 'example.txt',ln example.txt link
Create a new empty file named 'example.txt',touch example.txt
Create a zip archive of a file named 'example.txt',zip example.zip example.txt
Print the system's disk usage information,df -h
Change the ownership of a file named 'example.txt' to 'user',chown user example.txt
Change the permissions of a file named 'example.txt' to '755',chmod 755 example.txt
Print the contents of a file named 'example.txt',cat example.txt
Append a string 'example' to a file named 'example.txt',echo 'example' >> example.txt
Prepend a string 'example' to a file named 'example.txt',sed -i '1i example' example.txt
Remove the first line of a file named 'example.txt',sed -i '1d' example.txt
Remove the last line of a file named 'example.txt',sed -i '$d' example.txt
Find the difference between two files named 'file1.txt' and 'file2.txt',diff file1.txt file2.txt
Compare two files named 'file1.txt' and 'file2.txt' and print the differences,cmp file1.txt file2.txt
Create a new user account named 'example',useradd example
Delete a user account named 'example',userdel example
Change the password of a user account named 'example',passwd example
Create a new user account named 'newuser',useradd newuser
Start a new background process,nohup command &
Upload a file to a remote server using SFTP,sftp user@host <<< 'put file.txt'
Find all files larger than 1MB in the current directory,find . -size +1M
Find all files modified in the last 24 hours,find . -mtime -1
Create a new tar archive of the current directory,tar -cf archive.tar .
Extract the contents of a tar archive,tar -xf archive.tar
Create a new gzip archive of a file named 'file.txt',gzip file.txt
Extract the contents of a gzip archive,gunzip file.txt.gz
Transfer a file to a remote server using SCP,scp file.txt user@host:/remote/path
List all installed packages on a Debian-based system,dpkg -l
Install a new package on a Debian-based system,apt-get install package
Update all packages on a Debian-based system,apt-get update && apt-get upgrade
List all running services on a systemd-based system,systemctl list-units
Start a service on a systemd-based system,systemctl start service
Stop a service on a systemd-based system,systemctl stop service
Restart a service on a systemd-based system,systemctl restart service
Enable a service to start at boot on a systemd-based system,systemctl enable service
Disable a service from starting at boot on a systemd-based system,systemctl disable service
List all configured network interfaces,ip link show
Bring up a network interface,ip link set eth0 up
Bring down a network interface,ip link set eth0 down
Configure a static IP address on a network interface,ip addr add 192.168.1.100/24 dev eth0
Delete an IP address from a network interface,ip addr del 192.168.1.100/24 dev eth0
Create a new directory named 'test',mkdir test
List all files and directories in the current directory,ls -l
Copy a file named 'example.txt' to a new directory named 'test',cp example.txt test/
Move a file named 'example.txt' to a new directory named 'test',mv example.txt test/
Change the permissions of a file named 'example.txt' to read-only,chmod 444 example.txt
Change the owner of a file named 'example.txt' to a user named 'john',chown john example.txt
Create a new symbolic link to a file named 'example.txt',ln -s example.txt link.txt
Find all files with the name 'example' in the current directory and its subdirectories,find . -name 'example'
Find all files that are larger than 1MB in the current directory and its subdirectories,find . -size +1M
Find all files that are smaller than 1MB in the current directory and its subdirectories,find . -size -1M
Find all files that were modified in the last 24 hours in the current directory and its subdirectories,find . -mtime -1
Find all files that were not modified in the last 24 hours in the current directory and its subdirectories,find . -mtime +1
Find all files that are owned by a user named 'john' in the current directory and its subdirectories,find . -user john
Find all files that are not owned by a user named 'john' in the current directory and its subdirectories,find . -not -user john
Find all files that have the permissions 'rwx' in the current directory and its subdirectories,find . -perm 777
Find all files that do not have the permissions 'rwx' in the current directory and its subdirectories,find . -not -perm 777
Create a new archive of the current directory,tar -cvf archive.tar .
Extract the contents of an archive named 'archive.tar',tar -xvf archive.tar
Create a new compressed archive of the current directory,tar -czvf archive.tar.gz .
Extract the contents of a compressed archive named 'archive.tar.gz',tar -xzvf archive.tar.gz
Create a new compressed archive of the current directory using bzip2,tar -cjvf archive.tar.bz2 .
Extract the contents of a compressed archive named 'archive.tar.bz2' using bzip2,tar -xjvf archive.tar.bz2
Create a new user named 'john' with a home directory,useradd -m john
Delete a user named 'john',userdel john
Change the password of a user named 'john',passwd john
Add a user named 'john' to a group named 'admin',usermod -aG admin john
Remove a user named 'john' from a group named 'admin',usermod -G '' john
Create a new group named 'admin',groupadd admin
Delete a group named 'admin',groupdel admin
Add a user named 'john' to the 'sudo' group,usermod -aG sudo john
Change the default shell of a user named 'john' to 'bash',chsh -s /bin/bash john
Change the default shell of a user named 'john' to 'zsh',chsh -s /bin/zsh john
Kill all processes owned by a user named 'john',pkill -u john
Restart the system,reboot
Upgrade all packages,apt full-upgrade
Search for a package named 'package',apt search package
Copy a file from one location to another,cp /path/to/source /path/to/destination
Move a file from one location to another,mv /path/to/source /path/to/destination
Delete a file,rm example.txt
Create a new empty file,touch example.txt
Change the ownership of a file,chown user:group example.txt
Change the permissions of a file,chmod 755 example.txt
View the contents of a file,cat example.txt
View the first 10 lines of a file,head example.txt
View the last 10 lines of a file,tail example.txt
Find all files with a specific extension,find . -name '*.txt'
Find all files containing a specific string,grep -r 'string' .
Create a tar archive of a directory,tar -czf archive.tar.gz example
Create a zip archive of a directory,zip -r archive.zip example
Extract the contents of a zip archive,unzip archive.zip
Change the current directory to the home directory,cd ~
Set an environment variable,export VARIABLE=value
Unset an environment variable,unset VARIABLE
Bring a background job to the foreground,fg %job_number
Kill a process,kill process_id
Kill all processes with a specific name,pkill process_name
View the system log,less /var/log/syslog
View the authentication log,less /var/log/auth.log
View the process list,ps aux
View the disk usage,df -h
View the memory usage,free -m
View the CPU usage,top
View the network connections,netstat -an
Ping a host,ping example.com
Perform a DNS lookup,dig example.com
Transfer a file using FTP,ftp example.com
Transfer a file using SFTP,sftp example.com
Transfer a file using SCP,scp example.txt user@example.com:~/
Change the password for a user account,passwd example
View the group membership for a user,groups example
View the list of installed packages,dpkg -l
Install a new package,apt-get install package
Remove a package,apt-get remove package
Copy a file named 'example.txt' to a directory named 'example',cp example.txt example/
Move a file named 'example.txt' to a directory named 'example',mv example.txt example/
Change the current working directory to the parent directory,cd ..
Change the current working directory to the root directory,cd /
Replace a string 'example' with 'new_example' in a file named 'example.txt',sed 's/example/new_example/g' example.txt
Change the password for a user named 'example',passwd example
Transfer a file named 'example.txt' to a remote server using SFTP,sftp user@example.com:/example.txt
Create a new tar archive named 'example.tar',tar -cvf example.tar example/
Create a new ZIP archive named 'example.zip',zip -r example.zip example/
Extract the contents of a ZIP archive named 'example.zip',unzip example.zip
Create a new cron job that runs a command every minute,crontab -e * * * * * command
List all scheduled cron jobs,crontab -l
Change the system's timezone to 'America/New_York',timedatectl set-timezone America/New_York
Print the system's operating system version,cat /etc/os-release
Create a new symbolic link named 'example' that points to a file named 'example.txt',ln -s example.txt example
Delete a symbolic link named 'example',unlink example
Change the ownership of a file named 'example.txt' to a user named 'example',chown example example.txt
Copy a file called 'file.txt' to a new location,cp file.txt /new/location
Move a file called 'file.txt' to a new location,mv file.txt /new/location
Create a new empty file called 'newfile.txt',touch newfile.txt
Change the permissions of a file called 'file.txt' to read-only,chmod 444 file.txt
Change the owner of a file called 'file.txt' to a new user,chown newuser file.txt
Change the group of a file called 'file.txt' to a new group,chgrp newgroup file.txt
Print the manual for the 'ls' command,man ls
Search for a string in a file called 'file.txt',grep 'string' file.txt
Replace a string in a file called 'file.txt' with a new string,sed 's/old_string/new_string/g' file.txt
Print the first 10 lines of a file called 'file.txt',head file.txt
Print the last 10 lines of a file called 'file.txt',tail file.txt
Sort a file called 'file.txt' in ascending order,sort file.txt
Sort a file called 'file.txt' in descending order,sort -r file.txt
Print the number of lines in a file called 'file.txt',wc -l file.txt
Print the number of words in a file called 'file.txt',wc -w file.txt
Print the number of characters in a file called 'file.txt',wc -c file.txt
Create a tar archive of a directory called 'example',tar -cvf example.tar example
Create a zip archive of a directory called 'example',zip -r example.zip example
Print the system date and time,date
Print the system uptime,uptime
Print the system hostname,hostname
Print the system IP address,hostname -I
Ping a website called 'example.com',ping example.com
Print the network configuration,ifconfig
Print the routing table,route -n
Print the system memory usage,free -m
Print the system disk usage,df -h
Print the system CPU usage,top
Kill a process with a PID of 1234,kill 1234
Kill all processes owned by a user called 'example',pkill -u example
Run a command called 'example' in the background,example &
Run a command called 'example' with elevated privileges,sudo example
Print the environment variables,env
Set an environment variable called 'VARIABLE' to 'value',export VARIABLE=value
Unset an environment variable called 'VARIABLE',unset VARIABLE
Print the shell history,history
Clear the shell history,history -c
Search for a command in the shell history,history | grep 'command'
Run a command from the shell history,!123
Delete a user called 'example',userdel example
Change the password of a user called 'example',passwd example
Create a new file named 'newfile.txt' and add 'Hello World' to it,echo 'Hello World' > newfile.txt
Append 'Hello World' to a file named 'existingfile.txt',echo 'Hello World' >> existingfile.txt
"List all files in the current directory, in a detailed format",ls -l
Change the password for the current user,passwd
Change the owner of a file named 'file.txt' to 'newuser',chown newuser file.txt
Change the permissions of a file named 'file.txt' to 'read-only',chmod 444 file.txt
Create a new group named 'newgroup',groupadd newgroup
Print the information for the 'ls' command,info ls
Search for a string 'example' in all files in the current directory,grep -r example .
Print the number of lines in a file named 'file.txt',wc -l file.txt
Print the number of words in a file named 'file.txt',wc -w file.txt
Print the number of characters in a file named 'file.txt',wc -c file.txt
Create a new tar archive named 'archive.tar' from a directory named 'directory',tar -cvf archive.tar directory
Create a new zip archive named 'archive.zip' from a directory named 'directory',zip -r archive.zip directory
Print the process ID of the current shell,echo $$
Print the list of all running processes,ps aux
Print the list of all installed packages,dpkg -l
Install a new package named 'package',apt-get install package
Update the list of all available packages,apt-get update
Create a new directory named 'docs',mkdir docs
Copy a file named 'example.txt' to a directory named 'docs',cp example.txt docs/
Move a file named 'example.txt' to a directory named 'docs',mv example.txt docs/
Rename a file named 'example.txt' to 'new_example.txt',mv example.txt new_example.txt
Change the group of a file named 'example.txt' to a group named 'staff',chgrp staff example.txt
Replace all occurrences of a string 'old' with 'new' in a file named 'example.txt',sed 's/old/new/g' example.txt
Sort the contents of a file named 'example.txt' in ascending order,sort example.txt
Find all files in the current directory and its subdirectories that contain the string 'hello',find . -type f -exec grep hello {} \;
Create a tar archive of a directory named 'docs',tar -cvf docs.tar docs/
Extract the contents of a tar archive named 'docs.tar',tar -xvf docs.tar
Create a zip archive of a directory named 'docs',zip -r docs.zip docs/
Extract the contents of a zip archive named 'docs.zip',unzip docs.zip
Download a file from a URL 'https://example.com/example.txt',wget https://example.com/example.txt
Upload a file named 'example.txt' to a remote server using SFTP,"sftp user@host << EOF
put example.txt
EOF"
Run a command 'ls -l' on a remote server using SSH,ssh user@host 'ls -l'
Transfer a file named 'example.txt' from a local machine to a remote server using SCP,scp example.txt user@host:/remote/path/
Transfer a file named 'example.txt' from a remote server to a local machine using SCP,scp user@host:/remote/path/example.txt ./
Delete a user account named 'john',userdel john
Change the password of a user account named 'john',passwd john
Add a user named 'john' to a group named 'staff',usermod -aG staff john
Create a new group named 'staff',groupadd staff
Delete a group named 'staff',groupdel staff
Schedule a command 'ls -l' to run every minute,cron -e * * * * * ls -l
Copy a file named 'example.txt' to a new directory 'test',cp example.txt test/
Move a file named 'example.txt' to a new directory 'test',mv example.txt test/
Display the content of a file named 'example.txt',cat example.txt
"Change the permission of a file named 'example.txt' to readable, writable, and executable",chmod 777 example.txt
Change the owner of a file named 'example.txt' to a user named 'user',chown user example.txt
Change the group of a file named 'example.txt' to a group named 'group',chgrp group example.txt
Display the current date and time,date
Display the system uptime,uptime
Display the system memory usage,free -m
Display the system disk usage,df -h
Display the system CPU usage,top -b -n 1
Update all packages in the system,apt-get update
Upgrade all packages in the system,apt-get upgrade
List all installed packages in the system,dpkg -l
Display the version of a package named 'package',dpkg -l | grep package
Display the manual of a command named 'command',man command
Display the information of a command named 'command',info command
Run a command named 'command' in the background,command &
Run a command named 'command' with elevated privileges,sudo command
Extract the content of a tar archive named 'archive.tar' to a directory named 'directory',tar -xvf archive.tar -C directory/
Extract the content of a zip archive named 'archive.zip' to a directory named 'directory',unzip archive.zip -d directory/
Display the network configuration,ifconfig
Ping a host named 'host',ping host
Display the DNS resolution of a host named 'host',dig host
Display the network statistics,netstat -an
Create a new file named 'example.txt' and add 'Hello World' to it,echo 'Hello World' > example.txt
Append 'Hello World' to an existing file named 'example.txt',echo 'Hello World' >> example.txt
Find all files with the '.txt' extension in the current directory,find . -name '*.txt'
Search for the string 'example' in all files with the '.txt' extension,grep 'example' *.txt
Replace all occurrences of 'example' with 'new_example' in a file named 'example.txt',sed 's/example/new_example/g' example.txt
Create a tar archive of the 'example' directory,tar -czf example.tar.gz example
Extract the contents of a tar archive named 'example.tar.gz',tar -xzf example.tar.gz
Remove the 'git' package,apt remove git
Search for packages with 'git' in their name,apt search git
Add a user named 'example' to the 'sudo' group,usermod -aG sudo example
Change the ownership of a file named 'example.txt' to 'example:user',chown example:user example.txt
Change the permissions of a file named 'example.txt' to 'rwxr-x',chmod 755 example.txt
Find all empty files in the current directory,find . -size 0
Remove duplicate lines from a file named 'example.txt',sort -u example.txt
Split a file named 'example.txt' into chunks of 100 lines each,split -l 100 example.txt
Merge multiple files into a single file named 'output.txt',cat file1.txt file2.txt > output.txt
Copy a file named 'file.txt' to a directory named 'destination',cp file.txt destination
Move a file named 'file.txt' to a directory named 'destination',mv file.txt destination
Display the contents of a file named 'file.txt',cat file.txt
Display the first 10 lines of a file named 'file.txt',head file.txt
Display the last 10 lines of a file named 'file.txt',tail file.txt
Change the current working directory to the home directory,cd ~
Display the manual for the 'ls' command,man ls
Display information about the system,uname -a
Sleep for 5 seconds,sleep 5
Execute a command 'ls' and redirect the output to a file named 'output.txt',ls > output.txt
Execute a command 'ls' and append the output to a file named 'output.txt',ls >> output.txt
Execute a command 'ls' and redirect the error to a file named 'error.txt',ls 2> error.txt
Execute a command 'ls' and redirect both output and error to a file named 'output.txt',ls &> output.txt
Execute a command 'ls' in the background,ls &
Execute a command 'ls' and wait for it to finish,wait ls
Kill a process with PID '1234',kill 1234
Kill all processes with the name 'process',pkill process
Display a list of all running processes,ps aux
Display a list of all running processes in a tree-like format,pstree
Change the priority of a process with PID '1234' to '10',renice 10 -p 1234
Change the owner of a file named 'file.txt' to 'user',chown user file.txt
Change the group of a file named 'file.txt' to 'group',chgrp group file.txt
Change the permissions of a file named 'file.txt' to '755',chmod 755 file.txt
Display a list of all users,getent passwd
Display a list of all groups,getent group
Display information about a user named 'user',id user
Display information about a group named 'group',getent group group
Mount a remote filesystem using NFS,mount -t nfs remote-server:/shared /mnt
Unmount a remote filesystem,umount /mnt
Replace 'example' with 'test' in a file named 'example.txt',sed 's/example/test/g' example.txt
List all directories in the current directory recursively,find . -type d
Set an environment variable named 'EXAMPLE' to 'test',export EXAMPLE='test'
Print the value of an environment variable named 'EXAMPLE',echo $EXAMPLE
Add a new cron job that runs every minute,crontab -e
Remove a cron job,crontab -r
Print the system kernel version,uname -r
List all network interfaces,ip link show
List all network routes,ip route show
Perform a DNS lookup for a host named 'example.com',dig example.com
List all running services,service --status-all
List all system logs,ls /var/log
View the system log for a service named 'example',tail -f /var/log/example.log
Clear the system log for a service named 'example',truncate -s 0 /var/log/example.log
List all system users,getent passwd
List all system groups,getent group
Create a new system group named 'example',groupadd example
Add a user named 'example' to a group named 'example',usermod -aG example example
Copy a file named 'file.txt' to a directory named 'docs',cp file.txt docs/
Move a file named 'file.txt' to a directory named 'docs',mv file.txt docs/
Create a new file named 'example.txt' and add some text to it,echo 'Hello World!' > example.txt
Append some text to a file named 'example.txt',echo 'This is an example.' >> example.txt
Find all files with the extension '.txt' in the current directory and subdirectories,find . -name '*.txt'
Create a new user named 'john',useradd john
Change the password for a user named 'john',passwd john
Install a package named 'vim',apt install vim -y
Remove a package named 'vim',apt remove vim -y
Search for a package named 'vim',apt search vim
Clear the terminal screen,clear
Display the system's hostname,hostname
Display the system's IP address,hostname -I
Ping a website 'www.example.com',ping www.example.com
Display the system's uptime,uptime
Display the system's CPU usage,top -b -n 1 | grep 'Cpu(s)'
Display the system's memory usage,free -m
Display the system's disk usage,df -h
Mount a USB drive,mount /dev/sdb1 /mnt
Unmount a USB drive,umount /mnt
Format a USB drive,mkfs.ext4 /dev/sdb1
Create a new RAID 1 array,mdadm --create --verbose /dev/md0 --level=1 --raid-devices=2 /dev/sdb1 /dev/sdc1
Add a new disk to a RAID 1 array,mdadm --add /dev/md0 /dev/sdd1
Remove a disk from a RAID 1 array,mdadm --remove /dev/md0 /dev/sdb1
Display the RAID array status,cat /proc/mdstat
Create a new LVM volume group,vgcreate vg_example /dev/sdb1
Create a new LVM logical volume,lvcreate -n lv_example -L 100M vg_example
Extend a LVM logical volume,lvextend -L +100M /dev/vg_example/lv_example
Reduce a LVM logical volume,lvreduce -L -100M /dev/vg_example/lv_example
Display the LVM volume group status,vgdisplay vg_example
Display the LVM logical volume status,lvdisplay /dev/vg_example/lv_example
Append the content 'Hello World' to a file named 'file.txt',echo 'Hello World' >> file.txt
Display the content of a file named 'file.txt',cat file.txt
Find all files with the name 'file' in the current directory,find . -name 'file'
Display the system date and time,date
Display the system hostname,hostname
Display the system IP address,hostname -I
Ping a website 'example.com',ping example.com
Download a file from 'https://example.com/file.txt',wget https://example.com/file.txt
Display the manual of a command 'ls',man ls
Display the information of a command 'ls',info ls
Search for a pattern 'example' in a file 'file.txt',grep example file.txt
Replace a pattern 'example' with 'new_example' in a file 'file.txt',sed 's/example/new_example/g' file.txt
Sort a file 'file.txt' in ascending order,sort file.txt
Sort a file 'file.txt' in descending order,sort -r file.txt
Display the unique lines of a file 'file.txt',uniq file.txt
Display the lines of a file 'file.txt' that are not unique,uniq -d file.txt
Cut the first column of a file 'file.txt',cut -d' ' -f1 file.txt
Paste two files 'file1.txt' and 'file2.txt' side by side,paste file1.txt file2.txt
Join two files 'file1.txt' and 'file2.txt' based on the first column,join file1.txt file2.txt
Display the statistics of a file 'file.txt',stat file.txt
Display the checksum of a file 'file.txt',md5sum file.txt
Create a new archive 'archive.tar' from a directory 'example',tar -cvf archive.tar example
Extract the content of an archive 'archive.tar' to a directory 'example',tar -xvf archive.tar -C example
Create a new compressed archive 'archive.tar.gz' from a directory 'example',tar -czvf archive.tar.gz example
Extract the content of a compressed archive 'archive.tar.gz' to a directory 'example',tar -xzf archive.tar.gz -C example
Display the disk usage of the system,df -h
Display the disk usage of a directory 'example',du -sh example
Create a new symbolic link 'link' to a file 'file.txt',ln -s file.txt link
Create a new hard link 'link' to a file 'file.txt',ln file.txt link
Copy a file called 'source.txt' to 'destination.txt',cp source.txt destination.txt
Move a file called 'source.txt' to 'destination.txt',mv source.txt destination.txt
Create a new empty file called 'empty.txt',touch empty.txt
Change the permissions of a file called 'example.txt' to read-only,chmod 444 example.txt
Change the owner of a file called 'example.txt' to 'user',chown user example.txt
Change the group of a file called 'example.txt' to 'group',chgrp group example.txt
Set the 'EDITOR' environment variable to 'vim',export EDITOR=vim
Unset the 'EDITOR' environment variable,unset EDITOR
Run the 'command' with elevated privileges,sudo command
Search for a string 'pattern' in a file 'example.txt',grep pattern example.txt
Replace a string 'old' with 'new' in a file 'example.txt',sed 's/old/new/g' example.txt
Create a tarball of the 'example' directory,tar -cvf example.tar example
Extract the contents of a tarball 'example.tar',tar -xvf example.tar
Create a zip archive of the 'example' directory,zip -r example.zip example
Print the first 10 lines of a file 'example.txt',head example.txt
Print the last 10 lines of a file 'example.txt',tail example.txt
Print the number of lines in a file 'example.txt',wc -l example.txt
Print the number of words in a file 'example.txt',wc -w example.txt
Print the number of characters in a file 'example.txt',wc -c example.txt
Sort a file 'example.txt' in ascending order,sort example.txt
Sort a file 'example.txt' in descending order,sort -r example.txt
Remove duplicate lines from a file 'example.txt',sort -u example.txt
Print the unique lines in a file 'example.txt',uniq example.txt
Print the difference between two files 'file1.txt' and 'file2.txt',diff file1.txt file2.txt
Print the similarity between two files 'file1.txt' and 'file2.txt',comm file1.txt file2.txt
Create a new user 'newuser' with a home directory,useradd -m newuser
Delete a user 'olduser' and their home directory,userdel -r olduser
Change the password of a user 'user',passwd user
Lock a user 'user' account,passwd -l user
Unlock a user 'user' account,passwd -u user
Add a user 'user' to a group 'group',usermod -aG group user
Create a new group 'newgroup',groupadd newgroup
Delete a group 'oldgroup',groupdel oldgroup
Change the name of a group 'oldgroup' to 'newgroup',groupmod -n newgroup oldgroup
Print the groups a user 'user' belongs to,groups user
Print the users in a group 'group',getent group group
Copy a file named 'example.txt' to a new directory,cp example.txt /path/to/new/directory
Move a file named 'example.txt' to a new directory,mv example.txt /path/to/new/directory
Change the directory to 'Documents',cd Documents
Create a new archive of a directory named 'test',tar -czf test.tar.gz test
Extract the contents of an archive named 'test.tar.gz',tar -xzf test.tar.gz
Create a new zip archive of a directory named 'test',zip -r test.zip test
Extract the contents of a zip archive named 'test.zip',unzip test.zip
Install a new package named 'example',apt-get install example
Print the list of available network interfaces,ip link show
Print the IP address of a specific network interface,ip addr show eth0
Ping a remote host named 'example.com',ping example.com
Transfer a file from a remote host using SCP,scp user@example.com:/path/to/remote/file /path/to/local/directory
Connect to a remote host using SSH,ssh user@example.com
Create a new Git repository,git init
Add all files in the current directory to a Git repository,git add .
Commit changes in a Git repository with a message 'Initial commit',git commit -m 'Initial commit'
Print the log of a Git repository,git log
Create a new branch in a Git repository named 'feature/new-feature',git branch feature/new-feature
Switch to a branch named 'feature/new-feature' in a Git repository,git checkout feature/new-feature
Merge a branch named 'feature/new-feature' into the current branch,git merge feature/new-feature
Print the status of a Git repository,git status
Clone a remote Git repository named 'example.git',git clone example.git
Pull changes from a remote Git repository,git pull
Push changes to a remote Git repository,git push
Create a new file named 'example.txt' with a specific content,echo 'Hello World' > example.txt
Find all files with the '.txt' extension in the current directory and its subdirectories,find . -type f -name '*.txt'
"Change the permissions of a file named 'example.txt' to readable, writable, and executable for the owner",chmod 700 example.txt
Change the owner of a file named 'example.txt' to 'user' and the group to 'group',chown user:group example.txt
Upgrade all packages to the latest version,sudo apt full-upgrade -y
Print the CPU usage,top -b -n 1 | awk 'NR==3{print $9}'
Print the memory usage,"free -m | awk 'NR==2{printf ""%s/%sMB
"", $3,$2 }'"
Print the disk usage,df -h | awk 'NR==2{print $5}'
Find all running processes,ps aux
Add a user named 'example' to the 'example' group,sudo usermod -aG example example
Print the list of mounted filesystems,df -h
Mount a filesystem located at '/dev/sdb1' to '/mnt',sudo mount /dev/sdb1 /mnt
Unmount a filesystem located at '/mnt',sudo umount /mnt
Create a new swap file named 'swapfile' with a size of 1GB,sudo fallocate -l 1G /swapfile
Activate the swap file named 'swapfile',sudo mkswap /swapfile && sudo swapon /swapfile
Deactivate the swap file named 'swapfile',sudo swapoff /swapfile
Print the list of network interfaces,ip link show
Print the IP address of the 'eth0' network interface,ip addr show eth0 | grep inet
Configure the 'eth0' network interface with a static IP address,sudo ip addr add 192.168.1.100/24 dev eth0
Change the current directory to 'example',cd example
Write 'Hello World' to a file named 'example.txt',echo 'Hello World' > example.txt
Extract the contents of a tarball named 'example.tar',tar -xvf example.tar
Find the process ID of a process named 'example',pgrep example
Run a command as the superuser,sudo command
Transfer a file named 'example.txt' from a remote server using scp,scp user@example.com:example.txt .
Connect to a remote server using ssh,ssh user@example.com
Display the info manual for the 'ls' command,info ls
Search for a pattern in a file named 'example.txt' using ack,ack pattern example.txt
Search for a pattern in a file named 'example.txt' using ag,ag pattern example.txt
Commit changes to a Git repository,git commit -m 'commit message'
Display the status of a Git repository,git status
Display the log of a Git repository,git log
Create a new branch in a Git repository,git branch branch-name
Switch to a branch named 'branch-name' in a Git repository,git checkout branch-name
Merge a branch named 'branch-name' into the current branch in a Git repository,git merge branch-name
Display the diff of changes between two commits in a Git repository,git diff commit1..commit2
Create a new symbolic link named 'link' to 'target',ln -s target link
Search for files containing the string 'example' in the current directory,grep -r 'example' .
Create a new archive named 'archive.tar' containing all files in the current directory,tar -cvf archive.tar .
Extract the contents of an archive named 'archive.tar' to the current directory,tar -xvf archive.tar
Find the differences between two files named 'file1.txt' and 'file2.txt',diff file1.txt file2.txt
Create a new user named 'newuser' with a home directory,useradd -m newuser
Change the password of a user named 'existinguser',passwd existinguser
Add a user named 'existinguser' to a group named 'examplegroup',usermod -aG examplegroup existinguser
Create a new group named 'examplegroup',groupadd examplegroup
Delete a user named 'existinguser',userdel existinguser
Delete a group named 'examplegroup',groupdel examplegroup
Print the list of currently running processes,ps aux
Transfer a file named 'example.txt' from a remote server using FTP,ftp example.com
Transfer a file named 'example.txt' from a remote server using SFTP,sftp example.com
Create a new cron job to run a command every day at 2am,crontab -e
Install a package named 'examplepackage',apt-get install examplepackage
Remove a package named 'examplepackage',apt-get remove examplepackage
Copy a file named 'test.txt' to a new location,cp test.txt /path/to/new/location
Move a file named 'test.txt' to a new location,mv test.txt /path/to/new/location
Change the permissions of a file named 'test.txt' to read-only,chmod 444 test.txt
Search for a string 'example' in a file named 'test.txt',grep example test.txt
Replace a string 'old' with 'new' in a file named 'test.txt',sed 's/old/new/g' test.txt
Create a new tar archive of a directory named 'example',tar -cvf example.tar example
Create a new zip archive of a directory named 'example',zip -r example.zip example
Unmount a device named '/dev/sdb1',umount /dev/sdb1
Mount a device named '/dev/sdb1' to a directory named '/mnt',mount /dev/sdb1 /mnt
Change to the home directory,cd ~
Create a new symbolic link to a file named 'test.txt',ln -s test.txt link.txt
Find all files with the name 'test' in the current directory,find . -name 'test'
Copy the contents of a directory named 'example' to a new location,cp -r example /path/to/new/location
Move the contents of a directory named 'example' to a new location,mv example /path/to/new/location
Change the owner of a file named 'test.txt' to a user named 'john',chown john test.txt
Change the group of a file named 'test.txt' to a group named 'users',chgrp users test.txt
Find all files that are larger than 1MB in the current directory,find . -size +1M
Find all files that are smaller than 1MB in the current directory,find . -size -1M
Create a new file named 'test.txt' with the contents 'Hello World',echo 'Hello World' > test.txt
Append the contents 'Hello World' to a file named 'test.txt',echo 'Hello World' >> test.txt
Create a new file named 'test.txt' with the contents of a file named 'example.txt',cp example.txt test.txt
Compare the contents of two files named 'test.txt' and 'example.txt',diff test.txt example.txt
Print the first 10 lines of a file named 'test.txt',head test.txt
Print the last 10 lines of a file named 'test.txt',tail test.txt
Print the number of lines in a file named 'test.txt',wc -l test.txt
Print the number of words in a file named 'test.txt',wc -w test.txt
Print the number of characters in a file named 'test.txt',wc -c test.txt
Change the current directory to '/home',cd /home
Print the contents of a file named 'file.txt',cat file.txt
Run a command and redirect the output to a file,command > file.txt
Run a command and append the output to a file,command >> file.txt
Run a command and redirect the error to a file,command 2> file.txt
Run a command and append the error to a file,command 2>> file.txt
Run a command and redirect both the output and error to a file,command &> file.txt
Run a command and append both the output and error to a file,command &>> file.txt
Create a new tar archive of a directory named 'dir',tar -czf archive.tar.gz dir
Extract a tar archive named 'archive.tar.gz',tar -xzf archive.tar.gz
Create a new zip archive of a directory named 'dir',zip -r archive.zip dir
Create a new SSH connection to a server named 'server',ssh server
Copy a file named 'file.txt' to a remote server named 'server',scp file.txt server:file.txt
Copy a directory named 'dir' to a remote server named 'server',scp -r dir server:dir
Run a command on a remote server named 'server',ssh server 'command'
Print the system's environment variables,printenv
Create a new directory called 'llama',mkdir llama
Change permissions of a file to executable,chmod +x file.sh
Copy a file from one directory to another,cp /path/to/source /path/to/destination
Move a file from one directory to another,mv /path/to/source /path/to/destination
Create a new file using touch command,touch newfile.txt
Display the contents of a file,cat file.txt
Find and replace text in a file,sed 's/old_text/new_text/g' file.txt
Kill a running process,kill process_id
Install a new package using apt,apt-get install package_name
Update all packages using apt,apt-get update && apt-get upgrade
Search for a package using apt,apt-cache search package_name
Display the manual for a command,man command_name
Display the info manual for a command,info command_name
Exit the current shell session,exit
Create a new symbolic link,ln -s target link_name
Display the environment variables,printenv
Find files by name,find . -name filename
Find files by size,find . -size +100M
Find files by modification time,find . -mtime -1
Extract a tar archive,tar -xvf archive.tar
Extract a zip archive,unzip archive.zip
Display the uptime of the system,uptime
Display the free disk space,df -h
Display the free memory,free -m
Run a command with elevated privileges,sudo command
Switch to the superuser account,su
Change the group ownership of a file,chgrp group file
Change the owner of a file named 'file.txt' to a user named 'user',chown user file.txt
Change the group of a file named 'file.txt' to a group named 'group',chgrp group file.txt
Find all files with the name 'file.txt' in the current directory and subdirectories,find . -name 'file.txt'
Create a new user account named 'user',useradd user
Delete a user account named 'user',userdel user
Change the password of a user account named 'user',passwd user
Print the version of the Bash shell,bash --version
Print the current shell configuration,set
Enable the Bash shell history,set -o history
Disable the Bash shell history,set +o history
Clear the Bash shell history,history -c
Print the Bash shell history,history
Run a command 'example' in the foreground,fg example
Suspend the current shell session,suspend
Resume the current shell session,fg
Change the ownership of a file named 'file.txt' to a user 'user',chown user file.txt
Create a new tar archive named 'archive.tar' from a directory named 'docs',tar -cf archive.tar docs/
Create a new SSH connection to a server 'example.com',ssh example.com
Copy a file named 'file.txt' to a remote server 'example.com',scp file.txt example.com:
Display the manual for a command 'ls',man ls
Display the information about a command 'ls',info ls
Display the history of commands,history
Execute a command 'ls' and redirect the error messages to a file named 'error.txt',ls 2> error.txt
Execute a command 'ls' and redirect both the output and error messages to a file named 'output.txt',ls &> output.txt
Display the disk usage of the current directory,du -sh
Display the free disk space on the system,df -h
Mount a USB drive to a directory named 'usb',mount /dev/sdb1 usb
Unmount a USB drive from a directory named 'usb',umount usb
Ping a host 'example.com',ping example.com
Display the DNS records for a domain 'example.com',dig example.com
Transfer a file named 'file.txt' from a remote server 'example.com' using FTP,"ftp example.com << EOF
get file.txt
quit
EOF"
Display the system logs,dmesg
Display the last 100 system logs,dmesg | tail -n 100
Search for a string 'example' in the system logs,dmesg | grep example
Display the CPU usage,top -b -n 1 | grep CPU
Display the memory usage,free -m
Display the disk I/O statistics,iostat -xdm
Display the network I/O statistics,netstat -an
Kill all processes owned by a user 'user',pkill -u user
Create a new user account with the username 'newuser',useradd newuser
Add a new group with the name 'newgroup',groupadd newgroup
Add the current user to the 'newgroup' group,usermod -aG newgroup $USER
Install a new package with the name 'example',apt install example -y
Remove a package with the name 'example',apt remove example -y
Search for a package with the name 'example',apt search example
Print the current time in 12-hour format,"date +""%r"""
Print the current time in 24-hour format,"date +""%H:%M:%S"""
Create a new tar archive with the name 'example.tar',tar -cvf example.tar example
Extract the contents of a tar archive with the name 'example.tar',tar -xvf example.tar
Create a new zip archive with the name 'example.zip',zip example.zip example
Extract the contents of a zip archive with the name 'example.zip',unzip example.zip
Find and replace a string in a file named 'example.txt',sed -i 's/old-string/new-string/g' example.txt
Sort the contents of a file named 'example.txt',sort example.txt
Print the contents of a file named 'example.txt' in reverse order,tac example.txt
Create a new hard link to a file named 'example.txt',ln example.txt example-link
Copy a file named 'file.txt' to a new directory 'mydir',cp file.txt mydir/
Move a file named 'file.txt' to a new directory 'mydir',mv file.txt mydir/
Create a new user named 'username',useradd username
Change the password of a user named 'username',passwd username
Create a new group named 'groupname',groupadd groupname
Add a user named 'username' to a group named 'groupname',usermod -aG groupname username
Search for a file named 'file.txt' in the current directory and subdirectories,find . -name file.txt
Create a new hard link named 'link' to a file named 'file.txt',ln file.txt link
Change the ownership of a file named 'file.txt' to a user named 'username',chown username file.txt
"Change the permissions of a file named 'file.txt' to 'read, write, execute' for the owner",chmod 700 file.txt
Create a new archive file named 'archive.tar' from a directory named 'mydir',tar -cvf archive.tar mydir
Extract the contents of an archive file named 'archive.tar' to the current directory,tar -xvf archive.tar
Create a new SSH key pair named 'id_rsa',ssh-keygen -t rsa -b 2048 -f id_rsa
Copy the public SSH key to a remote server named 'remote_server',ssh-copy-id remote_server
Connect to a remote server named 'remote_server' using SSH,ssh remote_server
Transfer a file named 'file.txt' to a remote server named 'remote_server' using SFTP,"sftp remote_server << EOF
put file.txt
EOF"
"List all files in the current directory and subdirectories, including hidden files",find . -type f -print
Search for a string 'hello' in all files in the current directory and subdirectories,grep -r 'hello' .
Create a new cron job that runs a command 'command' every day at 2am,"crontab -e
0 2 * * * command"
Create a new system service named 'service_name',systemctl start service_name
Start a system service named 'service_name',systemctl start service_name
Stop a system service named 'service_name',systemctl stop service_name
Restart a system service named 'service_name',systemctl restart service_name
Enable a system service named 'service_name' to start at boot,systemctl enable service_name
Disable a system service named 'service_name' from starting at boot,systemctl disable service_name
List all system services,systemctl list-units
List all failed system services,systemctl --failed
Create a new network interface named 'eth1',ip link add eth1 type ether
Assign an IP address '192.168.1.100' to a network interface named 'eth1',ip addr add 192.168.1.100/24 dev eth1
Bring up a network interface named 'eth1',ip link set eth1 up
Bring down a network interface named 'eth1',ip link set eth1 down
List all IP addresses assigned to network interfaces,ip addr show
"Find the five most frequent 5xx HTTP status codes in the last 30 days of an Nginx access log, ignoring any lines that contain the string ""healthcheck"", and display them with their counts sorted descending.","zcat -f /var/log/nginx/access.log*.gz | grep -v 'healthcheck' | awk -F'""' '{print $3}' | awk '{print $2}' | grep '^5' | sort | uniq -c | sort -nr | head -5 # Output:  342 504
  127 502
  45 503
  12 500
   3 511"
"Create a Bash function that takes a directory path and a file extension, then archives all files older than 90 days with that extension into a tar.gz named with the current date, and removes the original files after successful compression.","backup_old_files() {
  local dir=""$1"" ext=""$2""
  local archive=""${dir%/}_$(date +%Y%m%d).tar.gz""
  find ""$dir"" -type f -name ""*.$ext"" -mtime +90 -print0 |
    tar --null -czf ""$archive"" --files-from - &&
    xargs -0 rm -f
}
# Usage: backup_old_files /var/log log"
"Extract all JSON objects from a mixed log file (each line may be plain text or JSON) and pretty‑print them using jq, saving the result to a file named ""json_records.pretty.json"".",grep -a '{' /var/log/mixed.log | grep -a '}' | jq -c . | jq . > json_records.pretty.json
"Monitor the CPU usage of all processes owned by user ""alice"" in real time, printing a timestamped line whenever any of them exceeds 80% CPU, and log these events to /var/log/alice_cpu_alert.log.","while sleep 5; do
  ps -u alice -o pid,pcpu,comm --no-headers | awk '$2>80 {print strftime(""%F %T""), $0}' >> /var/log/alice_cpu_alert.log
done &"
"Find duplicate files (by content) in /home/shared, list each set of duplicates with their file sizes, and optionally delete all but the newest file in each set after confirmation.","find /home/shared -type f -exec md5sum {} + | sort | awk 'NR==1{hash=$1;files=$2} $1==hash{files=files"" ""$2} $1!=hash{if(NF>2)print hash,files; hash=$1; files=$2} END{if(NF>2)print hash,files}' | while read -r hash files; do
  size=$(stat -c%s $(echo $files | awk '{print $1}'))
  echo ""Size: $size bytes""
  echo ""Duplicates: $files""
  read -p ""Delete all but newest? (y/N) "" ans
  if [[ $ans == [Yy] ]]; then
    newest=$(ls -t $files | head -1)
    for f in $files; do
      [[ $f != $newest ]] && rm -f ""$f""
    done
  fi
done"
"Generate a report of the top 10 largest directories (by total size) under /var/www, showing size in human‑readable format and the directory path, sorted descending.",du -h --max-depth=1 /var/www | sort -hr | head -10
"Create a one‑liner that replaces all occurrences of the word ""ERROR"" with ""WARN"" in all "".log"" files under /opt/app/logs, making a backup of each original file with a "".bak"" extension.","find /opt/app/logs -type f -name '*.log' -exec sh -c 'cp ""$1"" ""${1}.bak"" && sed -i ""s/ERROR/WARN/g"" ""$1""' _ {} \;"
"Write a Bash script that reads a list of URLs from urls.txt, downloads each with curl showing a progress bar, retries up to 3 times on failure, and stores the HTTP status code of each request in a CSV file called download_status.csv.","#!/usr/bin/env bash
printf 'url,status\n' > download_status.csv
while IFS= read -r url; do
  attempts=0
  while ((attempts<3)); do
    ((attempts++))
    code=$(curl -w ""%{http_code}"" -L -s -S --progress-bar ""$url"" -o ""$(basename ""$url"")"" 2>/dev/null)
    if [[ $code -ge 200 && $code -lt 400 ]]; then
      printf '%s,%s\n' ""$url"" ""$code"" >> download_status.csv
      break
    fi
  done
  if ((attempts==3)); then
    printf '%s,FAIL\n' ""$url"" >> download_status.csv
  fi
done < urls.txt"
"Using only standard Unix tools, produce a CSV of the number of commits per author in a git repository located at /srv/git/project, sorted by commit count descending.","git -C /srv/git/project shortlog -sne | awk '{print $2"",""$1}' | sort -t, -k2 -nr"
"Find all symbolic links under /etc that point to non‑existent files, and delete those broken links after prompting the user for each one.","find /etc -type l | while read -r link; do
  if [ ! -e ""$(readlink -f ""$link"")"" ]; then
    read -p ""Delete broken link $link? (y/N) "" ans
    [[ $ans == [Yy] ]] && rm -f ""$link""
  fi
done"
"Create a command that monitors /var/log/syslog for lines containing the word ""CRITICAL"", extracts the timestamp and the message, and sends an email alert with the extracted info to admin@example.com using sendmail.","tail -F /var/log/syslog | grep --line-buffered 'CRITICAL' | while read -r line; do
  ts=$(echo ""$line"" | awk '{print $1"" ""$2"" ""$3}')
  msg=$(echo ""$line"" | cut -d' ' -f4-)
  printf ""Subject: Critical alert\n\nTime: %s\nMessage: %s\n"" ""$ts"" ""$msg"" | sendmail admin@example.com
done &"
"Write a Bash one‑liner that lists all open TCP ports on the system, shows the associated process name and PID, and filters out any ports owned by the root user.","ss -tlnp | awk 'NR>1 && $7!~""root"" {split($7,a,""=""); split(a[2],b,"" ""); print $5"" ""b[1]}'"
"Using awk and sed, transform a CSV file users.csv (columns: id,name,email) into a JSON array of objects and write it to users.json.","awk -F',' 'NR>1 {printf ""%s\n"", (NR==2?""["":""""), ""  {\""id\"": \""""$1""\"", \""name\"": \""""$2""\"", \""email\"": \""""$3""\""}""} END {print ""]""}' users.csv | sed '$s/},]/}]/' > users.json"
"Write a Bash function that accepts a process name pattern, then prints a table of matching processes with PID, CPU%, MEM%, and the command, sorted by CPU% descending.","list_procs() {
  ps -eo pid,pcpu,pmem,comm --no-headers | grep -i ""$1"" | sort -k2 -nr | awk '{printf ""%6s %5s %5s %s\n"", $1, $2""%"", $3""%"", $4}'
}
# Usage: list_procs nginx"
"Create a command pipeline that extracts all IPv6 addresses from /var/log/auth.log, counts their occurrences, and displays the top three most frequent ones.","grep -oE '([0-9a-fA-F]{0,4}:){2,7}[0-9a-fA-F]{0,4}' /var/log/auth.log | sort | uniq -c | sort -nr | head -3"
"Write a Bash script that rotates log files in /var/log/myapp/ daily: compress yesterday's log (myapp.log.YYYY-MM-DD) with gzip, delete compressed logs older than 30 days, and ensure a fresh myapp.log is created with correct permissions.","#!/usr/bin/env bash
logdir=/var/log/myapp
yesterday=$(date -d yesterday +%F)
logfile=myapp.log
# Rotate
if [ -f ""$logdir/$logfile"" ]; then
  mv ""$logdir/$logfile"" ""$logdir/${logfile}.$yesterday""
  gzip ""$logdir/${logfile}.$yesterday""
fi
# Create new log file with proper perms
touch ""$logdir/$logfile""
chmod 640 ""$logdir/$logfile""
chown root:adm ""$logdir/$logfile""
# Cleanup old archives
find ""$logdir"" -name ""${logfile}.*.gz"" -mtime +30 -delete"
"Using find, xargs and perl, replace every occurrence of the string ""fooBar"" with ""barFoo"" in all "".conf"" files under /etc, but only in files larger than 1 KB.",find /etc -type f -name '*.conf' -size +1k -print0 | xargs -0 perl -pi -e 's/fooBar/barFoo/g'
"Construct a one‑liner that prints the total number of lines of code (excluding blank lines and comments) for all .py files in the current repository, grouping the count by top‑level directory.","find . -name '*.py' -print0 | xargs -0 cat | grep -vE '^\s*(#|$)' | awk '{total[ARGV[1]]++} END {for (d in total) print d, total[d]}'"
"Write a Bash command that lists all Docker containers that have been stopped for more than 48 hours, and removes them after user confirmation.","docker ps -a --filter 'status=exited' --format '{{.ID}} {{.CreatedAt}}' | while read -r id date; do
  if [[ $(date -d ""$date"" +%s) -lt $(( $(date +%s) - 48*3600 )) ]]; then
    echo ""Container $id stopped at $date""
    read -p ""Remove? (y/N) "" ans
    [[ $ans == [Yy] ]] && docker rm ""$id""
  fi
done"
"Create a pipeline that reads a large JSON array from data.json, extracts the field ""user.id"" from each object, sorts the IDs numerically, removes duplicates, and writes the result to ids.txt.",jq -r '.[] | .user.id' data.json | sort -n | uniq > ids.txt
"Write a Bash function that takes a directory and a pattern, then prints a tree‑like view (using indentation) of all files matching the pattern, showing file size in bytes next to each file.","tree_match() {
  local dir=""$1"" pat=""$2""
  find ""$dir"" -type f -name ""$pat"" | while IFS= read -r file; do
    depth=$(echo ""$file"" | awk -F'/' '{print NF-1}')
    indent=$(printf '%*s' $((depth*2)) '')
    size=$(stat -c%s ""$file"")
    echo ""${indent}$(basename ""$file"") ($size bytes)""
  done
}
# Usage: tree_match /var/log '*.log'"
"Using only Bash builtins and /proc, display the total amount of free memory (in MB) and the number of running processes on the system.","free_mem=$(awk '/MemAvailable/ {printf ""%.0f"", $2/1024}' /proc/meminfo); proc_cnt=$(ls /proc | grep -E '^[0-9]+$' | wc -l); echo ""Free memory: ${free_mem} MB, Running processes: $proc_cnt"""
"Generate a command that finds all files in /srv/data larger than 100 MB, computes their SHA256 checksum, and writes a tab‑separated list of checksum and filename to checksums.tsv.","find /srv/data -type f -size +100M -exec sha256sum {} + | awk '{print $1""\t""$2}' > checksums.tsv"
Write a Bash one‑liner that monitors the size of /var/log/syslog in real time and prints a warning if it grows by more than 10 MB within a 5‑minute window.,"prev=$(stat -c%s /var/log/syslog); while sleep 300; do cur=$(stat -c%s /var/log/syslog); diff=$((cur-prev)); if (( diff > 10*1024*1024 )); then echo ""Warning: /var/log/syslog grew by $((diff/1024/1024)) MB in last 5 minutes""; fi; prev=$cur; done &"
"Create a script that backs up a MySQL database named ""sales"" to a gzipped file named sales_$(date +%F).sql.gz, then verifies the dump by attempting to list tables from the dump without importing.","#!/usr/bin/env bash
backup_file=""sales_$(date +%F).sql.gz""
mysqldump -u root -p sales | gzip > ""$backup_file""
if gzip -dc ""$backup_file"" | mysql -u root -p -e 'SHOW TABLES;' > /dev/null; then
  echo ""Backup verified""
else
  echo ""Backup verification failed""
fi"
"Write a Bash command that lists all users on the system whose home directories are larger than 5 GB, showing username and size in human‑readable format, sorted descending.","while IFS=: read -r user _ _ _ _ home _; do
  [ -d ""$home"" ] || continue
  size=$(du -sh ""$home"" 2>/dev/null | cut -f1)
  bytes=$(du -sb ""$home"" 2>/dev/null | cut -f1)
  if (( bytes > 5*1024*1024*1024 )); then
    printf ""%s\t%s\n"" ""$user"" ""$size""
  fi
done < /etc/passwd | sort -k2 -hr"
"Using grep, sed and cut, extract from /var/log/apache2/error.log all timestamps of 404 errors and output them as a comma‑separated list.","grep '404' /var/log/apache2/error.log | grep -oE '\[.*\]' | sed 's/[\[\]]//g' | paste -sd',' -"
"Write a Bash one‑liner that prints the average load over the last 15 minutes from /proc/loadavg, rounded to two decimal places.","awk '{printf ""%.2f\n"", $3}' /proc/loadavg"
"Create a function called backup_dir that takes a directory path, creates a compressed tarball named with the directory base and current timestamp, verifies the archive integrity, and logs success or failure to /var/log/backup.log.","backup_dir(){ local src=""$1""; local base=$(basename ""$src""); local ts=$(date +%Y%m%d_%H%M%S); local tarfile=""${base}_$ts.tar.gz""; tar -czf ""/tmp/$tarfile"" -C ""$(dirname ""$src"")"" ""$base"" && if tar -tzf ""/tmp/$tarfile"" > /dev/null 2>&1; then echo ""$(date +%F_%T) SUCCESS: $tarfile created"" >> /var/log/backup.log; else echo ""$(date +%F_%T) FAILURE: $tarfile corrupted"" >> /var/log/backup.log; fi }"
"Find all JSON files under /data, extract the value of the field ""status"" using jq, count occurrences of each status, and write the summary to /tmp/status_summary.txt.","find /data -type f -name ""*.json"" -print0 | xargs -0 -n1 jq -r '.status' 2>/dev/null | sort | uniq -c | awk '{print $2"" ""$1}' > /tmp/status_summary.txt"
"Monitor /var/log/auth.log in real time, filter for failed sudo attempts, extract the username and timestamp, and append them as JSON lines to /var/log/failed_sudo.json.","tail -F /var/log/auth.log | grep --line-buffered ""sudo:.*authentication failure"" | while read -r line; do ts=$(echo ""$line"" | awk '{print $1"" ""$2"" ""$3}'); user=$(echo ""$line"" | grep -oP ""user \K[^ ]+""); echo ""{\""timestamp\"": \""$ts\"", \""user\"": \""$user\""}"" >> /var/log/failed_sudo.json; done"
"Write a one‑liner that recursively finds all executable files larger than 100 MiB, computes their SHA256 checksum, and stores the path and checksum in a CSV file /tmp/large_bins.csv.","find / -type f -executable -size +100M -exec sha256sum {} \; | awk '{print $2"",""$1}' > /tmp/large_bins.csv"
"Create a script that reads a list of hostnames from /etc/hosts.allow, pings each host in parallel (max 10 concurrent jobs), and writes reachable hosts to reachable.txt and unreachable ones to unreachable.txt.","#!/usr/bin/env bash
hosts=$(cut -f1 /etc/hosts.allow | grep -v '^#')
mkdir -p /tmp/ping_results
printf ""%s\n"" ""$hosts"" | xargs -P10 -I{} bash -c 'if ping -c1 -W2 {} &>/dev/null; then echo {} >> /tmp/ping_results/reachable.txt; else echo {} >> /tmp/ping_results/unreachable.txt; fi'"
"Using awk, print the average of the third column for each distinct value in the first column from a space‑separated file /tmp/data.txt.","awk '{sum[$1]+=$3; cnt[$1]++} END {for (i in sum) printf ""%s %.2f\n"", i, sum[i]/cnt[i]}' /tmp/data.txt"
"Find all symbolic links under /usr/local that are broken, replace each with a copy of the target file (if it exists elsewhere), and log the actions to /var/log/broken_symlinks.log.","find /usr/local -xtype l -print0 | while IFS= read -r -d '' link; do target=$(readlink ""$link""); if [ -e ""$target"" ]; then cp -a ""$target"" ""$(dirname ""$link"")/$(basename ""$target"")"" && echo ""$(date +%F_%T) REPLACED $link with copy of $target"" >> /var/log/broken_symlinks.log; else echo ""$(date +%F_%T) MISSING $link (target $target not found)"" >> /var/log/broken_symlinks.log; fi; done"
"Write a Bash function that takes a directory and a file extension, finds the newest N files (default 5) with that extension, creates a zip archive named archive_$(date +%s).zip, and returns the archive path.","archive_latest(){ local dir=""$1""; local ext=""$2""; local n=${3:-5}; local zipfile=""archive_$(date +%s).zip""; find ""$dir"" -type f -name ""*.$ext"" -printf ""%T@ %p\n"" | sort -nr | head -n ""$n"" | cut -d' ' -f2- | zip -@ ""$zipfile"" && echo ""$zipfile""; }"
"Parse the Apache access log /var/log/apache2/access.log, extract the top 10 IP addresses by request count, and display them with counts in descending order.",awk '{print $1}' /var/log/apache2/access.log | sort | uniq -c | sort -nr | head -10
"Create a pipeline that reads a CSV file, filters rows where column 4 matches a regex ""^ERROR"", replaces spaces in column 2 with underscores, and writes the result to a new CSV.","awk -F',' 'BEGIN{OFS="",""} $4 ~ /^ERROR/ {$2=gensub(/ /,""_"",""g"",$2)} 1' input.csv > filtered.csv"
"Write a one‑liner that monitors disk usage of /home, and when it exceeds 80%, sends a Slack webhook notification with the current usage percentage.","df -h /home | awk 'NR==2{gsub(/%/,"""",$5); if($5>80) print $5}' | while read p; do curl -X POST -H 'Content-type: application/json' --data ""{\""text\"": \""/home usage at $p%\""}"" $SLACK_WEBHOOK_URL; done"
"Using find and exec, change the permissions of all .sh files that have not been modified in the last 30 days to 440 (read‑only for owner and group).","find . -type f -name ""*.sh"" -mtime +30 -exec chmod 440 {} \;"
"Write a Bash script that reads JSON from stdin, extracts the field ""url"", downloads each URL with curl (max 3 parallel downloads), and prints a summary of success/failure counts.","#!/usr/bin/env bash
success=0; fail=0;
jq -r '.url' | xargs -P3 -I{} bash -c 'if curl -s -O ""{}""; then echo ""OK {}""; exit 0; else echo ""FAIL {}""; exit 1; fi' | while read -r status url; do if [[ $status == OK* ]]; then ((success++)); else ((fail++)); fi; done

echo ""Downloaded: $success, Failed: $fail"""
"Generate a command that lists all Docker containers (running and stopped), extracts their names and creation dates, sorts them by creation date descending, and outputs in a pretty table.","docker ps -a --format '{{.Names}} {{.CreatedAt}}' | sort -k2,2M -k3,3r | column -t"
"Create a Bash function that accepts a git repository URL, clones it into /tmp if not already present, pulls latest changes, and prints the latest commit hash.","git_latest(){ local repo=""$1""; local dir=""/tmp/$(basename ""$repo"" .git)""; if [ ! -d ""$dir/.git"" ]; then git clone ""$repo"" ""$dir""; else (cd ""$dir"" && git pull); fi; (cd ""$dir"" && git rev-parse HEAD); }"
"Write a pipeline that reads systemd journal entries for the last hour, filters for messages containing ""kernel panic"", extracts the timestamp and PID, and writes them as JSON lines to /tmp/panic_events.json.","journalctl --since ""1 hour ago"" -o json | jq -c 'select(.MESSAGE|test(""kernel panic"")) | {timestamp: .__REALTIME_TIMESTAMP, pid: ._PID, message: .MESSAGE}' > /tmp/panic_events.json"
"Using sed, replace all occurrences of the placeholder {{VERSION}} in all *.conf files under /etc/myapp with the output of git describe --tags, and create a backup of each original file with .bak extension.","ver=$(git -C /etc/myapp describe --tags --always)
find /etc/myapp -type f -name ""*.conf"" -exec sh -c 'cp ""$1"" ""$1.bak"" && sed -i ""s/{{VERSION}}/$ver/g"" ""$1""' _ {} \;"
"Create a command that finds all files larger than 1 GiB, moves them to /mnt/large_files preserving directory structure, and logs the original and new paths to /var/log/large_file_moves.log.","find / -type f -size +1G -print0 | while IFS= read -r -d '' f; do rel=${f#/}; dest=""/mnt/large_files/$rel""; mkdir -p ""$(dirname ""$dest"")"" && mv ""$f"" ""$dest"" && echo ""$(date +%F_%T) $f -> $dest"" >> /var/log/large_file_moves.log; done"
"Write a Bash one‑liner that prints the number of CPUs, total memory in GB, and the system uptime in days, formatted as JSON.","printf '{""cpus"":%d,""memory_gb"":%.2f,""uptime_days"":%.2f}\n' ""$(nproc)"" ""$(awk '/MemTotal/ {printf $2/1024/1024}' /proc/meminfo)"" ""$(awk '{print $1/86400}' /proc/uptime)"""
"Using awk and sort, generate a report from /var/log/syslog that shows the top 5 processes generating the most log entries in the last 24 hours.","awk 'BEGIN{t=systime()-86400} $0 ~ ""[[:digit:]]{4}-[[:digit:]]{2}-[[:digit:]]{2}"" {split($1,d,""-""); logtime=mktime(d[1]"" ""d[2]"" ""d[3]"" 0 0 0); if(logtime>=t) proc[$5]++} END {for(p in proc) print proc[p], p}' /var/log/syslog | sort -nr | head -5"
"Write a script that watches a directory /var/spool/print for new PDF files, converts each to PNG using ImageMagick, moves the PNGs to /var/spool/print/png, and archives the original PDF.","#!/usr/bin/env bash
in=/var/spool/print
out=/var/spool/print/png
archive=/var/spool/print/archive
mkdir -p ""$out"" ""$archive""
inotifywait -m -e close_write --format ""%w%f"" ""$in"" | while read file; do
  if [[ $file == *.pdf ]]; then
    base=$(basename ""$file"" .pdf)
    convert -density 300 ""$file"" ""$out/${base}_%03d.png""
    mv ""$file"" ""$archive/""
  fi
done"
"Create a command that extracts all IPv4 addresses from a mixed‑content log file, removes duplicates, sorts them numerically, and writes the result to /tmp/unique_ips.txt.","grep -Eo '([0-9]{1,3}\.){3}[0-9]{1,3}' mixed.log | sort -u -t. -k1,1n -k2,2n -k3,3n -k4,4n > /tmp/unique_ips.txt"
"Write a Bash function that takes a URL and a destination directory, downloads the file with curl showing a progress bar, verifies its SHA256 against a provided checksum file, and retries up to 3 times on failure.","download_verify(){ local url=""$1"" dest_dir=""$2"" checksum_file=""${dest_dir}/checksum.sha256""; local fname=$(basename ""$url""); local attempts=0; while ((attempts<3)); do ((attempts++)); curl -L --progress-bar -o ""${dest_dir}/${fname}"" ""$url"" && echo ""Downloaded $fname"" && if sha256sum -c ""$checksum_file"" 2>/dev/null; then echo ""Checksum OK""; return 0; else echo ""Checksum FAILED""; fi; echo ""Retry $attempts...""; done; return 1; }"
"Generate a pipeline that reads a large JSON array from stdin, streams each element through jq to extract the field ""id"", batches them in groups of 100, and writes each batch to a separate file batch_#.json.","jq -c '.[]' | nl -v0 -nln | awk '{printf ""%s\n"", $0}' | split -l 100 - batch_ --additional-suffix=.json && for f in batch_*; do jq -s '.' ""$f"" > ""${f%.json}_batch.json""; rm ""$f""; done"
"Write a one‑liner that finds all running processes owned by root that have open network sockets, prints PID, command, and listening ports, and saves the output to /tmp/root_net_procs.txt.","lsof -i -nP -a -u root | awk 'NR>1 {print $2, $1, $9}' | sort -u > /tmp/root_net_procs.txt"
"Create a Bash script that reads a list of package names from packages.txt, checks if each is installed (apt), installs missing ones, and logs actions to /var/log/pkg_install.log.","#!/usr/bin/env bash
while read -r pkg; do
  if dpkg -s ""$pkg"" &>/dev/null; then
    echo ""$(date +%F_%T) ALREADY_INSTALLED $pkg"" >> /var/log/pkg_install.log
  else
    if apt-get install -y ""$pkg""; then
      echo ""$(date +%F_%T) INSTALLED $pkg"" >> /var/log/pkg_install.log
    else
      echo ""$(date +%F_%T) FAILED $pkg"" >> /var/log/pkg_install.log
    fi
  fi
done < packages.txt"
"Using find and xargs, locate all .log files older than 90 days, compress them with gzip (keeping original timestamps), and move the .gz files to /archive/logs preserving directory hierarchy.","find /var/log -type f -name ""*.log"" -mtime +90 -print0 | tar --null -czf - -T - --transform 's|/var/log|/archive/logs|' | tar -xzf - -C /"
"Create a bash function that takes a directory path and compresses all modified files (modified within last 24h) into a tar.gz, preserving permissions, and logs the operation to syslog.","function compress_recent() {
  local dir=""$1""
  local archive=""/tmp/$(basename ""$dir"")_$(date +%F_%H%M%S).tar.gz""
  find ""$dir"" -type f -mtime -1 -print0 |
    tar --null -czvf ""$archive"" --files-from=- --preserve-permissions
  logger -t compress_recent ""Archived $(basename ""$dir"") recent changes to $archive""
}
# Usage: compress_recent /etc"
"Find all JSON files under /data, extract the field ""user.id"" using jq, deduplicate the IDs, and write them to a sorted file.","find /data -type f -name ""*.json"" -print0 |
  xargs -0 -n1 jq -r '.user.id' |
  sort -u > /tmp/unique_user_ids_$(date +%F).txt"
"Write a one-liner that replaces all occurrences of the word ""ERROR"" with ""WARN"" in all .log files under /var/logs, making a backup of each original file with .bak extension.","find /var/logs -type f -name ""*.log"" -exec sed -i.bak 's/ERROR/WARN/g' {} +"
"Using curl and jq, fetch the latest release tag from a GitHub repository (owner/repo) and clone that tag into /opt/repos, then log the operation.","repo=""owner/repo""
latest_tag=$(curl -s ""https://api.github.com/repos/$repo/releases/latest"" | jq -r .tag_name)
git clone --depth 1 --branch ""$latest_tag"" ""https://github.com/$repo.git"" /opt/repos/$(basename ""$repo"")_$latest_tag
logger -t git_clone ""Cloned $repo tag $latest_tag to /opt/repos"""
"Create a script that watches a directory for new .csv files, and for each new file, computes the column-wise sum (assuming numeric columns) and appends the result as a new row labeled ""TOTAL"".","#!/usr/bin/env bash
watchdir=""/data/incoming""
inotifywait -m -e close_write --format ""%w%f"" ""$watchdir"" | while read -r file; do
  [[ $file == *.csv ]] || continue
  awk 'NR>1{for(i=1;i<=NF;i++) sum[i]+=$i} END{for(i=1;i<=NF;i++) printf ""%s%s"", (i==1?""TOTAL"":""""), (i==NF?""\n"":""\t""); for(i=1;i<=NF;i++) printf ""%s%s"", sum[i], (i==NF?""\n"":""\t"")}' ""$file"" >> ""$file""
  logger -t csv_sum ""Processed $file and appended TOTAL row""
done"
"Find all symbolic links under /usr/local that are broken, and delete them, then report the count of removed links.","count=$(find /usr/local -xtype l | wc -l)
find /usr/local -xtype l -delete
echo ""Removed $count broken symbolic links"""
"Write a bash one-liner that extracts all IPv6 addresses from a log file, counts occurrences, and displays the top 5 most frequent addresses.","grep -oE '([0-9a-fA-F]{1,4}:){7}[0-9a-fA-F]{1,4}' /var/log/syslog | sort | uniq -c | sort -nr | head -n5"
"Create a function that takes a git commit hash, shows the diff stats (files changed, insertions, deletions) in a pretty table, and writes the output to a markdown file named after the hash.","function git_diff_stats() {
  local hash=""$1""
  git show --stat --oneline ""$hash"" | awk 'NR==1{commit=$0} NR>1{print}' > ""${hash}_diff.md""
  echo ""# Commit $hash"" > ""${hash}_diff.md""
  git show --stat ""$hash"" >> ""${hash}_diff.md""
}
# Usage: git_diff_stats a1b2c3d"
"Using find and parallel, compress all .txt files larger than 10 MiB in /var/docs with xz at maximum compression, preserving timestamps, and generate a summary report of original vs compressed sizes.","find /var/docs -type f -name ""*.txt"" -size +10M -print0 | \
  parallel -0 --bar 'orig=$(stat -c%s ""{}"" ); xz -9 -k ""{}""; comp=$(stat -c%s ""{}.xz"" ); echo ""{} $orig $comp""' > /tmp/compression_report_$(date +%F).tsv"
"Write a pipeline that reads a CSV of user data (id,name,email), filters out rows where email domain is ""example.com"", anonymizes the name field to initials, and outputs JSON objects per line.","csvtool format ""%s,%s,%s"" /path/users.csv |
  awk -F',' '$3 !~ /@example\.com/ {split($2,a,"" ""); initials=""""; for(i in a) initials=initials substr(a[i],1,1); print ""{\""id\"":""$1"",\""name\"":\""""initials""\"",\""email\"":\""""$3""\""}""}'"
"Create a bash script that checks every 30 seconds if a process named ""myservice"" is running; if not, start it and send an email alert using mailx.","#!/usr/bin/env bash
while true; do
  if ! pgrep -x ""myservice"" > /dev/null; then
    systemctl start myservice
    echo ""myservice was down and has been restarted at $(date)"" | mailx -s ""myservice restart alert"" admin@example.com
  fi
  sleep 30
done"
"Generate a tar archive of all files modified in the last week under /opt/apps, excluding any .log files, and compute its SHA256 checksum, printing both archive name and checksum.","archive=""/tmp/apps_weekly_$(date +%F).tar.gz""
find /opt/apps -type f -mtime -7 ! -name ""*.log"" -print0 |
  tar --null -czvf ""$archive"" --files-from=-
sha256sum ""$archive"" | awk '{print ""Archive: ""$1""\nChecksum: ""$2}'"
"Write a one-liner that extracts all HTTP status codes from an Apache access log, calculates the percentage of each code, and outputs a sorted list descending by percentage.","awk '{print $9}' /var/log/apache2/access.log | sort | uniq -c | awk '{printf ""%s %.2f%%\n"", $2, $1/NR*100}' | sort -k2 -nr"
"Create a bash function that accepts a directory and a file extension, then moves the oldest N files (by modification time) of that extension to an archive folder, where N is passed as a third argument.","function archive_oldest() {
  local dir=""$1"" ext=""$2"" n=$3
  mkdir -p ""$dir/archive""
  ls -1t ""$dir""/*.${ext} | tail -n +$((n+1)) | xargs -I{} mv ""{}"" ""$dir/archive/""
}
# Usage: archive_oldest /var/log txt 10"
"Using perl, replace all dates in format DD/MM/YYYY in a text file with ISO format YYYY-MM-DD, and write the changes in-place.",perl -i -pe 's/(\d{2})\/(\d{2})\/(\d{4})/$3-\$2-\$1/g' /path/file.txt
"Write a command that lists all Docker containers that have exited in the last 24 hours, showing container ID, image, exit code, and exit time, formatted as a table.","docker ps -a --filter ""status=exited"" --format ""{{.ID}}\t{{.Image}}\t{{.Status}}"" |
  awk -F'\t' '{split($3,a,"" ""); print $1""\t""$2""\t""a[2]""\t""a[4]"" ""a[5]}' | column -t"
"Create a bash one-liner that monitors free disk space on /var, and when usage exceeds 80%, creates a compressed archive of the largest directory (by size) inside /var, then deletes the original files after successful archiving.","usage=$(df /var --output=pcent | tail -1 | tr -d '%'); if (( usage > 80 )); then
  largest=$(du -s /var/* | sort -nr | head -1 | cut -f2)
  tar -czf ""/tmp/$(basename $largest)_$(date +%F).tar.gz"" ""$largest"" && rm -rf ""$largest""
fi"
"Write a script that reads a list of hostnames from a file, pings each host concurrently (max 10 at a time), and writes reachable hosts to reachable.txt and unreachable to unreachable.txt.","#!/usr/bin/env bash
max=10
sem(){
  while (( $(jobs -r | wc -l) >= max )); do sleep 0.1; done
  ""$@"" &
}
while read -r host; do
  sem ping -c1 -W2 ""$host"" > /dev/null && echo ""$host"" >> reachable.txt || echo ""$host"" >> unreachable.txt
done < hosts.txt
wait"
"Using awk, process a space‑delimited file where the 3rd column is a timestamp (epoch). Print lines where the timestamp is within the last hour, showing only columns 1 and 2.","awk -v now=$(date +%s) '($3 >= now-3600) {print $1,$2}' /path/data.txt"
"Write a command that extracts all URLs from a set of HTML files in /var/www, normalizes them (removing fragment identifiers), deduplicates, and writes them to urls.txt sorted alphabetically.","grep -hoE 'href=""[^""]+""' /var/www/**/*.html |
  sed -E 's/href=""([^#""]+).*/\1/' |
  sort -u > urls.txt"
"Create a bash function that takes a git branch name, checks out the branch, rebases it onto master, runs the test suite, and if tests pass, pushes the branch; otherwise aborts and returns to the previous branch.","function safe_rebase_push() {
  local branch=""$1""
  local cur_branch=$(git rev-parse --abbrev-ref HEAD)
  git checkout ""$branch"" && git rebase master && \
    if ./run_tests.sh; then git push origin ""$branch""; else git rebase --abort; git checkout ""$cur_branch""; fi
}"
"Write a pipeline that reads a large JSON lines file, filters objects where ""status"" is ""failed"", extracts the ""id"" and ""error_message"" fields, and writes them as a CSV to failures.csv.","jq -r 'select(.status==""failed"") | [.id, .error_message] | @csv' large_file.jsonl > failures.csv"
"Using systemd timers, schedule a script that backs up /etc to /backup/etc_$(date).tar.gz every day at 2 am, and rotates backups keeping only the last 30 days.","# /etc/systemd/system/etc-backup.service
[Unit]
Description=Backup /etc

[Service]
Type=oneshot
ExecStart=/usr/local/bin/etc-backup.sh

# /etc/systemd/system/etc-backup.timer
[Unit]
Description=Run etc-backup daily at 2am

[Timer]
OnCalendar=*-*-* 02:00:00
Persistent=true

[Install]
WantedBy=timers.target

# /usr/local/bin/etc-backup.sh
#!/usr/bin/env bash
backup=""/backup/etc_$(date +%F).tar.gz""
 tar -czf ""$backup"" /etc
 find /backup -name 'etc_*.tar.gz' -mtime +30 -delete"
"Create a one-liner that lists all open network sockets (TCP) along with the owning process name and PID, sorted by memory usage of the process.","ss -tpn | awk 'NR>1{print $5,$7}' | while read -r addr proc; do pid=$(echo $proc | cut -d',' -f2 | cut -d'=' -f2); name=$(ps -p $pid -o comm=); mem=$(ps -p $pid -o rss=); echo -e ""$mem\t$pid\t$name\t$addr""; done | sort -nr"
"Write a script that watches for new Docker images being pulled (via Docker events), and for each new image, logs the image name, size, and pull timestamp to /var/log/docker_image_pulls.log.","#!/usr/bin/env bash
docker events --filter 'event=pull' --format '{{json .}}' |
  while read -r event; do
    name=$(echo ""$event"" | jq -r .Actor.Attributes.name)
    size=$(docker image inspect ""$name"" --format '{{.Size}}')
    ts=$(date -u +%Y-%m-%dT%H:%M:%SZ)
    echo ""$ts,$name,$size"" >> /var/log/docker_image_pulls.log
done"
"Using find and sed, replace all occurrences of the placeholder ""{{VERSION}}"" with the current git commit short hash in all *.conf files under /etc/myapp, making a backup with .orig extension.","hash=$(git rev-parse --short HEAD)
find /etc/myapp -type f -name ""*.conf"" -exec sed -i.orig ""s/{{VERSION}}/$hash/g"" {} +"
"Extract all JSON objects from a large log file, pretty‑print them with jq, count how many contain the field ""error_code"" equal to 500, and write the count to a file.",grep -o '{[^}]*}' /var/log/app.log | jq -c '.' | jq 'select(.error_code==500)' | wc -l > error_500_count.txt # error_500_count.txt now contains the count
"Find all regular files larger than 100 MiB in /data, compute their SHA‑256 checksums in parallel (max 8 jobs), and store the results in checksums.sha256 sorted by filename.",find /data -type f -size +100M -print0 | xargs -0 -n1 -P8 sha256sum | sort -k2 > checksums.sha256
"Create a Bash function that backs up a MySQL database, streams the dump through gzip, uploads it to a remote server via scp, and logs the transfer duration.","backup_mysql(){
  local db=$1; local user=$2; local host=$3; local dest=$4;
  local start=$(date +%s);
  mysqldump -u ""$user"" ""$db"" | gzip | ssh ""$host"" ""cat > \""$dest/$(date +%F_%T)_${db}.sql.gz\"""";
  local end=$(date +%s);
  echo ""Backup of $db completed in $((end-start)) seconds"" >> ~/backup.log;
}"
"Monitor /var/log/syslog for lines containing ""CRITICAL"" and, for each match, send a JSON payload with the timestamp and message to a webhook using curl, ensuring no duplicate alerts within 5 minutes.","tail -F /var/log/syslog | awk '/CRITICAL/ {print $1"" ""$2"" ""$3"" ""$0}' | while read ts1 ts2 ts3 line; do
  ts=""${ts1} ${ts2} ${ts3}"";
  key=$(echo ""$line"" | md5sum | cut -d' ' -f1);
  if ! test -f ""/tmp/alert_${key}.lock""; then
    curl -s -X POST -H 'Content-Type: application/json' -d ""{\""timestamp\"":\""$ts\"",\""message\"":\""$(echo $line | sed 's/""/\\""/g')\""}"" https://example.com/webhook;
    touch ""/tmp/alert_${key}.lock"";
    (sleep 300; rm -f ""/tmp/alert_${key}.lock"") &
  fi;
 done"
"Recursively replace all occurrences of the string ""foo"" with ""bar"" in .conf files, but only if the file contains the word ""enabled"", preserving file permissions and timestamps.","find . -type f -name '*.conf' -exec grep -Iq . {} \; -and -exec grep -q 'enabled' {} \; -print0 | while IFS= read -r -d '' file; do
  perms=$(stat -c %a ""$file"");
  ts=$(stat -c %y ""$file"");
  sed -i 's/foo/bar/g' ""$file"";
  chmod ""$perms"" ""$file"";
  touch -d ""$ts"" ""$file"";
done"
"List the top 10 processes by memory usage, format the output as a JSON array of objects with pid, user, and rss (in MB), and save to processes.json.","ps -eo pid,user,rss --sort=-rss | head -n 11 | tail -n 10 | awk '{printf ""{\""pid\"":%s,\""user\"":\""%s\"",\""rss_mb\"":%.2f}"", $1, $2, $3/1024}' | paste -sd',' - | sed 's/^/[/' -e 's/$/]/' > processes.json"
"Find all symbolic links under /usr/local that are broken, delete them, and log the deleted paths to /var/log/broken_links.log.","find /usr/local -xtype l -print0 | while IFS= read -r -d '' link; do
  echo ""Deleting broken link: $link"" >> /var/log/broken_links.log;
  rm ""$link"";
 done"
"Archive all .log files older than 30 days from /var/log/app into a tar.gz named with the current date, then securely delete the originals using shred.","tar -czf /backups/app_logs_$(date +%F).tar.gz -C /var/log/app $(find . -name '*.log' -type f -mtime +30 -printf '%P\n');
find /var/log/app -name '*.log' -type f -mtime +30 -exec shred -u {} \;"
"Write a one‑liner that prints the number of lines added, removed, and total files changed in the last git commit, using git diff‑stat.","git show --stat --oneline HEAD | tail -n1 | awk '{print ""Added:"" $4 "", Removed:"" $6 "", Files:"" $1}'"
"Extract all IPv4 addresses from nginx access logs, count occurrences, and output the top 5 IPs with request counts, formatted as a table.","awk '{print $1}' /var/log/nginx/access.log | sort | uniq -c | sort -nr | head -n5 | awk '{printf ""%s\t%s\n"", $2, $1}'"
"Using find and xargs, change the ownership of all .sh files under /opt/scripts to user ""devops"" and group ""admin"", but only if the file is executable by the owner.",find /opt/scripts -type f -name '*.sh' -perm -u=x -print0 | xargs -0 chown devops:admin
"Write a Bash function that takes a directory path and returns the total size of all files modified in the last 24 hours, using du for efficiency.","size_recent(){
  local dir=$1;
  find ""$dir"" -type f -mtime -1 -print0 | du --files0-from=- -ch | tail -1 | awk '{print $1}';
}"
"Parse a JSON file containing an array of objects, extract the ""url"" field from each, download them concurrently (max 5 at a time) with curl, and save to /tmp/downloads preserving original filenames.","jq -r '.[].url' urls.json | xargs -n1 -P5 -I{} bash -c 'filename=$(basename ""{}"" ); curl -sSL ""{}"" -o ""/tmp/downloads/$filename""'"
"Generate a report of disk usage per user on /home, showing total size in GB, sorted descending, and save as user_disk_report.txt.","du -sh /home/* | awk -F'\t' '{print $1""\t""$2}' | sort -hr | awk '{printf ""%s\t%.2fGB\n"", $2, $1/1024}' > user_disk_report.txt"
"Create a pipeline that reads lines from stdin, removes duplicate lines while preserving order, prefixes each line with its line number, and writes to output.txt.","awk '!seen[$0]++ {print NR "": "" $0}' > output.txt"
"Find all Docker containers that have exited with a non‑zero status in the last 24 hours, remove them, and log their IDs and exit codes to /var/log/docker_cleanup.log.","docker ps -a --filter 'status=exited' --format '{{.ID}} {{.RunningFor}} {{.ExitCode}}' | while read id when code; do
  if [[ $code -ne 0 && $(date -d ""$when"" +%s) -ge $(date -d '24 hours ago' +%s) ]]; then
    echo ""$(date): Removing container $id with exit code $code"" >> /var/log/docker_cleanup.log;
    docker rm $id;
  fi;
done"
"Write a one‑liner that replaces all tabs with four spaces in all .py files under src/, but only if the file contains the string ""TODO"".","grep -rl $'\t' --include='*.py' src/ | xargs -I{} bash -c 'if grep -q ""TODO"" ""{}""; then expand -t4 ""{}"" > ""{}.tmp"" && mv ""{}.tmp"" ""{}""; fi'"
"Using awk, compute the average of the third column in a space‑separated file data.txt, ignoring lines that start with #, and print the result with two decimal places.","awk '!/^#/ {sum+=$3; cnt++} END {if(cnt) printf ""%.2f\n"", sum/cnt}' data.txt"
"Create a Bash script that rotates logs: compress the current log file app.log to app.log.YYYYMMDD.gz, truncate the original, and send a signal USR1 to the process whose PID is stored in app.pid.","#!/usr/bin/env bash
log=""app.log""
pidfile=""app.pid""
date_suffix=$(date +%Y%m%d)
if [ -f ""$log"" ]; then
  gzip -c ""$log"" > ""${log}.${date_suffix}.gz""
  : > ""$log""
  if [ -f ""$pidfile"" ]; then
    kill -USR1 $(cat ""$pidfile"")
  fi
fi"
"Find all files under /var/www that have been accessed in the last hour, tar them preserving permissions, and stream the archive over SSH to backup@example.com:/backups/www_recent.tar.gz.",find /var/www -type f -atime -1 -print0 | tar --null -czf - --files-from=- | ssh backup@example.com 'cat > /backups/www_recent.tar.gz'
"Write a Bash function that accepts a git branch name, checks out the branch, rebases it onto ""main"", runs the test suite (make test), and if successful, pushes the branch; otherwise, aborts and restores the previous branch.","git_rebase_and_push(){
  local branch=$1; local cur=$(git rev-parse --abbrev-ref HEAD);
  git checkout ""$branch"" && git rebase main && make test && git push && git checkout ""$cur"" || { git rebase --abort; git checkout ""$cur""; echo ""Rebase failed or tests failed""; };
}"
"Using sed, transform a CSV file so that any field containing a comma is enclosed in double quotes, and write the result to transformed.csv.","sed -E 's/([^,]*),([^,]*)/""\1,\2""/g' input.csv > transformed.csv"
"List all network interfaces that are up, display their IP address and MAC address in a JSON array, and save to interfaces.json.","ip -o -4 addr show up | awk '{print $2}' | while read iface; do
  ip=$(ip -4 addr show dev ""$iface"" | grep -oP '(?<=inet\s)\d+(\.\d+){3}')
  mac=$(cat /sys/class/net/$iface/address)
  printf '{""interface"":""%s"",""ip"":""%s"",""mac"":""%s""},' ""$iface"" ""$ip"" ""$mac""
 done | sed 's/,$//' | awk '{print ""["" $0 ""]""}' > interfaces.json"
Create a Bash one‑liner that monitors CPU usage every 5 seconds and writes a warning to /var/log/cpu_warn.log if usage exceeds 90% for three consecutive checks.,"prev=0; consec=0; while :; do usage=$(top -bn1 | grep 'Cpu(s)' | awk '{print $2+$4}'); if (( $(echo ""$usage > 90"" | bc -l) )); then ((consec++)); else consec=0; fi; if ((consec>=3)); then echo ""$(date): CPU usage $usage% sustained"" >> /var/log/cpu_warn.log; consec=0; fi; sleep 5; done"
"Write a command that extracts the domain names from a list of URLs in urls.txt, removes duplicates, sorts them alphabetically, and saves to domains.txt.",awk -F/ '{print $3}' urls.txt | sed 's/^www\.//' | sort -u > domains.txt
"Using find, locate all empty regular files under /tmp, delete them, and output the total number of files removed.","count=$(find /tmp -type f -empty -print -delete | wc -l); echo ""Removed $count empty files"""
"Create a Bash script that reads a list of usernames from users.txt, checks if each user exists on the system, and if not, creates the user with a random password, storing username and password in created_users.csv.","#!/usr/bin/env bash
while read user; do
  if ! id -u ""$user"" >/dev/null 2>&1; then
    pass=$(openssl rand -base64 12);
    useradd -m ""$user"" && echo ""$user:$pass"" | chpasswd;
    echo ""$user,$pass"" >> created_users.csv;
  fi;
done < users.txt"
"Write a pipeline that takes a tar.gz archive from stdin, extracts only *.conf files, replaces any occurrence of ""DEBUG=1"" with ""DEBUG=0"" using sed, and re‑compresses the result to stdout.",tar -xzO --wildcards '*.conf' | sed 's/DEBUG=1/DEBUG=0/g' | tar -czf - -T -
"Generate a report of the top 5 most frequently used commands from the Bash history of all users in /home, showing command and count, and save as top_commands.txt.","cat /home/*/.bash_history 2>/dev/null | tr -s ' ' '\n' | grep -v '^$' | sort | uniq -c | sort -nr | head -5 | awk '{print $2"" "" $1}' > top_commands.txt"
"Using awk and paste, merge two CSV files (ids.csv and names.csv) on the first column (ID) and produce a combined CSV with ID,Name,Score (score from scores.csv), handling missing entries with ""N/A"".","join -t, -11 -2 1 <(sort -t, -k1,1 ids.csv) <(sort -t, -k1,1 names.csv) | join -t, -1 1 -2 1 - <(sort -t, -k1,1 scores.csv) | awk -F, '{printf ""%s,%s,%s\n"", $1, $2? $2:""N/A"", $3? $3:""N/A""}' > combined.csv"
"Write a Bash one‑liner that prints the current git branch name, the latest tag reachable from HEAD, and the short commit hash, separated by spaces.",git rev-parse --abbrev-ref HEAD; git describe --tags --abbrev=0; git rev-parse --short HEAD | tr '\n' ' '
"Create a tar.gz archive of all modified Python files in the last 7 days under ~/projects, preserving directory structure, and log the archive name with timestamp to ~/backup.log.","archive_name=""python_backup_$(date +%Y%m%d_%H%M%S).tar.gz""; find ~/projects -type f -name ""*.py"" -mtime -7 -print0 | tar --null -czvf ""$archive_name"" -T - && echo ""$(date): $archive_name created"" >> ~/backup.log"
"Write a Bash function that takes a directory path and prints the total size of files grouped by their extension, sorted descending.","file_sizes_by_ext(){ local dir=""$1""; find ""$dir"" -type f -printf ""%s %f\n"" | rev | cut -d'.' -f1 | rev | awk '{ext=$1; size=$2; a[ext]+=size} END{for(e in a) printf ""%s %d\n"", e, a[e]}' | sort -k2 -nr; }; # Usage: file_sizes_by_ext /var/log"
"Monitor CPU usage every 5 seconds for 1 minute, calculate the average, and send an email alert if average exceeds 80%. Use only command-line tools.","avg=$(for i in {1..12}; do top -bn1 | grep ""%Cpu"" | awk -F',' '{print $1}' | grep -o '[0-9.]*' | tail -1; sleep 5; done | awk '{sum+=$1} END{print sum/NR}'); if (( $(echo ""$avg > 80"" | bc -l) )); then echo ""Average CPU usage $avg% exceeds threshold"" | mail -s ""CPU Alert"" admin@example.com; fi"
"Find all JSON files under /data, extract the value of the field ""status"" from each, count occurrences of each status, and output as a CSV.","find /data -type f -name ""*.json"" -print0 | xargs -0 -I{} jq -r '.status' {} 2>/dev/null | sort | uniq -c | awk '{print $2"",""$1}' > statuses.csv # statuses.csv: OK,124\nFAIL,37"
"Replace all occurrences of the placeholder {{VERSION}} with the current git tag in every *.conf file under /etc/myapp, creating a backup with .bak extension.","version=$(git -C /etc/myapp rev-parse --short HEAD); find /etc/myapp -type f -name ""*.conf"" -exec sh -c 'cp ""$1"" ""$1.bak"" && sed -i ""s/{{VERSION}}/$version/g"" ""$1""' _ {} \;"
"List the top 10 largest files (by size) in /var/log that have not been accessed in the last 30 days, showing size in human‑readable form and path.","find /var/log -type f -atime +30 -printf ""%s %p\n"" | sort -nr | head -10 | numfmt --field=1 --to=iec-i --suffix=B --padding=7"
"Create a one‑liner that watches /var/log/syslog for lines containing ""ERROR"" and appends them to ~/error.log with a timestamp prefix.","tail -F /var/log/syslog | grep --line-buffered ""ERROR"" | while read -r line; do echo ""$(date +'%Y-%m-%d %H:%M:%S') $line"" >> ~/error.log; done"
"Generate a report of disk usage per user in /home, sorted descending, and output as a markdown table.","printf ""| User | Usage |
|------|-------|
""; du -sh /home/* | sort -hr | awk '{printf ""| %s | %s |
"", $2, $1}'"
"Write a Bash script that accepts a URL, downloads the JSON payload with curl, pretty‑prints it with jq, and saves a gzip‑compressed copy to ~/downloads with a timestamped filename.","#!/usr/bin/env bash
url=""$1""
[ -z ""$url"" ] && { echo ""Usage: $0 <url>""; exit 1; }
json=$(curl -sSL ""$url"")
printf ""%s\n"" ""$json"" | jq .
filename=""$(date +%Y%m%d_%H%M%S)_$(basename ""$url"").json.gz""
printf ""%s"" ""$json"" | gzip > ~/downloads/""$filename"""
"Find duplicate files (identical content) under /opt/data, list each set of duplicates on a single line separated by spaces, and write the result to duplicates.txt.","find /opt/data -type f -exec md5sum {} + | sort | awk 'BEGIN{prev="""";files=""""} $1==prev{files=files"" ""$2} $1!=prev{if(files!="""") print files; files=$2} {prev=$1} END{if(files!="""") print files}' > duplicates.txt"
"Using only command‑line tools, generate a random password of length 16 containing at least one uppercase, one lowercase, one digit, and one special character, and copy it to the clipboard.","pw=$(tr -dc 'A-Za-z0-9!@#$%^&*()_+-=' </dev/urandom | fold -w 16 | grep -E '(?=.*[a-z])(?=.*[A-Z])(?=.*[0-9])(?=.*[!@#$%^&*()_+-=])' | head -n1); echo ""$pw"" | xclip -selection clipboard && echo ""Password copied to clipboard"""
"Create a Bash function that monitors a directory for new files (using inotifywait) and automatically compresses each new file with gzip, preserving the original timestamp.","watch_and_compress(){ local dir=""$1""; inotifywait -m -e close_write --format ""%w%f"" ""$dir"" | while read -r file; do cp --preserve=timestamps ""$file"" ""$file.bak"" && gzip -c ""$file"" > ""$file.gz"" && rm ""$file""; echo ""Compressed $file""; done; }; # Usage: watch_and_compress /var/spool"
"Extract all IPv4 addresses from a mixed‑format log file, count how many times each appears, and output the top 3 in JSON array of objects with fields ip and count.","awk '{for(i=1;i<=NF;i++) if($i~/(^|[^0-9])([0-9]{1,3}\.){3}[0-9]{1,3}([^0-9]|$)/) print $i}' mixed.log | grep -Eo '([0-9]{1,3}\.){3}[0-9]{1,3}' | sort | uniq -c | sort -nr | head -3 | awk '{print ""{\""ip\"":\""""$2""\"",\""count\"":""$1""}""}' | jq -s '.' # e.g., [{""ip"":""192.168.1.10"",""count"":45},...]"
"Find all symbolic links under /usr/local that are broken, and delete them after prompting the user for confirmation.","broken=$(find /usr/local -xtype l); if [ -n ""$broken"" ]; then echo ""Broken links:""; echo ""$broken""; read -p ""Delete these links? (y/N) "" ans; if [[ $ans =~ ^[Yy]$ ]]; then echo ""$broken"" | xargs rm; echo ""Deleted.""; else echo ""Aborted.""; fi; else echo ""No broken links found.""; fi"
"Write a one‑liner that prints the current number of processes per user, sorted descending, and highlights (with ANSI red) any user exceeding 100 processes.","ps -eo user= | sort | uniq -c | sort -nr | while read -r count user; do if [ $count -gt 100 ]; then printf ""\e[31m%5s %s\e[0m\n"" ""$count"" ""$user""; else printf ""%5s %s\n"" ""$count"" ""$user""; fi; done"
"Generate a CSV file listing all Docker containers (including stopped ones) with columns: container_id, name, status, image, and creation date (ISO 8601).","docker ps -a --format ""{{.ID}},{{.Names}},{{.Status}},{{.Image}},{{.CreatedAt}}"" > containers.csv"
"Create a Bash script that reads a list of URLs from urls.txt, downloads each with curl (max 3 retries), stores them in ~/downloads with original filenames, and logs successes and failures to download.log.","#!/usr/bin/env bash
log=~/download.log
while IFS= read -r url; do
  fname=$(basename ""$url"")
  if curl -fSL --retry 3 -o ~/downloads/""$fname"" ""$url""; then
    echo ""$(date +'%Y-%m-%d %H:%M:%S') SUCCESS $url"" >> ""$log""
  else
    echo ""$(date +'%Y-%m-%d %H:%M:%S') FAIL $url"" >> ""$log""
  fi
done < urls.txt"
"Using find and xargs, locate all executable scripts (shebang #! ) under /opt/scripts, and prepend a comment line ""# Auto‑generated"" to each without altering execute permissions.","find /opt/scripts -type f -exec head -n1 {} \+ | grep -q '^#!' && find /opt/scripts -type f -exec grep -l '^#!' {} + | xargs -I{} sh -c 'tmp=$(mktemp); echo ""# Auto‑generated"" > ""$tmp""; cat ""{}"" >> ""$tmp""; mv ""$tmp"" ""{}""'"
"Parse a CSV file users.csv (fields: username,uid,gid,home,shell) and create system users accordingly, skipping existing ones, and log actions to /var/log/user_add.log.","while IFS=, read -r username uid gid home shell; do
  if id ""$username"" &>/dev/null; then
    echo ""$(date): $username already exists"" >> /var/log/user_add.log
  else
    useradd -u ""$uid"" -g ""$gid"" -d ""$home"" -s ""$shell"" ""$username"" && echo ""$(date): added $username"" >> /var/log/user_add.log
  fi
done < users.csv"
"Write a Bash one‑liner that prints the total number of lines across all .log files modified in the last 24 hours in /var/log, excluding empty lines.","find /var/log -type f -name ""*.log"" -mtime -1 -exec cat {} + | grep -v '^$' | wc -l"
"Create a function that accepts a directory and prints a tree view limited to depth 3, showing only directories and .conf files, with sizes in brackets.","tree_conf(){ local dir=""$1""; find ""$dir"" -maxdepth 3 \( -type d -o -name ""*.conf"" \) -printf ""%p %s\n"" | while read -r path size; do indent=$(printf ""%*s"" $(( $(echo ""$path"" | tr -cd '/' | wc -c)*2 )) """"); echo ""${indent}${path##*/} [${size}B]""; done; }; # Usage: tree_conf /etc"
"Using only Bash and coreutils, compute the moving average (window=5) of the numbers in a file nums.txt and output each average on a new line.",awk 'NR>=5{sum=0; for(i=NR-4;i<=NR;i++) sum+=$i; print sum/5}' nums.txt
"Find all processes consuming more than 200 MB RSS memory, display PID, command, and RSS in MB, sorted descending, and write the result to high_mem.txt.","ps -eo pid,comm,rss --no-headers | awk '$3>204800 {printf ""%6s %s %0.2fMB\n"", $1, $2, $3/1024}' | sort -k3 -nr > high_mem.txt"
"Write a Bash snippet that reads environment variables from a .env file (KEY=VALUE lines), exports them, and then runs a given command preserving the exported vars only for that command.","export_vars(){ while IFS='=' read -r k v; do [[ $k && $v ]] && export ""$k=$v""; done < .env; }; export_vars && exec ""$@"" # usage: ./script.sh mycommand --option"
"Generate a report of the top 3 most common file extensions in /var/www/html, showing extension and count, and save as extensions_report.txt.","find /var/www/html -type f -name ""*.*"" | rev | cut -d. -f1 | rev | sort | uniq -c | sort -nr | head -3 > extensions_report.txt"
"Create a one‑liner that continuously monitors free disk space on /, and sends a desktop notification when free space drops below 10%.","while :; do free=$(df / --output=avail -B1 | tail -1); total=$(df / --output=size -B1 | tail -1); perc=$(( 100*free/total )); if [ $perc -lt 10 ]; then notify-send ""Low Disk Space"" ""Only $perc% free on /""; fi; sleep 300; done"
"Write a Bash function that takes a Git repository URL, clones it into /tmp, runs all unit tests with pytest, captures the XML report, and cleans up the temporary directory.","run_tests(){ local repo=""$1""; tmp=$(mktemp -d); git clone ""$repo"" ""$tmp"" && cd ""$tmp"" && pytest --junitxml=report.xml; cp report.xml ""$OLDPWD""; cd ""$OLDPWD""; rm -rf ""$tmp""; }; # Usage: run_tests https://github.com/user/project.git"
"Extract all timestamps (ISO 8601) from a log file, convert them to epoch seconds, and compute the time span (max‑min) in hours.","awk -F'[][]' '{print $1}' logfile | grep -Eo '[0-9]{4}-[0-9]{2}-[0-9]{2}T[0-9]{2}:[0-9]{2}:[0-9]{2}' | while read ts; do date -d ""$ts"" +%s; done > epochs.txt; min=$(sort -n epochs.txt | head -1); max=$(sort -n epochs.txt | tail -1); echo ""scale=2; ($max-$min)/3600"" | bc"
"Create a Bash script that backs up MySQL databases (all) to /backup/mysql, compresses each dump with xz, and rotates backups keeping only the latest 7 days.","#!/usr/bin/env bash
backup_dir=/backup/mysql
date=$(date +%Y%m%d)
mkdir -p ""$backup_dir/$date""
for db in $(mysql -e 'SHOW DATABASES;' -s --skip-column-names | grep -vE '(information_schema|performance_schema|mysql|sys)'); do
  mysqldump ""$db"" | xz > ""$backup_dir/$date/${db}.sql.xz""
done
find /backup/mysql -maxdepth 1 -type d -mtime +7 -exec rm -rf {} +"
"Extract all JSON objects from a mixed log file, pretty‑print them with jq, and save the result to a compressed archive named logs_json.tar.gz.",grep -o '{[^}]*}' /var/log/mixed.log | jq . -c | tar -czf logs_json.tar.gz -T -
"Recursively replace all occurrences of the word 'ERROR' with 'WARN' in .conf files under /etc, but only in files that contain the word 'critical'.",find /etc -type f -name '*.conf' -exec grep -l 'critical' {} + | xargs -d '\n' sed -i 's/ERROR/WARN/g'
"Monitor CPU usage every 5 seconds, log timestamps and usage percentages to /tmp/cpu.log, and send an email alert if usage exceeds 90% for three consecutive samples.","( while :; do usage=$(mpstat 1 1 | awk '/Average/ {print $NF}'); echo ""$(date +%F\\%T) $usage"" >> /tmp/cpu.log; if [[ $(tail -3 /tmp/cpu.log | awk '{print $2}' | grep -c '^9[0-9]') -eq 3 ]]; then echo ""High CPU usage detected"" | mail -s 'CPU Alert' admin@example.com; fi; sleep 5; done ) &"
Find all symbolic links in /usr/local that point to non‑existent targets and delete them in a single command.,find /usr/local -type l ! -exec test -e {} \; -print -delete
"Create a function called backup_dir that takes a directory path, creates a tar.gz archive named <dir>_$(date +%F).tar.gz, and logs the operation to /var/log/backup.log with timestamp and exit status.","backup_dir(){ local dir=""$1""; local archive=""${dir%/}_$(date +%F).tar.gz""; tar -czf ""$archive"" -C ""$(dirname ""$dir"")"" ""$(basename ""$dir"")"" && status=0 || status=$?; echo ""$(date +%F\\%T) backup $dir -> $archive status=$status"" >> /var/log/backup.log; return $status; }"
"List all processes owned by root that have opened network sockets, showing PID, command, and listening port, sorted by port number.","ss -tulpn | awk '/^tcp/ && /root/ {split($5, a, "":""); printf ""%s %s %s\n"", $6, $7, a[2]}' | sort -k3,3n"
"Download a JSON API from https://api.example.com/data, extract the field 'records[*].id', sort them numerically, and write the unique IDs to ids.txt.",curl -s https://api.example.com/data | jq -r '.records[].id' | sort -nu > ids.txt
"Find all files larger than 100 MiB in /var, compute their SHA256 checksums in parallel (max 4 jobs), and write a CSV file with path, size, and checksum.","find /var -type f -size +100M -print0 | xargs -0 -n1 -P4 -I{} sh -c 'size=$(stat -c %s ""{}"" ); checksum=$(sha256sum ""{}"" | cut -d\' \"" -f1); echo ""{},${size},${checksum}""' > large_files.csv"
"Create a one‑liner that watches /var/log/auth.log for failed SSH login attempts, extracts the IP address, counts occurrences per IP, and displays the top 5 offenders in real time.",tail -F /var/log/auth.log | grep --line-buffered 'Failed password' | awk -F'from ' '{print $2}' | awk '{print $1}' | sort | uniq -c | sort -nr | head -n5
"Write a Bash script that reads a list of URLs from urls.txt, fetches each with curl (timeout 10s), saves the HTTP status code and content length to a tab‑separated file results.tsv, and retries failed downloads up to 2 times.","#!/usr/bin/env bash
while IFS= read -r url; do
  attempts=0
  while ((attempts<3)); do
    resp=$(curl -s -w ""%{http_code}\t%{size_download}\n"" -o /dev/null --max-time 10 ""$url"")
    code=$(echo ""$resp"" | cut -f1)
    size=$(echo ""$resp"" | cut -f2)
    if [[ $code -ge 200 && $code -lt 400 ]]; then
      echo -e ""$url\t$code\t$size"" >> results.tsv
      break
    else
      ((attempts++))
    fi
  done
done < urls.txt"
"Find all Docker containers that have been exited for more than 24 hours and remove them, then prune unused images older than 30 days.","docker ps -a --filter 'status=exited' --filter 'exited=24h' -q | xargs -r docker rm && docker image prune -a --filter ""until=720h"" -f"
"Generate a report of disk usage per user on /home, showing user, total size in GiB, and number of files, sorted by size descending.","du -sh /home/* 2>/dev/null | awk -F'/' '{print $3}' | while read user; do size=$(du -sb /home/$user 2>/dev/null | cut -f1); files=$(find /home/$user -type f 2>/dev/null | wc -l); printf ""%s\t%.2fGiB\t%d\n"" ""$user"" ""$(echo ""$size/1024/1024/1024"" | bc -l)"" ""$files""; done | sort -k2,2nr"
"Create a Bash function called retry that runs a given command up to N times with a delay of D seconds between attempts, returning success if any attempt succeeds.","retry(){ local n=$1; local delay=$2; shift 2; local i=0; while ((i<n)); do ""$@"" && return 0; ((i++)); echo ""Attempt $i failed, retrying in $delay seconds...""; sleep $delay; done; return 1; }"
"Extract all IPv4 addresses from /var/log/nginx/access.log, count how many times each appears, and output the top 10 in descending order.","awk '{print $1}' /var/log/nginx/access.log | grep -Eo '([0-9]{1,3}\.){3}[0-9]{1,3}' | sort | uniq -c | sort -nr | head -n10"
"Using only Bash builtins and find, create a tar archive of all modified .conf files in /etc within the last 2 days, preserving directory structure, and store it as recent_confs.tar.","tempdir=$(mktemp -d); find /etc -type f -name '*.conf' -mtime -2 -exec cp --parents {} ""$tempdir"" \; && tar -cf recent_confs.tar -C ""$tempdir"" . && rm -rf ""$tempdir"""
"Write a one‑liner that replaces all tabs with four spaces in all .py files under ~/projects, but only if the file contains the string 'TODO'.",find ~/projects -type f -name '*.py' -exec grep -l 'TODO' {} + | xargs -d '\n' sed -i 's/\t/    /g'
"List all mounted filesystems, their mount points, and the percentage of used space, then send an alert via Slack webhook if any usage exceeds 85%.","df -hP | awk 'NR>1 {print $1"" ""$6"" ""$5}' | while read dev mp used; do usage=${used%%%}; if ((usage>85)); then curl -X POST -H 'Content-type: application/json' --data ""{\""text\"": \""Alert: $dev at $mp is $used used\""}"" https://hooks.slack.com/services/XXXXX/XXXXX/XXXXX; fi; done"
"Find all JPEG images larger than 5 MiB in ~/pictures, create thumbnails of 200×200 pixels using ImageMagick, and store them in a parallel directory structure under ~/thumbs.","find ~/pictures -type f -iname '*.jpg' -size +5M | while IFS= read -r img; do thumb=${img/#$HOME\/pictures/$HOME\/thumbs}; mkdir -p ""$(dirname ""$thumb"")""; convert ""$img"" -thumbnail 200x200 ""$thumb""; done"
"Using awk, parse a CSV file users.csv (fields: id,name,email,role) and output a JSON array of objects for users with role 'admin'.","awk -F',' 'NR>1 && $4==""admin"" {printf ""{\""id\"": %s, \""name\"": \""%s\"", \""email\"": \""%s\""}%s\n"", $1, $2, $3, (NR==FNR?"","":"""")} END{print ""]""}' OFS=',' <(echo '[') users.csv"
"Create a Bash script that monitors /var/log/syslog for the keyword 'kernel panic', writes the matching lines to panic.log, and restarts the system after logging 3 occurrences within 10 minutes.","#!/usr/bin/env bash
counter=0
start=0
tail -F /var/log/syslog | while read -r line; do
  if echo ""$line"" | grep -q 'kernel panic'; then
    echo ""$(date +%F\\%T) $line"" >> panic.log
    now=$(date +%s)
    if ((counter==0)); then start=$now; fi
    ((counter++))
    if ((counter>=3 && now-start<=600)); then
      echo ""Critical: 3 kernel panics detected, rebooting..."" | wall
      /sbin/reboot
    fi
  fi
done"
"Find all ELF binaries in /usr/local/bin that are not signed with a trusted GPG key, and list their paths.","find /usr/local/bin -type f -executable -exec file {} \; | grep -i 'ELF' | cut -d: -f1 | while IFS= read -r bin; do if ! dpkg-sig -c ""$bin"" 2>/dev/null | grep -q 'GOODSIG'; then echo ""$bin""; fi; done"
Write a Bash one‑liner that prints the current git branch name and the number of commits ahead/behind the remote tracking branch.,"git rev-parse --abbrev-ref HEAD && git rev-list --left-right --count $(git rev-parse @{u})...HEAD 2>/dev/null | awk '{print ""ahead:""$2"", behind:""$1}'"
"Using only coreutils, generate a hex dump of the first 64 bytes of /boot/vmlinuz, format it as a C array, and save to kernel.h.","head -c 64 /boot/vmlinuz | od -An -t x1 | tr '\n' ' ' | sed 's/ \{1,\}/, 0x/g' | sed 's/^/unsigned char kernel[] = {0x/' | sed 's/, $/};/' > kernel.h"
"Create a Bash function that accepts a directory and prints a tree view limited to depth 3, showing only directories and .conf files, with colors for directories.","tree_limited(){ local dir=""$1""; find ""$dir"" -maxdepth 3 \( -type d -printf '\033[1;34m%p\033[0m\n' -o -name '*.conf' -printf '%p\n' \); }"
Find all users with UID >=1000 who have not logged in for the past 90 days and disable their accounts (lock password).,"awk -F: '($3>=1000){print $1}' /etc/passwd | while read user; do lastlog -u ""$user"" | awk 'NR==2 && $4==""**Never logged in**"" || $5 < $(date -d ""90 days ago"" +%s) {print ""$user""}' | xargs -r usermod -L; done"
"Write a command that streams the output of dmesg, filters for 'oom' messages, extracts the PID and process name, and appends them to /var/log/oom_events.log with a timestamp.","dmesg -wH | grep --line-buffered -i oom | while read -r line; do pid=$(echo ""$line"" | grep -oP 'pid=\K[0-9]+'); proc=$(echo ""$line"" | grep -oP 'comm=\K[^ ]+'); echo ""$(date +%F\\%T) pid=$pid proc=$proc"" >> /var/log/oom_events.log; done &"
"Using find and parallel, compress all .log files older than 30 days in /var/log into .gz archives, preserving original timestamps, and delete the original files after successful compression.",find /var/log -type f -name '*.log' -mtime +30 -print0 | parallel -0 'gzip -c {} > {}.gz && touch -r {} {}.gz && rm -f {}'
"Create a Bash one‑liner that monitors the load average from /proc/loadavg, and writes a warning to /var/log/load_warn.log if the 1‑minute load exceeds the number of CPU cores by more than 2.","while sleep 60; do load=$(awk '{print $1}' /proc/loadavg); cores=$(nproc); if (( $(echo ""$load > $cores+2"" | bc -l) )); then echo ""$(date +%F\\%T) High load: $load"" >> /var/log/load_warn.log; fi; done &"
"Write a script that backs up all MySQL databases to /backup/mysql, compresses each dump with xz, and retains only the last 7 days of backups, deleting older ones.","#!/usr/bin/env bash
mkdir -p /backup/mysql
databases=$(mysql -Nse 'show databases' | grep -Ev '(information_schema|performance_schema|mysql|sys)')
for db in $databases; do
  mysqldump ""$db"" | xz -c > ""/backup/mysql/${db}_$(date +%F).sql.xz""
done
find /backup/mysql -type f -mtime +7 -delete"
"Using only Bash and grep, extract all lines from /etc/passwd where the shell is /bin/bash and the UID is an even number.",grep '/bin/bash' /etc/passwd | awk -F: '($3%2==0){print}'
"Create a one‑liner that finds all .sh files in the current repo that have been modified in the last commit, runs shellcheck on them, and prints any warnings prefixed with the filename.","git diff --name-only HEAD~1 HEAD -- '*.sh' | xargs -d '\n' -I{} sh -c 'shellcheck {} | sed ""s/^/{}: /""'"
"Write a Bash function that takes a domain name, performs a DNS lookup for A, AAAA, MX, and TXT records, and prints them in a formatted table.","dns_info(){ local dom=$1; printf ""%-6s %-30s\n"" ""TYPE"" ""VALUE""; for t in A AAAA MX TXT; do dig +short $t $dom | while read -r val; do printf ""%-6s %-30s\n"" ""$t"" ""$val""; done; done; }"
"Generate a report of the top 5 most frequently modified files in the last month across the whole filesystem, showing path, modification count, and total size.","find / -type f -mtime -30 -printf '%T@ %p\n' 2>/dev/null | sort -nr | cut -d' ' -f2- | uniq -c | sort -nr | head -n5 | while read cnt file; do size=$(stat -c %s ""$file""); echo -e ""$file\t$cnt\t$size""; done"
"List the top 10 IP addresses by request count from an Apache access log, showing the count and IP, sorted descending.",awk '{print $1}' /var/log/apache2/access.log | sort | uniq -c | sort -nr | head -n 10 # output: count IP
"Recursively replace all occurrences of the string 'ERROR' with 'WARN' in .conf files under /etc, but only in files that actually contain 'ERROR'.","grep -rl ""ERROR"" /etc/*.conf | xargs -d '\n' sed -i 's/ERROR/WARN/g'"
"Monitor CPU usage every 5 seconds for 1 minute, outputting the average user and system percentages at the end.","end=$((SECONDS+60)); sum_user=0; sum_sys=0; count=0; while [ $SECONDS -lt $end ]; do read -r user sys <<< $(top -bn1 | grep ""%Cpu"" | awk -F',' '{gsub(/ *%us/,"""",$1); gsub(/ *%sy/,"""",$2); print $1,$2}'); sum_user=$((sum_user+user)); sum_sys=$((sum_sys+sys)); count=$((count+1)); sleep 5; done; echo ""Average User: $(echo ""scale=2;$sum_user/$count"" | bc)%""; echo ""Average Sys: $(echo ""scale=2;$sum_sys/$count"" | bc)%"""
"Create a function called json_pretty that reads a JSON file and pretty‑prints it using jq, handling the case where jq is not installed.","json_pretty(){ if ! command -v jq >/dev/null 2>&1; then echo ""jq is required but not installed"" >&2; return 1; fi; if [ -f ""$1"" ]; then jq . ""$1""; else echo ""File not found: $1"" >&2; return 2; fi }"
"Find all executable files in /usr/local/bin that are larger than 5 MB, list their sizes in human‑readable form, and sort descending.",find /usr/local/bin -type f -executable -size +5M -exec du -h {} + | sort -hr
"Download a JSON payload from https://api.example.com/data, extract the field 'users[*].email' using jq, and write unique emails to emails.txt.","curl -sSL ""https://api.example.com/data"" | jq -r '.users[].email' | sort -u > emails.txt"
"Archive all files modified in the last 24 hours from /home/user/documents into a zip file named recent_$(date +%Y%m%d%H%M).zip, preserving directory structure.","find /home/user/documents -type f -mtime -1 -print0 | zip -@ -r ""recent_$(date +%Y%m%d%H%M).zip"""
"Write a one‑liner that prints the number of lines, words, and characters of each .txt file in the current directory, formatted as ""filename: L lines, W words, C chars"".","for f in *.txt; do [ -e ""$f"" ] || continue; wc_output=$(wc ""$f""); set -- $wc_output; echo ""$f: $1 lines, $2 words, $3 chars""; done"
Replace the shebang line in all .sh scripts under ~/scripts with '#!/usr/bin/env bash' only if the current shebang is '#!/bin/sh'.,"find ~/scripts -type f -name ""*.sh"" -exec sed -i '1s|#!/bin/sh|#!/usr/bin/env bash|' {} +"
"Generate a report of disk usage per user in /home, showing user name and total usage in GB, sorted descending.","du -sh /home/* | sort -hr | awk '{print $2"" ""$1}'"
"Create a temporary named pipe, write the output of `ps aux` into it, and in parallel count how many processes belong to each user, then remove the pipe.","tmp_fifo=$(mktemp -u); mkfifo ""$tmp_fifo""; ps aux > ""$tmp_fifo"" & while read -r line; do echo ""$line""; done < ""$tmp_fifo"" | awk '{print $1}' | sort | uniq -c | sort -nr; rm -f ""$tmp_fifo"""
Find all symbolic links in /opt that point to non‑existent files and delete those broken links.,find /opt -xtype l -exec rm -v {} +
"Using only Bash built‑ins, generate a random password of 16 characters containing at least one uppercase, one lowercase, one digit, and one special character.","password=$(tr -dc 'A-Za-z0-9!@#$%^&*()_+-=' </dev/urandom | head -c16); while ! [[ ""$password"" =~ [A-Z] && ""$password"" =~ [a-z] && ""$password"" =~ [0-9] && ""$password"" =~ [!@#\$%\^&\*\(\)_\+\-\=] ]]; do password=$(tr -dc 'A-Za-z0-9!@#$%^&*()_+-=' </dev/urandom | head -c16); done; echo ""$password"""
"List the 5 most memory‑intensive processes, showing PID, command, and %MEM, sorted descending.","ps -eo pid,comm,%mem --sort=-%mem | head -n 6"
"Create a tar archive of /var/www, but exclude any .git directories and files larger than 100 MB, and show a progress bar.",tar --exclude='*/.git' --exclude='*' --exclude='*' -czvf - /var/www 2>/dev/null | pv -s $(du -sb /var/www | awk '{print $1}') | gzip > www_$(date +%Y%m%d).tar.gz
"Write a Bash function that takes a directory path and prints the total number of files, total size in MB, and the average file size, handling spaces in path names.","dir_stats(){ local dir=""$1""; local count=$(find ""$dir"" -type f | wc -l); local size=$(du -sb ""$dir"" | cut -f1); local avg=$((size/count)); echo ""Files: $count""; echo ""Total size: $(echo ""scale=2;$size/1024/1024"" | bc) MB""; echo ""Average size: $(echo ""scale=2;$avg/1024"" | bc) KB""; }"
"Extract all .csv files from a tarball archive data.tar.gz, convert each to tab‑delimited format using awk, and place the results in /tmp/csv_converted preserving original filenames with .tsv extension.","mkdir -p /tmp/csv_converted; tar -xzf data.tar.gz --wildcards --no-anchored ""*.csv"" -O | while IFS= read -r -d '' file; do base=$(basename ""$file"" .csv); awk -F',' 'BEGIN{OFS=""\t""} {$1=$1; print}' ""$file"" > ""/tmp/csv_converted/${base}.tsv""; done"
Find all Docker containers that have been exited for more than 24 hours and remove them.,"docker ps -a --filter ""status=exited"" --format ""{{.ID}} {{.RunningFor}}"" | while read -r id time; do if [[ ""$time"" =~ days? ]]; then days=$(echo $time | grep -o '[0-9]\+'); if [ $days -ge 1 ]; then docker rm ""$id""; fi; elif [[ ""$time"" =~ hours? ]]; then hours=$(echo $time | grep -o '[0-9]\+'); if [ $hours -ge 24 ]; then docker rm ""$id""; fi; fi; done"
"Monitor a log file /var/log/app.log for lines containing the word 'CRITICAL' and send an email alert with the matching line using mailx, but only send one email per unique message within a 10‑minute window.","declare -A seen; tail -F /var/log/app.log | while read -r line; do if [[ $line == *CRITICAL* ]]; then msg=$(echo ""$line"" | md5sum | cut -d' ' -f1); now=$(date +%s); if [[ -z ${seen[$msg]} ]] || (( now - seen[$msg] > 600 )); then echo ""$line"" | mailx -s ""Critical alert"" admin@example.com; seen[$msg]=$now; fi; fi; done"
Create a one‑liner that prints the current Git branch name for each repository under ~/projects (depth 1).,"for d in ~/projects/*/.git; do [ -d ""$d"" ] || continue; repo=$(dirname ""$d""); (cd ""$repo"" && echo ""$(basename ""$repo""): $(git rev-parse --abbrev-ref HEAD)""); done"
"Find duplicate files (by content) in /backup, list each set of duplicates on a separate line, showing full paths.","find /backup -type f -exec md5sum {} + | sort | awk 'BEGIN{prev=""""; dup=""""} {if($1==prev){dup=dup"" ""$2} else {if(dup!=""""){print dup}; dup=$2} prev=$1} END{if(dup!=""""){print dup}}'"
"Write a Bash script that reads a list of URLs from urls.txt, downloads them concurrently (max 5 at a time) using curl, and stores each file with its original filename in ./downloads.","#!/usr/bin/env bash
sem(){ while [ $(jobs -r | wc -l) -ge 5 ]; do sleep 0.1; done; ""$@"" & }
mkdir -p downloads
while IFS= read -r url; do
  filename=$(basename ""$url"")
  sem curl -sSL ""$url"" -o ""downloads/$filename""
done < urls.txt
wait"
"Compress all .log files older than 7 days in /var/log to .gz using pigz (parallel gzip) with maximum CPU utilization, and delete the original .log files after successful compression.","find /var/log -type f -name ""*.log"" -mtime +7 -print0 | xargs -0 -n1 -P$(nproc) pigz -f && find /var/log -type f -name ""*.log"" -mtime +7 -delete"
"Generate a report of the top 3 most common file extensions in /data, showing the extension and count, sorted descending.",find /data -type f | rev | cut -d. -f1 | rev | sort | uniq -c | sort -nr | head -n 3
"Create a Bash alias named 'lls' that lists files in long format, sorted by size descending, and colored output, only if the alias does not already exist.",[[ -z $(alias lls 2>/dev/null) ]] && alias lls='ls -lhS --color=auto'
"Write a Bash one‑liner that replaces all tabs in *.c source files with four spaces, but only in lines that start with a tab character.","find . -type f -name ""*.c"" -exec sed -i 's/^\t/    /' {} +"
"Extract the field 'metadata.version' from all JSON files in ./configs and write a CSV file versions.csv with two columns: filename,version.","echo ""filename,version"" > versions.csv; for f in ./configs/*.json; do ver=$(jq -r '.metadata.version' ""$f""); echo ""$(basename ""$f""),$ver"" >> versions.csv; done"
"List all users on the system whose home directories are larger than 1 GB, showing username and size in GB, sorted descending.","while IFS=: read -r user _ _ _ _ homedir _; do [ -d ""$homedir"" ] || continue; size=$(du -s ""$homedir"" | awk '{print $1}'); if [ $size -gt $((1024*1024)) ]; then echo -e ""$user\t$(echo ""scale=2;$size/1024/1024"" | bc)GB""; fi; done < /etc/passwd | sort -k2 -hr"
"Create a Bash function that takes a process name pattern, finds the newest matching process, and prints its PID and start time.","newest_proc(){ local pattern=""$1""; ps -eo pid,lstart,cmd --sort=start_time | grep -i ""$pattern"" | tail -n1 | awk '{print $1, $2"" ""$3"" ""$4"" ""$5"" ""$6"" ""$7}'; }"
"Find all files in /var/www that are world‑writable and log their paths to insecure_files.log, then change their permissions to 644.",find /var/www -type f -perm -o=w -print0 | tee insecure_files.log | xargs -0 chmod 644
"Write a Bash script that monitors the size of /var/lib/mysql, and if it exceeds 10 GB, rotates the logs by moving the current log to .old and restarting the MySQL service.","#!/usr/bin/env bash
threshold=$((10*1024*1024)) # in KB
size=$(du -sk /var/lib/mysql | cut -f1)
if [ $size -gt $threshold ]; then
  mv /var/log/mysql/error.log /var/log/mysql/error.log.old
  systemctl restart mysql
  echo ""MySQL logs rotated at $(date)"" >> /var/log/mysql/rotate.log
fi"
"Using only Bash, generate a histogram of word lengths from the file poem.txt, showing length and count, sorted ascending.","tr -c '[:alnum:]' '\n' < poem.txt | awk '{print length}' | sort -n | uniq -c | awk '{print $2"" ""$1}'"
"Create a one‑liner that prints the current kernel version, the number of CPUs, and total memory in MB, all on one line separated by commas.","echo ""$(uname -r),$(nproc),$(free -m | awk '/Mem:/ {print $2}')"""
"Find all .png images in ~/pictures larger than 2 MB, create thumbnails of 200x200 pixels using ImageMagick, and store them in ~/thumbnails preserving directory hierarchy.","mkdir -p ~/thumbnails; find ~/pictures -type f -name ""*.png"" -size +2M | while IFS= read -r img; do rel=${img#~/pictures/}; dest=~/thumbnails/${rel%.*}_thumb.png; mkdir -p ""$(dirname ""$dest"")""; convert ""$img"" -thumbnail 200x200 ""$dest""; done"
"Write a Bash pipeline that reads JSON lines from stdin, extracts the field 'event.type', counts occurrences, and prints a sorted list of event types with their counts.","jq -r '.""event"".type' | sort | uniq -c | sort -nr"
Create a systemd timer that runs /usr/local/bin/cleanup.sh daily at 02:30 and logs its output to /var/log/cleanup.log.,"cat <<'EOF' > /etc/systemd/system/cleanup.service
[Unit]
Description=Daily cleanup

[Service]
Type=oneshot
ExecStart=/usr/local/bin/cleanup.sh
StandardOutput=append:/var/log/cleanup.log
StandardError=append:/var/log/cleanup.log
EOF

cat <<'EOF' > /etc/systemd/system/cleanup.timer
[Unit]
Description=Run cleanup daily at 02:30

[Timer]
OnCalendar=*-*-* 02:30:00
Persistent=true

[Install]
WantedBy=timers.target
EOF

systemctl daemon-reload && systemctl enable --now cleanup.timer"
"Find all processes owned by the user 'alice' that have open network sockets, and print PID, command, and the remote address/port.","lsof -u alice -i -P -n | awk 'NR>1 {print $2, $1, $9}'"
"Create a Bash function that accepts a directory and a regex, recursively finds files matching the regex, replaces all occurrences of the word ""ERROR"" with ""WARN"" using sed, and logs the changes to a timestamped file in /var/log/patches/","patch_errors(){
  dir=""$1""
  regex=""$2""
  logdir=""/var/log/patches""
  mkdir -p ""$logdir""
  logfile=""$logdir/patch_$(date +%Y%m%d_%H%M%S).log""
  find ""$dir"" -type f -regextype posix-extended -regex ""$regex"" -print0 |
    while IFS= read -r -d '' f; do
      if grep -q ""ERROR"" ""$f""; then
        sed -i 's/ERROR/WARN/g' ""$f""
        echo ""$(date +%F%T) patched $f"" >> ""$logfile""
      fi
    done
}
# Usage: patch_errors /etc ""^.*\.conf$"""
"Write a one‑liner that monitors /var/log/auth.log in real time, extracts failed SSH login attempts, counts them per source IP, and alerts via curl POST to a webhook when any IP exceeds 5 attempts within a 10‑minute window.","tail -F /var/log/auth.log |
  awk '/Failed password/ {print $11}' |
  sort | uniq -c |
  while read count ip; do
    if (( count > 5 )); then
      curl -X POST -H ""Content-Type: application/json"" -d ""{\""ip\"": \""$ip\"", \""attempts\"": $count}"" https://example.com/webhook
    fi
  done"
"Generate a tarball of all modified Python (*.py) files in the last 24 hours from /home/user/projects, excluding any __pycache__ directories, and encrypt it with OpenSSL AES‑256, storing the password in a temporary file that is securely deleted afterwards.","tmpfile=$(mktemp)
openssl rand -base64 32 > ""$tmpfile""
find /home/user/projects -type f -name ""*.py"" -mtime -1 -not -path ""*/__pycache__/*"" -print0 |
  tar --null -cvf - --files-from - |
  openssl enc -aes-256-cbc -salt -pass file:""$tmpfile"" -out recent_py_$(date +%Y%m%d).tar.gz.enc
shred -u ""$tmpfile"""
"Create a Bash script that reads a JSON file containing an array of URLs, downloads each URL with curl (max 3 retries, 10s timeout), saves them to /tmp/downloads preserving original filenames, and writes a CSV report with URL, HTTP status, and file size.","#!/usr/bin/env bash
json_file=""urls.json""
output_dir=""/tmp/downloads""
mkdir -p ""$output_dir""
report=""download_report_$(date +%Y%m%d_%H%M%S).csv""
echo ""URL,Status,Size"" > ""$report""
jq -r '.[]' ""$json_file"" | while read -r url; do
  fname=$(basename ""$url"")
  outfile=""$output_dir/$fname""
  http_status=$(curl -L --retry 3 --retry-delay 2 --max-time 10 -w ""%{http_code}"" -o ""$outfile"" ""$url"")
  size=$(stat -c ""%s"" ""$outfile"" 2>/dev/null || echo 0)
  echo ""\""$url\"",$http_status,$size"" >> ""$report""
done"
"Write a pipeline that lists all Docker containers that have been stopped for more than 48 hours, extracts their names, and removes them after confirming with the user (yes/no).","docker ps -a --filter ""status=exited"" --format ""{{.Names}} {{.CreatedAt}}"" |
  while read name created; do
    created_ts=$(date -d ""$created"" +%s)
    now_ts=$(date +%s)
    age=$(( (now_ts - created_ts) / 86400 ))
    if (( age > 48 )); then
      echo -n ""Remove container $name (stopped $age days ago)? [y/N] ""
      read -r answer
      if [[ $answer == [Yy]* ]]; then
        docker rm ""$name""
      fi
    fi
  done"
"Construct a command that finds all symbolic links under /usr/local/bin that point to non‑existent targets, and rewrites them to point to /usr/bin/<basename> if that file exists, otherwise deletes the link.","find /usr/local/bin -type l -lname ""*"" -print0 |
  while IFS= read -r -d '' link; do
    target=$(readlink ""$link"")
    if [[ ! -e ""$target"" ]]; then
      base=$(basename ""$target"")
      new=""/usr/bin/$base""
      if [[ -e ""$new"" ]]; then
        ln -sf ""$new"" ""$link""
        echo ""Repointed $link -> $new""
      else
        rm ""$link""
        echo ""Removed dangling link $link""
      fi
    fi
  done"
"Create a Bash one‑liner that prints the top 5 processes consuming the most memory, showing PID, user, %MEM, and command, sorted descending, and logs the output to /var/log/top_mem.log with a timestamp.","ps -eo pid,user,%mem,command --sort=-%mem | head -n 6 | awk 'NR>1{print $0}' | tee -a /var/log/top_mem.log && echo ""--- $(date) ---"" >> /var/log/top_mem.log"
"Write a script that monitors the size of /var/lib/mysql, and when it exceeds 80% of the available disk space on its partition, automatically creates a compressed snapshot of the database directory (excluding .ibd files) and uploads it to an S3 bucket using awscli, then sends a summary email via mailx.","#!/usr/bin/env bash
mountpoint=$(df /var/lib/mysql | tail -1 | awk '{print $6}')
avail=$(df ""$mountpoint"" | tail -1 | awk '{print $4}')
used=$(du -s /var/lib/mysql | awk '{print $1}')
if (( used * 100 / avail > 80 )); then
  snap=""/tmp/mysql_snapshot_$(date +%Y%m%d_%H%M%S).tar.gz""
  tar --exclude='*.ibd' -czf ""$snap"" -C /var/lib mysql
  aws s3 cp ""$snap"" s3://my-backup-bucket/mysql/ --storage-class STANDARD_IA
  echo ""MySQL snapshot uploaded: $snap"" | mailx -s ""MySQL Disk Usage Alert"" admin@example.com
  rm -f ""$snap""
fi"
"Provide a Bash function that takes a directory and a file extension, computes the SHA256 hash of each matching file, stores the hashes in a .sha256 file next to each original, and verifies the integrity of all files, printing any mismatches.","hash_check(){
  dir=""$1""
  ext=""$2""
  find ""$dir"" -type f -name ""*.$ext"" | while read -r f; do
    sha256sum ""$f"" > ""${f}.sha256""
  done
  echo ""Verification results:""
  find ""$dir"" -type f -name ""*.$ext.sha256"" | while read -r h; do
    orig=""${h%.sha256}""
    if ! sha256sum -c ""$h"" >/dev/null 2>&1; then
      echo ""MISMATCH: $orig""
    fi
  done
}
# Usage: hash_check /etc conf"
"Create a pipeline that extracts all IPv4 addresses from /var/log/nginx/access.log, counts occurrences per address, and outputs the top 10 IPs with their request counts, formatted as JSON array.","awk '{print $1}' /var/log/nginx/access.log | sort | uniq -c | sort -nr | head -n 10 |
  awk '{printf ""{\""ip\"": \""%s\"", \""count\"": %s},\n"", $2, $1}' |
  sed '$ s/,$//' | awk 'BEGIN{print ""[""}{print}END{print ""]""}'"
"Write a Bash command that lists all systemd services that failed to start in the last boot, extracts their unit name and the last log line from journalctl, and writes a markdown report to ~/service_failures.md.","#!/usr/bin/env bash
report=~/service_failures.md
echo ""# Service Failures ($(date +%F))"" > ""$report""
systemctl --failed --no-legend | awk '{print $1}' | while read -r svc; do
  echo ""## $svc"" >> ""$report""
  journalctl -u ""$svc"" -b -n 1 --no-pager >> ""$report""
  echo -e ""\n---\n"" >> ""$report""
done"
"Construct a one‑liner that finds all JPEG images larger than 5 MB in ~/Pictures, creates a 200 px thumbnail for each using ImageMagick, stores thumbnails in ~/Pictures/thumbs preserving directory hierarchy, and logs any failures to ~/thumb_errors.log.","find ~/Pictures -type f -iname ""*.jpg"" -size +5M -print0 |
  while IFS= read -r -d '' img; do
    rel=${img#~/Pictures/}
    thumb_dir=~/Pictures/thumbs/$(dirname ""$rel"")
    mkdir -p ""$thumb_dir""
    if ! convert ""$img"" -thumbnail 200 ""$thumb_dir/$(basename ""$img"")""; then
      echo ""Failed: $img"" >> ~/thumb_errors.log
    fi
  done"
"Write a Bash script that reads a CSV of user:uid pairs, creates those users on the system with the specified UID, adds them to the sudo group, and logs successes and failures to /var/log/user_create.log.","#!/usr/bin/env bash
log=/var/log/user_create.log
while IFS=, read -r user uid; do
  if id ""$user"" &>/dev/null; then
    echo ""$(date): $user already exists"" >> ""$log""
    continue
  fi
  if useradd -u ""$uid"" -G sudo ""$user""; then
    echo ""$(date): Created $user with UID $uid"" >> ""$log""
  else
    echo ""$(date): Failed to create $user"" >> ""$log""
  fi
done < users.csv"
"Provide a Bash one‑liner that monitors the CPU temperature via /sys/class/thermal/thermal_zone0/temp, and when it exceeds 80 °C, sends a desktop notification and writes a timestamped entry to /var/log/cpu_temp.log.","while :; do temp=$(cat /sys/class/thermal/thermal_zone0/temp); ((c=temp/1000)); if (( c > 80 )); then notify-send ""CPU Overheat"" ""Temp: ${c}°C""; echo ""$(date): CPU temp $c°C"" >> /var/log/cpu_temp.log; fi; sleep 30; done"
"Create a Bash function that takes a Git repository URL, clones it into /opt/repos (creating a subdirectory based on repo name), runs a Docker build using the Dockerfile in the repo, tags the image with the repo name and current commit hash, and pushes it to a private registry.","docker_clone_build(){
  repo_url=""$1""
  base_dir=""/opt/repos""
  mkdir -p ""$base_dir""
  repo_name=$(basename ""$repo_url"" .git)
  dest=""$base_dir/$repo_name""
  git clone ""$repo_url"" ""$dest""
  cd ""$dest"" || return
  commit=$(git rev-parse --short HEAD)
  img=""myregistry.local/$repo_name:$commit""
  docker build -t ""$img"" .
  docker push ""$img""
}
# Usage: docker_clone_build https://github.com/example/app.git"
"Write a pipeline that extracts all JSON objects from a mixed‑format log file (log.txt), validates them with jq, pretty‑prints each to a separate file named by a timestamp and a counter in /var/log/json_events/, and records any malformed lines to /var/log/json_errors.log.","mkdir -p /var/log/json_events
counter=0
while IFS= read -r line; do
  if echo ""$line"" | jq . >/dev/null 2>&1; then
    ts=$(date +%Y%m%d_%H%M%S)
    ((counter++))
    echo ""$line"" | jq . > ""/var/log/json_events/${ts}_$counter.json""
  else
    echo ""$line"" >> /var/log/json_errors.log
  fi
done < log.txt"
"Construct a Bash one‑liner that lists all open network sockets owned by processes owned by the current user, groups them by remote IP, and shows the count per IP sorted descending.",ss -tp state ESTAB | awk -v user=$(whoami) '$NF==user{print $5}' | cut -d':' -f1 | sort | uniq -c | sort -nr
"Write a script that backs up all PostgreSQL databases to individual compressed dump files named <db>_$(date +%F).sql.gz, stores them in /backup/pg/, and rotates backups keeping only the last 7 days per database.","#!/usr/bin/env bash
backup_dir=""/backup/pg""
mkdir -p ""$backup_dir""
for db in $(psql -Atc ""SELECT datname FROM pg_database WHERE datistemplate = false;""); do
  dump_file=""$backup_dir/${db}_$(date +%F).sql.gz""
  pg_dump ""$db"" | gzip > ""$dump_file""
  find ""$backup_dir"" -name ""${db}_*.sql.gz"" -mtime +7 -delete
done"
"Create a Bash function that monitors a given directory for new files (using inotifywait), and when a new file appears, computes its MD5 checksum, appends the filename and checksum to /var/log/file_checksums.log, and moves the file to an archive directory preserving the original subdirectory structure.","watch_new(){
  watch_dir=""$1""
  archive_dir=""/var/archive""
  mkdir -p ""$archive_dir""
  inotifywait -m -e create --format ""%w%f"" ""$watch_dir"" | while read -r newfile; do
    checksum=$(md5sum ""$newfile"" | awk '{print $1}')
    echo ""$(date +%F_%T) $newfile $checksum"" >> /var/log/file_checksums.log
    rel=${newfile#${watch_dir}/}
    dest=""$archive_dir/$(dirname ""$rel"")""
    mkdir -p ""$dest""
    mv ""$newfile"" ""$dest/""
  done
}
# Usage: watch_new /var/incoming"
"Find all JPEG files larger than 10 MiB in /home, compute their SHA‑256 checksums in parallel (max 8 jobs), and write a sorted list of checksum‑filename pairs to ~/large_images.sha256.","find /home -type f -name \""*.jpg\"" -size +10M -print0 | xargs -0 -n1 -P8 sha256sum | sort -k1 > ~/large_images.sha256"
"Create a Bash function called retry that runs a command up to 5 times with exponential back‑off (1,2,4,8,16 seconds) until it succeeds, and demonstrate it with a curl download of https://example.com/data.json.","retry(){ local cmd=\""$*\""; local delay=1; for i in {1..5}; do eval $cmd && return 0; echo \""Attempt $i failed, retrying in $delay seconds...\""; sleep $delay; delay=$((delay*2)); done; return 1; }; retry curl -sSf https://example.com/data.json -o data.json #=> data.json downloaded if successful"
"Archive all log files older than 30 days from /var/log into a gzipped tarball named logs_YYYYMMDD.tar.gz (date of archive), then delete the originals, ensuring the operation is atomic.","archive_date=$(date +%Y%m%d); tmp_dir=$(mktemp -d); find /var/log -type f -name \""*.log\"" -mtime +30 -exec cp --parents {} $tmp_dir \; && tar -czf /tmp/logs_${archive_date}.tar.gz -C $tmp_dir . && rm -rf $tmp_dir && find /var/log -type f -name \""*.log\"" -mtime +30 -delete"
"Parse a JSON file config.json to extract the value of ""api_key"" and export it as an environment variable API_KEY, handling the case where the key is missing gracefully.","API_KEY=$(jq -r '.api_key // empty' config.json); if [[ -z $API_KEY ]]; then echo \""api_key not found in config.json\"" >&2; else export API_KEY; fi #=> API_KEY exported if present"
Monitor CPU usage every 5 seconds and write a timestamped entry to ~/cpu.log only when usage exceeds 80 %. Use awk to compute the average of all cores.,"while sleep 5; do usage=$(mpstat 1 1 | awk '/Average/ {print 100-$NF}'); if (( $(echo ""$usage > 80"" | bc -l) )); then echo \""$(date +'%Y-%m-%d %H:%M:%S') CPU $usage%\"" >> ~/cpu.log; fi; done &"
"Recursively replace all occurrences of the string ""TODO"" with ""DONE"" in .py files under the current directory, but skip any directory named ""venv"" or "".git"".","find . -type d \( -name venv -o -name .git \) -prune -o -type f -name \""*.py\"" -print0 | xargs -0 sed -i 's/TODO/DONE/g'"
"Generate a report of the top 10 most frequently used commands from the current user's bash history, sorted by count, and output as a markdown table.","history | awk '{CMD=$2; for(i=3;i<=NF;i++) CMD=CMD"" ""$i} END{for(c in CMD)cnt[CMD[c]]++} END{for(c in cnt)print cnt[c],c}' | sort -nr | head -10 | awk 'BEGIN{print ""| Count | Command |""; print ""|-------|---------|""} {print ""| ""$1"" | ""$2"" |""}'"
"Using curl and jq, fetch the latest release tag name of the GitHub repository ""torvalds/linux"" and store it in a variable LATEST_TAG.","LATEST_TAG=$(curl -s https://api.github.com/repos/torvalds/linux/releases/latest | jq -r '.tag_name') #=> e.g., v6.6"
"Create a temporary named pipe, feed it with the output of ls -R /etc, and in parallel count the number of lines containing ""conf"" while also writing the full listing to /tmp/etc_listing.txt, then clean up the pipe.",pipe=$(mktemp -u); mkfifo $pipe; ls -R /etc > $pipe & cat $pipe | tee /tmp/etc_listing.txt | grep -c conf; rm $pipe
"Write a one‑liner that prints the size of each subdirectory (non‑recursive) in the current directory in human‑readable form, sorted descending.",du -sh ./*/ | sort -hr
"Find all symbolic links under /usr/lib that are broken, and delete them, printing each deleted path to stderr.","find /usr/lib -xtype l -print0 | xargs -0 -I{} sh -c 'echo \""Removing broken link: {}\"" >&2; rm {}'"
"Using awk, compute the median of the second column in a CSV file data.csv (comma‑separated), ignoring header line.","awk -F',' 'NR>1{a[NR-1]=$2} END{n=asort(a); if(n%2){print a[(n+1)/2]} else {print (a[n/2]+a[n/2+1])/2}}' data.csv #=> median value"
"Create a Bash script that accepts a directory path and a regex, then lists all files whose names match the regex, printing their permissions, size, and modification time in a long format, similar to ls -l.","#!/usr/bin/env bash
if [[ $# -ne 2 ]]; then echo \""Usage: $0 <dir> <regex>\""; exit 1; fi
dir=$1; regex=$2
find ""$dir"" -type f -regextype posix-extended -regex "".*$regex"" -exec ls -l {} +"
"Schedule a cron job that runs a script /opt/backup.sh at 2 am every Sunday, but only if the system load average over the last 5 minutes is below 0.5.","(crontab -l 2>/dev/null; echo \""0 2 * * 0 /usr/bin/env bash -c 'if (( $(awk \""{print ($1<0.5)}\"" /proc/loadavg) )); then /opt/backup.sh; fi'\"") | crontab -"
"Write a Bash loop that reads lines from stdin, treats each line as a URL, fetches it with curl (max 3 seconds timeout), and prints the HTTP status code together with the URL, skipping URLs that return a non‑2xx code.","while IFS= read -r url; do code=$(curl -o /dev/null -s -w \""%{http_code}\"" --max-time 3 ""$url""); if [[ $code =~ ^2 ]]; then echo \""$code $url\""; fi; done"
"Find all JSON files under /data, extract the value of the field ""user.id"" from each, deduplicate the IDs, and write them to ~/ids.txt.",find /data -type f -name '*.json' -print0 | xargs -0 -n1 jq -r '.user.id' | sort -u > ~/ids.txt
"Create a tar.gz archive of all modified .conf files in /etc that were changed in the last 48 hours, preserving permissions and timestamps, and store it as /tmp/changed_conf_$(date +%F).tgz","tar -czpf ""/tmp/changed_conf_$(date +%F).tgz"" $(find /etc -type f -name '*.conf' -mtime -2)"
"Write a Bash function named monitor_cpu that runs in the background, logs CPU usage (>80%) with timestamps to /var/log/cpu_alert.log, and stops after 10 alerts.","monitor_cpu(){ local count=0; while ((count<10)); do usage=$(awk '/^cpu /{print 100-($5*100/($2+$3+$4+$5+$6+$7+$8))}' /proc/stat); if (( $(echo ""$usage > 80"" | bc -l) )); then echo ""$(date '+%F %T') CPU $usage%"" >> /var/log/cpu_alert.log; ((count++)); fi; sleep 5; done; }; monitor_cpu &"
"List the top 5 processes consuming the most memory, showing PID, command, and memory % in descending order, and save the result to /tmp/top_mem.txt.","ps -eo pid,comm,%mem --sort=-%mem | head -n 6 > /tmp/top_mem.txt"
"Recursively replace all occurrences of the string ""fooBar"" with ""barFoo"" in .txt files under ~/projects, but only in files that contain the word ""TODO"".",find ~/projects -type f -name '*.txt' -exec grep -l 'TODO' {} + | xargs -d '\n' -I{} sed -i 's/fooBar/barFoo/g' {}
"Generate a report of disk usage per user in /home, sorted by total size, and display the top 3 users with the highest usage.",du -sh /home/* | sort -hr | head -n 3
"Using curl, download the latest release tarball of jq from GitHub API, verify its SHA256 checksum against the value returned by the API, and extract it to ~/tools/jq_latest/ if verification succeeds.","url=$(curl -s https://api.github.com/repos/stedolan/jq/releases/latest | jq -r '.assets[] | select(.name|test(""jq-.*\.tar\.gz"")) | .browser_download_url'); checksum=$(curl -s https://api.github.com/repos/stedolan/jq/releases/latest | jq -r '.assets[] | select(.name|test(""jq-.*\.tar\.gz\.sha256"")) | .browser_download_url' | xargs curl -sL); curl -L -o /tmp/jq.tar.gz ""$url""; echo ""$checksum  /tmp/jq.tar.gz"" | sha256sum -c - && mkdir -p ~/tools/jq_latest && tar -xzf /tmp/jq.tar.gz -C ~/tools/jq_latest"
Find all symbolic links in /usr/local/bin that point to non‑existent files and remove those broken links.,find /usr/local/bin -xtype l -exec rm -v {} +
"Write a one‑liner that prints the current Git branch name for each repository found under ~/code (depth 2), formatted as ""repo_path: branch"".","find ~/code -maxdepth 2 -type d -name '.git' -printf '%h\n' | while read repo; do (cd ""$repo"" && echo ""$repo: $(git rev-parse --abbrev-ref HEAD)""); done"
"Create a temporary named pipe, feed it with the output of ""ps aux"", then use awk to print the PID and command of processes owned by root, and finally clean up the pipe.","pipe=$(mktemp -u); mkfifo ""$pipe""; ps aux > ""$pipe"" & while read -r line; do echo ""$line"" | awk '$1==""root"" {print $2, $11}'; done < ""$pipe""; rm -f ""$pipe"""
"Monitor /var/log/auth.log in real time, alert (via mail) when a failed SSH login occurs, but suppress duplicate alerts for the same IP within 5 minutes.","tail -F /var/log/auth.log | awk '/Failed password for/ {print $11}' | while read ip; do lockfile=""/tmp/ssh_alert_${ip}""; if [ ! -e ""$lockfile"" ]; then echo ""Failed SSH login from $ip"" | mail -s 'SSH Alert' admin@example.com; touch -t $(date -d '+5 minutes' +%Y%m%d%H%M) ""$lockfile""; fi; done"
"Compress all log files older than 30 days in /var/log, preserving directory structure, into a single archive /backup/old_logs_$(date +%F).tar.bz2, then delete the original files.",tar -cjf /backup/old_logs_$(date +%F).tar.bz2 $(find /var/log -type f -mtime +30) && find /var/log -type f -mtime +30 -delete
"List all open network ports together with the owning process name and PID, sorted by port number, and output in CSV format.","ss -tulpn | awk 'NR>1 {gsub(/.*:/,""""); print $5"",""$7}' | sort -t',' -k1,1n"
"Write a Bash script that reads a list of URLs from urls.txt, downloads each with curl (max 3 retries), computes its MD5 hash, and writes ""url md5"" pairs to hashes.txt, skipping URLs that already exist in hashes.txt.","#!/usr/bin/env bash
while read -r url; do
  grep -q ""^$url "" hashes.txt && continue
  for i in {1..3}; do
    if curl -sSfL ""$url"" -o /tmp/tmpfile; then break; fi; done
  md5=$(md5sum /tmp/tmpfile | cut -d' ' -f1)
  echo ""$url $md5"" >> hashes.txt
  rm -f /tmp/tmpfile
done < urls.txt"
"Find the 10 largest files across the entire filesystem, ignoring mounted network filesystems, and display their size, path, and owning user.",find / -xdev -type f -printf '%s %p %u\n' 2>/dev/null | sort -nr | head -n 10
"Create a Bash function called json_pretty that reads a compact JSON string from stdin and outputs a pretty‑printed version using jq, handling invalid JSON gracefully.",json_pretty(){ if jq . >/dev/null 2>&1; then jq .; else echo 'Invalid JSON' >&2; return 1; fi; }
"Using awk, extract the second column from a CSV file where the first column matches the regex ^[A-Z]{3}[0-9]+$, and write the results to matches.txt.","awk -F',' '$1 ~ /^[A-Z]{3}[0-9]+$/ {print $2}' input.csv > matches.txt"
"Generate a diff between two directories (/opt/app/v1 and /opt/app/v2) that ignores whitespace changes and file permission differences, and save it to /tmp/app_diff.patch.",diff -r -b -N --ignore-all-space --no-dereference /opt/app/v1 /opt/app/v2 > /tmp/app_diff.patch
"Write a one‑liner that prints the total number of lines of code (excluding blank lines and comments) for each .py file in the current repo, sorted descending.","git ls-files '*.py' | xargs -d '\n' wc -l | awk 'NF{print $2,$1}' | while read file cnt; do lines=$(grep -vE '^\s*(#|$)' ""$file"" | wc -l); echo ""$lines $file""; done | sort -nr"
"Identify all processes that have open file descriptors to deleted files, and list their PID, command, and the path of the deleted file.","lsof +L1 | awk 'NR>1 {print $2, $1, $9}'"
"Recursively search /var/www for PHP files that contain the function call ""eval("" and replace it with ""/* eval removed */"" while creating a backup with .bak extension.",find /var/www -type f -name '*.php' -exec sed -i.bak 's/eval(/\/\* eval removed *\//g' {} +
"Create a monitoring loop that checks every 30 seconds whether the service nginx is active; if it stops, attempt to restart it and log the attempt with a timestamp to /var/log/nginx_monitor.log.","while true; do if ! systemctl is-active --quiet nginx; then echo ""$(date '+%F %T') nginx down, restarting"" >> /var/log/nginx_monitor.log; systemctl restart nginx; fi; sleep 30; done &"
"Using perl, extract all IPv4 addresses from /var/log/apache2/access.log and count occurrences, then output the top 5 IPs.",perl -nE 'say $1 if /([0-9]+(?:\.[0-9]+){3})/' /var/log/apache2/access.log | sort | uniq -c | sort -nr | head -n 5
"Write a Bash one‑liner that prints the total size of each top‑level directory in /var, in human‑readable form, sorted by size descending.",du -sh /var/* | sort -hr
"Find all files larger than 100 MiB that have not been accessed in the last 180 days, compress them with xz preserving attributes, and move the archives to /archive/old/.","find / -type f -size +100M -atime +180 -print0 | while IFS= read -r -d '' f; do xz -k -c ""$f"" > ""/archive/old/$(basename ""$f"").xz"" && chmod --reference=""$f"" ""/archive/old/$(basename ""$f"").xz""; done"
"Create a Bash function called retry that takes a command and a max retry count, executes the command, and retries with exponential backoff (2,4,8…) until success or limit reached.","retry(){ local max=$1; shift; local attempt=0; local delay=2; while ((attempt<max)); do ""$@"" && return 0; attempt=$((attempt+1)); echo ""Attempt $attempt failed, sleeping $delay sec""; sleep $delay; delay=$((delay*2)); done; return 1; }"
"Parse a CSV file with a header row, convert the ""date"" column from MM/DD/YYYY to ISO‑8601 (YYYY‑MM‑DD), and write the transformed CSV to output.csv using csvkit tools.","csvcut -c date input.csv | csvformat -U 1 | csvsql --query ""SELECT *, strftime('%Y-%m-%d', date) AS iso_date FROM stdin"" | csvcut -C date > output.csv"
"List all Docker containers that have exited with a non‑zero status, and remove them in a single command.",docker ps -a --filter 'status=exited' --filter 'exit-code!=0' -q | xargs -r docker rm
"Write a Bash snippet that reads lines from stdin, groups them by the first field (space‑separated), and outputs each group preceded by the count of lines in that group.","awk '{count[$1]++; lines[$1]=lines[$1]""\n""$0} END {for (g in count) print count[g] "":"" lines[g]}'"
"Find all ELF binaries under /usr/bin that are linked against libssl.so, and output their full paths.",find /usr/bin -type f -executable -exec ldd {} + 2>/dev/null | awk '/libssl\.so/ {print FILENAME}' | uniq
"Create a cron‑compatible one‑liner that backs up the MySQL database ""prod"" to /backup/prod_$(date +\%F).sql.gz, keeping only the last 7 backups.",0 2 * * * mysqldump prod | gzip > /backup/prod_$(date +\%F).sql.gz && ls -1t /backup/prod_*.sql.gz | tail -n +8 | xargs -r rm -f
"Write a Bash loop that reads usernames from /etc/passwd, checks if each has a home directory, and if missing, creates /home/<user> with appropriate ownership and a default .bashrc skeleton.","while IFS=: read -r user _ uid gid _ home _; do if [ ! -d ""$home"" ]; then mkdir -p ""$home"" && cp /etc/skel/.bashrc ""$home/"" && chown ""$uid:$gid"" ""$home"" -R; fi; done < <(cut -d: -f1,3,4,6 /etc/passwd)"
"Using sed, convert all Windows line endings (CRLF) to Unix (LF) in all .conf files under /etc, making a backup with .orig extension.",find /etc -type f -name '*.conf' -exec sed -i.orig 's/\r$//' {} +
"Generate a report of the average load over the past 1, 5, and 15 minutes for each CPU core, using /proc/stat, and display it in a table.","awk 'BEGIN{print ""CPU Core 1min 5min 15min""} {if($1==""cpu""){next} split($1, a, ""cpu""); core=a[2]; u=$2+$3+$4+$5+$6+$7+$8; idle=$5; total=u+idle; if(!prev[core]){prev[core]=total; prev_idle[core]=idle; next} diff=total-prev[core]; idle_diff=idle-prev_idle[core]; usage=100*(diff-idle_diff)/diff; printf ""%s %0.2f %0.2f %0.2f\n"", core, usage, usage, usage; prev[core]=total; prev_idle[core]=idle }' /proc/stat"
"Find all Git repositories under ~/work, and for each, list the number of untracked files, staged changes, and commits ahead of origin/master.","find ~/work -type d -name '.git' -prune -print0 | while IFS= read -r -d '' gitdir; do repo=$(dirname ""$gitdir""); echo ""Repo: $repo""; (cd ""$repo"" && echo -n 'Untracked: '; git ls-files --others --exclude-standard | wc -l; echo -n 'Staged: '; git diff --cached --numstat | wc -l; echo -n 'Ahead: '; git rev-list --count @{u}..HEAD 2>/dev/null || echo 0); done"
Write a Bash one‑liner that prints the total number of lines added and removed in the last 5 commits of the current Git repository.,"git log -5 --pretty=tformat: --numstat | awk '{added+=$1; removed+=$2} END {print ""Added:"", added, ""Removed:"", removed}'"
"Create a named pipe that receives JSON logs from a running process, filters entries where ""level"" is ""error"" using jq, and writes them to /var/log/error_stream.log.","pipe=$(mktemp -u); mkfifo ""$pipe""; some_process --json-logs > ""$pipe"" & jq -c 'select(.level==""error"")' < ""$pipe"" >> /var/log/error_stream.log &"
"Find all files in /var/www that are not owned by www-data, and change their ownership to www-data:www-data, preserving existing permissions.",find /var/www ! -user www-data -exec chown www-data:www-data {} +
"Write a Bash script that monitors the size of /var/log/syslog, and when it exceeds 100 MiB, rotates it by renaming to syslog.1, compresses the old file, and signals rsyslog to reopen logs.","#!/usr/bin/env bash
max=$((100*1024*1024))
while :; do
  size=$(stat -c%s /var/log/syslog)
  if (( size > max )); then
    mv /var/log/syslog /var/log/syslog.1
    gzip /var/log/syslog.1
    kill -HUP $(pidof rsyslogd)
  fi
  sleep 60
done &"
"List the top 5 processes consuming the most memory, format as JSON, and send it via POST to a monitoring endpoint.","ps -eo pid,comm,%mem --sort=-%mem | head -n 6 | tail -n 5 | awk '{print \""{\""pid\"":\""\$1\"",\""command\"":\""\$2\"",\""mem%\"":\""\$3\""}\""}' | jq -s '.' | curl -s -X POST -H ""Content-Type: application/json"" -d @- https://monitor.example.com/api/memory"
"Recursively replace all occurrences of the string 'ERROR' with 'WARN' in .conf files, but only in files that have been modified in the last 7 days.","find . -type f -name ""*.conf"" -mtime -7 -print0 | xargs -0 sed -i 's/ERROR/WARN/g'"
"Monitor /var/log/syslog in real time, extract lines containing 'kernel' or 'panic', count occurrences per hour, and write the rolling statistics to /tmp/kernel_alerts.log every 10 minutes.","while true; do awk '/kernel|panic/ {print $1"" ""$2"" ""$3}' /var/log/syslog | while read date time msg; do hour=$(date -d ""$date $time"" +%Y-%m-%d-%H); echo ""$hour"" >> /tmp/kernel_tmp.log; done; awk '{cnt[$1]++} END {for (h in cnt) print h, cnt[h]}' /tmp/kernel_tmp.log > /tmp/kernel_alerts.log; rm /tmp/kernel_tmp.log; sleep 600; done &"
"Create a function named backup_dir that takes a directory path, creates a gzipped tarball named <dirname>_$(date +%F).tar.gz in /backup, and logs the operation (timestamp, source, destination) to /var/log/backup.log.","backup_dir(){ local src=""$1""; local base=$(basename ""$src""); local dest=""/backup/${base}_$(date +%F).tar.gz""; tar -czf ""$dest"" -C ""$(dirname ""$src"")"" ""$base"" && echo ""$(date +'%Y-%m-%d %H:%M:%S') BACKUP $src -> $dest"" >> /var/log/backup.log; }"
"Find all duplicate files (by content) under /data, list each set of duplicates on a single line separated by spaces, and delete all but the oldest file in each set.","fdupes -r /data | while read -r line; do set -- $line; oldest=$(stat -c %Y ""${1}""); keep=""${1}""; for f in ""$@""; do t=$(stat -c %Y ""$f""); if (( t < oldest )); then oldest=$t; keep=$f; fi; done; for f in ""$@""; do [[ $f != $keep ]] && rm -f ""$f""; done; echo ""$line""; done"
"Extract the value of the ""version"" field from every JSON file in the current directory, sort them uniquely, and write to versions.txt.","for f in *.json; do jq -r '.version' ""$f""; done | sort -u > versions.txt"
"Generate a report of the number of files per filetype (based on extension) in /home/user, output as a markdown table.","find /home/user -type f -name ""*.*"" | rev | cut -d. -f1 | rev | sort | uniq -c | awk 'BEGIN{print ""| Extension | Count |""; print ""|-----------|-------|""} {printf ""| %s | %s |\n"", $2, $1}' > filetype_report.md"
"Using curl, download a JSON array from https://api.example.com/items, extract the ""id"" fields, and for each id, fetch detailed info from https://api.example.com/item/<id>, saving each response to ./details/<id>.json.",mkdir -p details && curl -s https://api.example.com/items | jq -r '.[].id' | while read id; do curl -s https://api.example.com/item/${id} -o details/${id}.json; done
"Create a one-liner that prints the current CPU temperature (in Celsius) on a system with /sys/class/thermal/thermal_zone0/temp, rounding to one decimal place.","awk '{printf ""%.1f°C\n"", $1/1000}' /sys/class/thermal/thermal_zone0/temp"
"Write a bash snippet that watches for new files added to /incoming, and whenever a new .zip file appears, unzip it into /processed/<basename> and delete the original zip.","inotifywait -m -e create --format ""%f"" /incoming | while read fname; do if [[ $fname == *.zip ]]; then base=${fname%.zip}; mkdir -p /processed/$base && unzip -qq ""/incoming/$fname"" -d ""/processed/$base"" && rm -f ""/incoming/$fname""; fi; done &"
"Find all SSH private keys (files named id_rsa, id_ecdsa, etc.) in the home directories of all users, and list them with permissions, owner, and last modified date.","for d in /home/*; do find ""$d"" -type f \( -name ""id_rsa"" -o -name ""id_ecdsa"" -o -name ""id_ed25519"" \) -exec stat -c ""%n %A %U %y"" {} \;; done"
"Create a pipeline that reads a large CSV file, filters rows where column 3 matches a regex '^202[0-9]-', extracts columns 1 and 5, converts them to JSON objects, and writes to filtered.json.","csvcut -c 1,3,5 large.csv | awk -F, '$2 ~ /^202[0-9]-/ {print \""{\""col1\"":\""""$1\""\"",\""col5\"":\""""$3\""\""}\""}' | jq -s '.' > filtered.json"
"Write a bash function that takes a Git repository URL and a branch name, clones the repo shallowly (depth 1) into /tmp, checks out the branch, and prints the latest commit hash.","git_latest_hash(){ local repo=""$1""; local branch=""$2""; local dir=$(mktemp -d); git clone --depth 1 --branch ""$branch"" ""$repo"" ""$dir"" >/dev/null 2>&1 && (cd ""$dir"" && git rev-parse HEAD); rm -rf ""$dir""; }"
"Find all ELF binaries under /usr/local/bin that have a writable permission for 'others', and remove that permission.",find /usr/local/bin -type f -executable -perm -o+w -exec chmod o-w {} +
Generate a histogram of HTTP status codes from an Apache access log (/var/log/apache2/access.log) and display the counts sorted descending.,awk '{print $9}' /var/log/apache2/access.log | sort | uniq -c | sort -nr
"Using jq, merge two JSON files config1.json and config2.json where config2 overrides any overlapping keys, and output the result to merged.json.",jq -s '.[0] * .[1]' config1.json config2.json > merged.json
"Create a watch loop that every 5 minutes checks disk usage of /var, and if usage exceeds 80%, sends an email alert with the output of df -h.","while true; do usage=$(df -h /var | awk 'NR==2 {print $5}' | tr -d '%'); if (( usage > 80 )); then df -h /var | mail -s \""Disk usage alert on $(hostname)\"" admin@example.com; fi; sleep 300; done &"
"Write a one-liner that lists the 10 most frequently used commands from the user's bash history, excluding duplicates, and shows the count.","history | awk '{CMD[$2]++} END {for (c in CMD) printf ""%s %d\n"", c, CMD[c]}' | sort -k2 -nr | head -n 10"
Find all symbolic links under /opt that point to non‑existent targets and delete them.,find /opt -xtype l -exec rm -f {} +
"Create a script that reads a list of URLs from urls.txt, downloads each with curl (max 3 retries, 10s timeout), saves to ./downloads preserving original filenames, and logs failures to errors.log.","mkdir -p downloads && while read -r url; do fname=$(basename ""$url""); if ! curl -m 10 --retry 3 -f -L ""$url"" -o ""downloads/$fname""; then echo ""Failed: $url"" >> errors.log; fi; done < urls.txt"
"Write a command that extracts all IPv4 addresses from /var/log/auth.log, counts unique occurrences, and writes the top 20 to top_ips.txt.","grep -oE '\b([0-9]{1,3}\.){3}[0-9]{1,3}\b' /var/log/auth.log | sort | uniq -c | sort -nr | head -n 20 > top_ips.txt"
"Using find and xargs, locate all .tmp files older than 30 days in /tmp, compress each into a .tar.gz with the same basename, and delete the original .tmp file.","find /tmp -type f -name ""*.tmp"" -mtime +30 -print0 | xargs -0 -I{} sh -c 'base=$(basename ""{}"" .tmp); tar -czf ""/tmp/${base}.tar.gz"" -C ""$(dirname ""{}"")"" ""$(basename ""{}"")"" && rm -f ""{}""'"
"Write a bash snippet that monitors the load average every minute, and if the 5‑minute load exceeds the number of CPU cores, logs a warning with timestamp to /var/log/load_warn.log.","cores=$(nproc); while true; do load=$(awk '{print $2}' /proc/loadavg); cmp=$(echo ""$load > $cores"" | bc); if (( cmp )); then echo ""$(date +'%F %T') HIGH LOAD: $load"" >> /var/log/load_warn.log; fi; sleep 60; done &"
"Create a command that lists all Docker containers that have been exited for more than 2 days, and removes them.","docker ps -a --filter ""status=exited"" --format ""{{.ID}} {{.CreatedAt}}"" | while read id date; do if [[ $(date -d ""$date"" +%s) -lt $(date -d ""2 days ago"" +%s) ]]; then docker rm ""$id""; fi; done"
"Write a one‑liner that prints the total number of lines of code (excluding blank lines and comments) for all .py files in a project, using wc and grep.","find . -name ""*.py"" -print0 | xargs -0 cat | grep -vE '^\s*(#|$)' | wc -l"
"Using awk, parse /proc/meminfo to compute and display the percentage of free memory (MemFree/MemTotal*100) with two decimal places.","awk '/MemTotal/ {total=$2} /MemFree/ {free=$2} END {printf ""Free Memory: %.2f%%\n"", (free/total)*100}' /proc/meminfo"
"Create a cron-friendly command that rotates logs in /var/log/myapp/, keeping the last 7 compressed archives, and deletes older ones.",logdir=/var/log/myapp; timestamp=$(date +%F); mv $logdir/app.log $logdir/app.log.$timestamp && gzip $logdir/app.log.$timestamp && find $logdir -name 'app.log.*.gz' -mtime +7 -delete
"Write a bash function that accepts a directory and prints a tree view of its structure up to depth 3, using only find and indentation.","tree_depth(){ local dir=""$1""; find ""$dir"" -maxdepth 3 | sed -e ""s|[^/]*/|│   |g"" -e ""s|\(│   \)\([^│]*\)$|├── \2|"" -e ""s|\(│   \)\([^│]*\)/$|└── \2/|""}"
"Extract all JPEG images embedded in a PDF file (document.pdf) and save them to ./extracted_images/, naming them sequentially.",mkdir -p extracted_images && pdfimages -j document.pdf extracted_images/img
"Using sed, convert a Windows‑style line endings file (dos.txt) to Unix style and create a backup of the original as dos.txt.bak.",sed -i.bak 's/\r$//' dos.txt
"Write a pipeline that reads a list of hostnames from hosts.txt, pings each once, and outputs a JSON array of objects {""host"":...,""alive"":true/false}.","jq -n --rawfile hosts hosts.txt '[\n  ($hosts | split(""\n"") | .[] | select(length>0) | {host: ., alive: (system(""ping -c1 -W1 \""""+.+""\"" > /dev/null 2>&1"") == 0)})\n]'"
"Create a command that finds the 5 largest files in /var/lib/mysql, displays their sizes in human‑readable form, and writes the list to large_mysql_files.txt.",find /var/lib/mysql -type f -exec du -h {} + | sort -hr | head -n 5 > large_mysql_files.txt
Write a bash snippet that watches for changes in /etc/nginx/conf.d/*.conf and reloads nginx automatically when a change is detected.,"inotifywait -m -e close_write --format ""%w%f"" /etc/nginx/conf.d/*.conf | while read cfg; do nginx -s reload; done &"
"Using perl, replace all dates in the format DD/MM/YYYY in a text file with ISO format YYYY-MM-DD, and write the result to a new file.",perl -pe 's/(\d{2})\/(\d{2})\/(\d{4})/$3-\$2-\$1/g' input.txt > output_iso.txt
"Create a command that lists all mounted filesystems, their mount points, and the percentage of used space, sorted descending by usage.","df -h --output=target,pcent | tail -n +2 | sort -k2 -hr"
"Recursively search /etc for configuration files containing the string ""PasswordAuthentication"" that are not commented out, and output the filename and line number.","grep -R ""^[^#]*PasswordAuthentication"" /etc --include=*.conf -n"
"Create a tar.gz archive of all .log files modified in the last 7 days under /var/log, preserving directory structure, and write the archive to /backup/logs_$(date +%F).tgz.","find /var/log -type f -name ""*.log"" -mtime -7 -print0 | tar --null -czvf ""/backup/logs_$(date +%F).tgz"" -T -"
"Download a JSON list of public APIs from https://api.publicapis.org/entries, extract the API names and their HTTPS support status, and save as a CSV file ~/apis.csv.","curl -s https://api.publicapis.org/entries | jq -r '.entries[] | [\.API, (.HTTPS|tostring)] | @csv' > ~/apis.csv"
"Monitor CPU usage every 5 seconds for 1 minute, compute the average idle percentage, and print it with two decimal places.","{ sum=0; count=0; for i in {1..12}; do idle=$(top -bn1 | grep ""%Cpu"" | awk -F',' '{print $4}' | awk '{print $1}'); sum=$(echo ""$sum + $idle"" | bc); ((count++)); sleep 5; done; avg=$(echo ""scale=2; $sum / $count"" | bc); echo ""Average idle CPU: $avg%""; }"
"Find all symbolic links under /usr/local that point to non‑existent files and delete them, printing each deleted link path.","find /usr/local -xtype l -print0 | while IFS= read -r -d '' link; do echo ""Deleting broken link: $link""; rm ""$link""; done"
"List the top 10 processes by resident memory usage, showing PID, command, and memory in MB, sorted descending.","ps -eo pid,comm,rss --sort=-rss | head -n 11 | awk 'NR>1 {printf ""%5s %-20s %6.2f MB\n"", $1, $2, $3/1024}'"
"Replace all occurrences of the word ""foo"" with ""bar"" in all .txt files under ~/docs, but only in lines that contain the word ""baz"", creating backup files with .bak extension.","find ~/docs -type f -name ""*.txt"" -exec sed -i.bak '/baz/ s/foo/bar/g' {} +"
"Count how many times each HTTP status code appears in an Apache access log /var/log/apache2/access.log, and display the counts sorted by most frequent.",awk '{print $9}' /var/log/apache2/access.log | sort | uniq -c | sort -nr
"Generate a list of all users on the system who have a UID greater than 1000, are not system accounts, and have a valid login shell, outputting username and home directory.","awk -F: '($3>1000) && ($7!~/nologin|false/) {print $1, $6}' /etc/passwd"
"Create a function called safe_move that moves a file to a destination directory, creating the directory if it does not exist, and logs the operation to ~/move.log with timestamp.","safe_move(){ src=""$1""; dest_dir=""$2""; mkdir -p ""$dest_dir""; mv ""$src"" ""$dest_dir"" && echo ""$(date +'%F %T') Moved $src to $dest_dir"" >> ~/move.log; }"
"Find all JPEG images larger than 5 MiB in ~/Pictures, resize them to a maximum width of 1920 pixels while preserving aspect ratio, and overwrite the originals using ImageMagick.","find ~/Pictures -type f -iname ""*.jpg"" -size +5M -print0 | while IFS= read -r -d '' img; do convert ""$img"" -resize 1920x\> ""$img""; done"
"Extract all IP addresses from /var/log/syslog that appear more than three times, and output them sorted numerically.","grep -Eo '([0-9]{1,3}\.){3}[0-9]{1,3}' /var/log/syslog | sort | uniq -c | awk '$1>3 {print $2}' | sort -t. -k1,1n -k2,2n -k3,3n -k4,4n"
"Using xargs, compress each .log file in /var/log that is older than 30 days with gzip, processing up to 4 files in parallel.","find /var/log -type f -name ""*.log"" -mtime +30 -print0 | xargs -0 -n1 -P4 gzip"
"Write a one‑liner that prints the current git branch name and the short SHA of the latest commit, formatted as ""branch: <branch>, commit: <sha>"".","git rev-parse --abbrev-ref HEAD | awk '{printf \""branch: %s, \"", $0}' && git rev-parse --short HEAD | awk '{printf \""commit: %s\n\"", $0}'"
"List all files in /var/www that have not been accessed in the last 90 days, and change their permissions to 640.",find /var/www -type f -atime +90 -exec chmod 640 {} \;
"Parse a JSON file config.json to extract the value of the key ""database.host"" and assign it to a Bash variable DB_HOST.",DB_HOST=$(jq -r '.database.host' config.json)
"Create a temporary directory, copy all .conf files from /etc into it preserving directory hierarchy, then create a tar.xz archive of that temporary directory and clean up the temporary files.","tmpdir=$(mktemp -d); cp --parents /etc/*.conf ""$tmpdir""; tar -cJf conf_backup_$(date +%F).tar.xz -C ""$tmpdir"" .; rm -rf ""$tmpdir"""
Find duplicate files (by content) under ~/downloads and print groups of duplicate file paths.,fdupes -r ~/downloads
"Monitor the /var/log/auth.log file in real time, filter for failed SSH login attempts, and send an email alert to admin@example.com after 5 such attempts within a 2‑minute window.","tail -F /var/log/auth.log | awk '/Failed password/ {print $0; system(""date +%s"")}' | while read line ts; do echo ""$line"" >> /tmp/ssh_failures.log; count=$(grep -c ""Failed password"" /tmp/ssh_failures.log); if (( count >= 5 )); then mail -s ""SSH brute‑force alert"" admin@example.com < /tmp/ssh_failures.log; rm /tmp/ssh_failures.log; fi; sleep 120; done"
"List all Docker containers that have been exited for more than 24 hours and remove them, printing each container ID being removed.","docker ps -a --filter 'status=exited' --format '{{.ID}} {{.CreatedAt}}' | while read id created; do if [[ $(date -d ""$created"" +%s) -lt $(date -d '24 hours ago' +%s) ]]; then echo ""Removing container $id""; docker rm ""$id""; fi; done"
"Generate a report of disk usage per user in /home, showing username and total size of their files, sorted descending.","du -sh /home/* | sort -hr | awk '{print $2, $1}'"
Write a Bash function called json_pretty that takes a JSON string as an argument and prints it formatted with indentation using jq.,"json_pretty(){ echo ""$1"" | jq '.'; }"
"Find all ELF binaries in /usr/bin that are not stripped, and list their filenames along with the size of their symbol table.","find /usr/bin -type f -exec file {} \; | grep 'ELF' | cut -d: -f1 | while read bin; do if ! strip -p ""$bin"" >/dev/null 2>&1; then size=$(readelf -S ""$bin"" | awk '/.symtab/ {print $6}'); echo ""$bin $size""; fi; done"
"Create a cron job that runs a script /opt/backup.sh at 2:30 AM every Sunday, ensuring that any output is mailed to root.","(crontab -l 2>/dev/null; echo ""30 2 * * 0 /opt/backup.sh | mail -s \""Backup log\"" root"") | crontab -"
"Using sed, prepend the line ""# Auto‑generated"" to every .conf file in /etc/nginx/conf.d, creating a backup with .orig extension.","find /etc/nginx/conf.d -type f -name ""*.conf"" -exec sed -i.orig '1i # Auto-generated' {} +"
"Extract the list of unique usernames from the last 100 lines of /var/log/auth.log where a sudo command was executed, and output them sorted alphabetically.",tail -n 100 /var/log/auth.log | grep 'sudo:' | awk -F' ' '{print $NF}' | sort -u
"Write a one‑liner that prints the total number of lines across all .py files in the current directory tree, excluding blank lines and comments.","find . -name ""*.py"" -print0 | xargs -0 cat | grep -vE '^\s*(#|$)' | wc -l"
"Create a Bash script that reads a list of URLs from urls.txt, downloads each with curl showing a progress bar, retries up to 3 times on failure, and logs successes and failures to download.log.","#!/usr/bin/env bash
while read -r url; do
  retries=0
  until curl -O ""$url"" --progress-bar; do
    ((retries++))
    if (( retries >= 3 )); then
      echo ""FAIL $url"" >> download.log
      break
    fi
  done
  if (( retries < 3 )); then
    echo ""OK $url"" >> download.log
  fi
done < urls.txt"
"Find all files in /var/www/html that contain the string ""TODO"" but are not owned by root, and change their ownership to www-data:www-data.","grep -rl ""TODO"" /var/www/html | while read f; do if [ $(stat -c %U ""$f"") != ""root"" ]; then chown www-data:www-data ""$f""; fi; done"
"Generate a CSV report of the top 5 most common file extensions in /srv/data, with columns ""extension"" and ""count"".","find /srv/data -type f | rev | cut -d. -f1 | rev | sort | uniq -c | sort -nr | head -n 5 | awk '{print $2"",""$1}' > extensions_report.csv"
"Using awk, compute the average response time from an Nginx access log assuming the response time is the last field in each line.","awk '{sum+=$NF; cnt++} END {if (cnt>0) printf ""Average response time: %.3f\n"", sum/cnt}' /var/log/nginx/access.log"
"Create a Bash alias called ll that lists files in long format with human‑readable sizes, sorted by modification time descending.",alias ll='ls -lh --time-style=long-iso -t'
"Write a Bash one‑liner that prints the number of CPU cores, total memory in GB, and the current load average (1 minute).","echo ""Cores: $(nproc), Memory: $(free -g | awk '/Mem:/ {print $2}') GB, Load: $(cut -d' ' -f1 /proc/loadavg)"""
"Find all Git repositories under /srv and for each, output the repository path and the number of uncommitted changes.","find /srv -type d -name .git -prune -print | while read gitdir; do repo=$(dirname ""$gitdir""); cd ""$repo""; changes=$(git status --porcelain | wc -l); echo ""$repo: $changes changes""; done"
"Using perl, replace all dates in the format DD/MM/YYYY in a file data.txt with ISO format YYYY-MM-DD, editing the file in place.",perl -pi -e 's/(\d{2})\/(\d{2})\/(\d{4})/$3-\$2-\$1/g' data.txt
"Monitor the size of /var/log/syslog, and if it exceeds 100 MiB, rotate it by moving to syslog.1 and creating a new empty syslog file, then send a notification to the sysadmin via wall.","if [ $(stat -c%s /var/log/syslog) -gt $((100*1024*1024)) ]; then mv /var/log/syslog /var/log/syslog.1; touch /var/log/syslog; wall ""syslog rotated due to size >100MiB""; fi"
"List the top 3 network interfaces by total bytes transmitted and received combined, showing interface name and total MB, sorted descending.","cat /proc/net/dev | tail -n +3 | awk '{tx+=$2; rx+=$10; total[$1]=tx+rx} END {for(i in total) printf ""%s %.2f MB\n"", i, total[i]/(1024*1024)}' | sort -k2 -nr | head -n 3"
Write a Bash function that takes a directory path and returns the deepest subdirectory depth relative to the given path.,"deepest_depth(){ base=""$1""; find ""$base"" -type d | awk -v base=""$base"" 'BEGIN{len=length(base)} {depth=(gsub(""/"",""/"",$0)-gsub(""/"",""/"",base)); if (depth>max) max=depth} END{print max}'; }"
"Search for all occurrences of the word ""ERROR"" in /var/log/*.log, count them per file, and output a summary table with columns ""file"" and ""error_count"".","for f in /var/log/*.log; do cnt=$(grep -c ""ERROR"" ""$f"" 2>/dev/null); echo -e ""${f}\t${cnt}""; done | column -t"
"Create a systemd service unit file that runs /usr/local/bin/cleanup.sh at boot, restarts on failure, and writes logs to /var/log/cleanup.log.","cat <<'EOF' > /etc/systemd/system/cleanup.service
[Unit]
Description=Cleanup Service
After=network.target

[Service]
ExecStart=/usr/local/bin/cleanup.sh
StandardOutput=append:/var/log/cleanup.log
StandardError=append:/var/log/cleanup.log
Restart=on-failure

[Install]
WantedBy=multi-user.target
EOF
systemctl daemon-reload
systemctl enable cleanup.service"
"Find all processes owned by the user ""deploy"" that have been running for more than 2 days, and send them a SIGTERM signal.","ps -u deploy -eo pid,etime --no-headers | while read pid etime; do if [[ ""$etime"" =~ ^([0-9]+)- ]]; then days=${BASH_REMATCH[1]}; if (( days >= 2 )); then kill -TERM ""$pid""; fi; fi; done"
"Using jq, merge two JSON files config1.json and config2.json, with config2 overriding any duplicate keys, and write the result to merged_config.json.",jq -s '.[0] * .[1]' config1.json config2.json > merged_config.json
"Search all JSON log files under /var/log/app, extract entries where the field ""status"" is ""error"", count occurrences per hour, and output a sorted table.","find /var/log/app -type f -name '*.json' -print0 | xargs -0 -n1 jq -c '. | select(.status==""error"")' | jq -r '(.timestamp[0:13]) as $hour | $hour' | sort | uniq -c | sort -nr"
"Create a Bash function that takes a directory path and prints a tree of all files larger than 1 MiB, showing size in human‑readable form, and writes the tree to a log file.","big_tree(){ local dir=""$1""; echo ""Files >1MiB in $dir:""; find ""$dir"" -type f -size +1M -printf '%s %p\n' | sort -nr | while read -r size path; do hr=$(numfmt --to=iec ""$size""); echo ""${hr}\t${path}""; done | tee ""/var/log/big_tree_$(date +%Y%m%d).log""; } # Usage: big_tree /path/to/dir"
"Monitor /var/log/syslog in real time, filter lines containing ""kernel"" or ""panic"", prepend a timestamp, and write to /tmp/kernel_alerts.log.","tail -F /var/log/syslog | grep -Ei 'kernel|panic' | while read -r line; do echo ""$(date +%Y-%m-%dT%H:%M:%S) $line""; done >> /tmp/kernel_alerts.log"
"Write a one‑liner that replaces all occurrences of the IP address 10.0.0.1 with 10.0.0.2 in every .conf file under /etc, making a backup with .bak extension.",find /etc -type f -name '*.conf' -exec sed -i.bak 's/10\.0\.0\.1/10.0.0.2/g' {} +
"Generate a report of disk usage per user on the system, sorted descending, and email it to admin@example.com.","du -sh /home/* | sort -hr | awk '{print $2""\t""$1}' | mail -s ""Disk usage report"" admin@example.com"
"Create a Bash script that reads a list of URLs from urls.txt, downloads each with curl (max 3 concurrent downloads), retries failed downloads up to 2 times, and logs successes and failures.","#!/usr/bin/env bash
while read -r url; do
  ((i=i%3)); ((i++==0)) && wait
  (
    for attempt in {1..3}; do
      curl -f -O ""$url"" && echo ""SUCCESS: $url"" >> download.log && break
      echo ""Attempt $attempt failed for $url"" >&2
      sleep 2
    done
    if ((attempt>3)); then echo ""FAILURE: $url"" >> download.log; fi
  ) &
done < urls.txt
wait"
"Parse the Apache access log, extract the top 10 client IPs that generated the most 5xx responses, and output as JSON.","awk '$9 ~ /^5/ {print $1}' /var/log/apache2/access.log | sort | uniq -c | sort -nr | head -n 10 | awk '{print ""{\""ip\"": \""""$2""\"", \""count\"": ""$1""}""}' | jq -s '.'"
"Create a function that monitors CPU usage every 5 seconds, logs a warning if usage exceeds 80%, and sends a desktop notification.","cpu_warn(){ while :; do usage=$(mpstat 1 1 | awk '/Average/ {print 100-$NF}'); if (( $(echo ""$usage > 80"" | bc -l) )); then echo ""$(date): High CPU $usage%"" >> /var/log/cpu_warn.log; notify-send ""CPU Warning"" ""Usage at $usage%""; fi; sleep 5; done; } # Run: cpu_warn &"
"Recursively replace all tabs with four spaces in .c and .h files under src/, but preserve original timestamps.","find src/ -type f \( -name '*.c' -o -name '*.h' \) -exec sh -c 'tmp=$(mktemp); expand -t4 ""$1"" > ""$tmp"" && mv ""$tmp"" ""$1"" && touch -r ""$1"" ""$1""' _ {} \;"
"List all users with UID >=1000, their last login time, and whether they have sudo privileges, output as a table.","awk -F: '($3>=1000){print $1}' /etc/passwd | while read -r user; do lastlogin=$(lastlog -u ""$user"" | awk 'NR==2 {print $4,$5,$6}'); sudoer=$(groups ""$user"" | grep -qw sudo && echo ""yes"" || echo ""no""); printf ""%s\t%s\t%s\n"" ""$user"" ""$lastlogin"" ""$sudoer""; done | column -t"
"Download a JSON API endpoint, pretty‑print it with jq, and extract the field ""data.items[*].id"" into a newline‑separated list saved to ids.txt.",curl -s https://api.example.com/v1/resources | jq -r '.data.items[].id' > ids.txt
"Find all ELF binaries in /usr/local/bin, compute their SHA256 checksums, and store results in /var/lib/checksums.txt, skipping files already listed.","find /usr/local/bin -type f -executable -exec file {} \; | grep ELF | cut -d: -f1 | while read -r bin; do grep -q ""$(basename ""$bin"")"" /var/lib/checksums.txt 2>/dev/null || sha256sum ""$bin"" >> /var/lib/checksums.txt; done"
"Write a Bash one‑liner that prints the number of lines added, deleted, and total changed files in the last Git commit.","git show --stat --oneline HEAD | awk '/files changed/ {added+=\$4; deleted+=\$6} END {print ""Added:""added"" Deleted:""deleted"" Files changed:""NR}"""
"Create a script that watches a directory for new .mp4 files, transcodes them to H.265 using ffmpeg, moves the output to /media/processed, and logs the operation.","#!/usr/bin/env bash
in_dir=""/watch""
out_dir=""/media/processed""
while inotifywait -e create ""$in_dir""; do
  for f in ""$in_dir""/*.mp4; do
    [ -e ""$f"" ] || continue
    out=""${out_dir}/$(basename ""${f%.*}"").mkv""
    ffmpeg -i ""$f"" -c:v libx265 -crf 28 -c:a copy ""$out"" && echo ""$(date): Transcoded $f -> $out"" >> /var/log/transcode.log && rm -f ""$f""
  done
done"
"Generate a report of the number of Docker images per repository, sorted descending, and display as a markdown table.","docker images --format '{{.Repository}} {{.Tag}}' | awk '{print $1}' | sort | uniq -c | sort -nr | awk 'BEGIN{print ""| Repository | Count |""; print ""|---|---|""} {print ""| ""$2"" | ""$1"" |""}'"
Write a Bash function that accepts a string and returns the same string with all characters rotated by 13 positions (ROT13).,"rot13(){ echo ""$1"" | tr 'A-Za-z' 'N-ZA-Mn-za-m'; } # Usage: rot13 ""Hello"""
"Search recursively for TODO comments in all .py files, output filename, line number, and comment text, sorted by filename.",grep -RIn --include='*.py' 'TODO' . | sort
"Create a pipeline that reads a CSV file, filters rows where column 3 > 100, calculates the average of column 5, and prints the result.","awk -F, '$3>100 {sum+=$5; cnt++} END {if(cnt) printf ""Average: %.2f\n"", sum/cnt; else print ""No matching rows""}' data.csv"
"Find all processes listening on TCP ports >1024, display PID, user, and port, and kill those owned by a specific user ""bob"".","lsof -iTCP -sTCP:LISTEN -P | awk 'NR>1 && $9>1024 {print $2,$1,$9}' | while read -r pid user port; do if [[ $user == bob ]]; then kill -9 ""$pid"" && echo ""Killed $pid ($user) on port $port""; fi; done"
"Write a one‑liner that backs up MySQL database ""sales"" to a gzipped file named with the current date, and logs the duration.","START=$(date +%s); mysqldump sales | gzip > /backups/sales_$(date +%Y%m%d).sql.gz; END=$(date +%s); echo ""Backup took $((END-START)) seconds"" >> /var/log/mysql_backup.log"
"Monitor the size of /var/log directory, and if it exceeds 1 GiB, rotate the logs by moving them to /var/log/old with a timestamp suffix.",size=$(du -sb /var/log | cut -f1); if (( size > 1073741824 )); then mkdir -p /var/log/old; find /var/log -type f -name '*.log' -exec mv {} /var/log/old/$(basename {}).$(date +%Y%m%d%H%M%S) \;; fi
"Create a Bash script that reads a list of hostnames from hosts.txt, pings each concurrently (max 5 at a time), and writes reachable hosts to up.txt and unreachable to down.txt.","#!/usr/bin/env bash
sem(){
  while (( $(jobs -r | wc -l) >= $1 )); do sleep 0.1; done
}
while read -r host; do
  sem 5
  (
    if ping -c1 -W2 ""$host"" &>/dev/null; then echo ""$host"" >> up.txt; else echo ""$host"" >> down.txt; fi
  ) &
done < hosts.txt
wait"
"Extract all IPv4 addresses from a mixed log file, count unique occurrences, and output the top 3 most frequent IPs.","grep -Eo '([0-9]{1,3}\.){3}[0-9]{1,3}' mixed.log | sort | uniq -c | sort -nr | head -n 3"
"Parse systemd journal for entries with priority err or crit in the last hour, and send a summary email.","journalctl -p err..crit --since ""1 hour ago"" | grep -E '^\w{3} \d{1,2}' | awk '{print $1,$2,$3,$5}' | mail -s ""Systemd error summary"" admin@example.com"
"Find duplicate files (same SHA256) under /data, and output groups of duplicate paths.",find /data -type f -exec sha256sum {} + | sort | awk 'prev==$1{print $2} {prev=$1}' | xargs -n1 dirname | uniq -c | awk '$1>1{print $0}'
"Create a one‑liner that prints the current Git branch name, the number of staged files, and the number of unstaged changes.","printf ""Branch: %s\nStaged: %d\nUnstaged: %d\n"" ""$(git rev-parse --abbrev-ref HEAD)"" ""$(git diff --cached --name-only | wc -l)"" ""$(git diff --name-only | wc -l)"""
"Write a script that monitors a MySQL table ""jobs"" for new rows (poll every 10s), processes each row by calling an external API, marks the row as processed, and logs failures.","#!/usr/bin/env bash
while :; do
  rows=$(mysql -N -B -e ""SELECT id, payload FROM jobs WHERE processed=0 LIMIT 10;"")
  [[ -z $rows ]] && sleep 10 && continue
  while read -r id payload; do
    response=$(curl -s -X POST -d ""$payload"" https://api.example.com/handle)
    if [[ $response == *""success""* ]]; then
      mysql -e ""UPDATE jobs SET processed=1 WHERE id=$id;""
      echo ""$(date): Processed $id"" >> job.log
    else
      echo ""$(date): Failed $id - $response"" >> job_error.log
    fi
  done <<< ""$rows""
  sleep 1
done"
"Find all files with world‑writable permissions under /etc, list them with permissions and owner, and optionally fix them by removing the write bit.","find /etc -type f -perm -o=w -ls | awk '{print $3,$5,$11}' # To fix: find /etc -type f -perm -o=w -exec chmod o-w {} \;"
"Extract the JSON field ""status"" from every line of a log file, count occurrences of each unique status, and display the top 3 most frequent ones.","awk -F'""status"":""' '{if(NF>1){split($2,a,""\"""");print a[1]}}' /var/log/app.log | \ 
  sort | uniq -c | sort -nr | head -3"
"Recursively replace all occurrences of the string ""TODO"" with ""DONE"" in *.sh files, but only in files that have been modified in the last 7 days, and create a backup of each modified file with a .bak extension.","find . -type f -name ""*.sh"" -mtime -7 -print0 | \ 
  xargs -0 -I{} sh -c 'cp ""{}"" ""{}.bak"" && sed -i ""s/TODO/DONE/g"" ""{}""'"
"Monitor CPU usage every 5 seconds for 1 minute, calculate the average load, and write the result to /tmp/cpu_avg.txt in JSON format.","{ sum=0; count=0; for i in {1..12}; do load=$(awk '{print $1}' /proc/loadavg); sum=$(echo ""$sum + $load"" | bc); ((count++)); sleep 5; done; avg=$(echo ""scale=2; $sum / $count"" | bc); echo ""{\""average_load\"": $avg}"" > /tmp/cpu_avg.txt; }"
"List the top 10 largest files (by size) in the user's home directory, output their sizes in human‑readable form, and save the list to ~/largest_files.txt.","find ""$HOME"" -type f -printf ""%s %p\n"" | sort -nr | head -10 | numfmt --to=iec-i --suffix=B --padding=7 | awk '{print $2, $1}' > ""$HOME/largest_files.txt"""
"Download a JSON payload from https://api.example.com/data, extract the array ""items"", and for each item output its ""id"" and ""name"" as a CSV line to /tmp/items.csv.","curl -s https://api.example.com/data | \ 
  jq -r '.items[] | [ .id, .name ] | @csv' > /tmp/items.csv"
"Find all symbolic links under /etc that point to non‑existent files, and delete those broken links after prompting the user for confirmation.","find /etc -xtype l -print0 | while IFS= read -r -d '' link; do \ 
  echo ""Broken link: $link""; read -p ""Delete? [y/N] "" ans; \ 
  if [[ $ans == [Yy]* ]]; then rm ""$link""; fi; done"
"Create a tarball of all .conf files modified in the last 24 hours, compress it with xz, and store it in /backup with a timestamped name.","tar -cJf /backup/conf_changes_$(date +%Y%m%d%H%M%S).tar.xz $(find /etc -type f -name ""*.conf"" -mtime -1)"
"Generate a report of disk usage per user on /home, sorted descending, and email it to admin@example.com with subject ""Home Disk Usage"".","du -sh /home/* | sort -hr | mail -s ""Home Disk Usage"" admin@example.com"
"For each running Docker container, print its name, ID, and the amount of memory it is currently using, formatted as a table.","docker ps --format ""{{.Names}} {{.ID}}"" | while read name id; do \ 
  mem=$(docker stats --no-stream --format ""{{.MemUsage}}"" $id | awk -F'/' '{print $1}' | tr -d '[:space:]'); \ 
  printf ""%s\t%s\t%s\n"" ""$name"" ""$id"" ""$mem""; done | column -t"
"Search all .py files in the current repo for functions that lack docstrings, and output the file name and line number of each such function.","grep -R ""^def "" --include=""*.py"" . | while read -r file line; do \ 
  func_line=$(echo $line | cut -d: -f2); \ 
  next_line=$(sed -n ""$((func_line+1))p"" ""$file""); \ 
  if [[ ! $next_line =~ ^[[:space:]]*\""\""\"" ]]; then \ 
    echo ""$file:$func_line""; \ 
  fi; done"
"Create a named pipe /tmp/logpipe, start a background process that tails /var/log/syslog into it, and simultaneously filter lines containing ""error"" and write them to /var/log/error.log.","mkfifo /tmp/logpipe && tail -F /var/log/syslog > /tmp/logpipe & \ 
  grep -i ""error"" < /tmp/logpipe >> /var/log/error.log"
"Find all JPEG images larger than 2 MiB, resize them to a maximum width of 1920px while preserving aspect ratio, and place the resized copies in ./resized preserving the original directory hierarchy.","find . -type f -name ""*.jpg"" -size +2M -print0 | while IFS= read -r -d '' img; do \ 
  rel=${img#./}; out=./resized/${rel%/*}; mkdir -p ""$out""; \ 
  convert ""$img"" -resize 1920x ""$out/$(basename $img)""; done"
"List all active TCP connections, group them by remote IP, count how many connections each IP has, and display the top 5 IPs with the most connections.",ss -tn state established | awk '{print $5}' | cut -d: -f1 | sort | uniq -c | sort -nr | head -5
"Extract the timestamps of all ""CRITICAL"" entries from /var/log/app.log, convert them to ISO‑8601 format, and write them to /tmp/critical_times.txt.","grep ""CRITICAL"" /var/log/app.log | awk '{print $1"" ""$2}' | while read ts; do \ 
  date -d ""$ts"" --iso-8601=seconds; done > /tmp/critical_times.txt"
"Create a Bash function called retry that runs a given command up to 5 times with exponential backoff (1s, 2s, 4s, 8s) until it succeeds, returning the command's exit status.","retry() { local tries=0 max=5 delay=1; while (( tries < max )); do ""$@"" && return 0; (( tries++ )); echo ""Attempt $tries failed, retrying in $delay s...""; sleep $delay; (( delay*=2 )); done; return 1; }"
"Archive all files in /var/www that have not been accessed in the last 180 days, preserving permissions, and delete the original files only after successful archive creation.","tar -cpf /backup/www_inactive_$(date +%Y%m%d).tar $(find /var/www -type f -atime +180) && \ 
  find /var/www -type f -atime +180 -delete"
"Generate a CSV file listing each user on the system, their UID, and the total size of files they own in /home, sorted by size descending.","awk -F: '{print $1"":""$3}' /etc/passwd | while IFS=: read user uid; do \ 
  size=$(du -sb /home/$user 2>/dev/null | cut -f1); \ 
  echo ""$user,$uid,$size""; done | sort -t, -k3 -nr > /tmp/user_home_sizes.csv"
"Continuously monitor /var/log/auth.log for failed SSH login attempts, and after every 10 failures, send an alert email to security@example.com with the offending IPs.","tail -F /var/log/auth.log | \ 
  grep --line-buffered ""Failed password"" | \ 
  awk -F'from ' '{print $2}' | cut -d' ' -f1 | \ 
  sort | uniq -c | while read count ip; do \ 
    if (( count % 10 == 0 )); then \ 
      echo -e ""Subject: SSH Failure Alert\n\nIP $ip has $count failed attempts"" | sendmail security@example.com; \ 
    fi; done"
"Write a one‑liner that prints the 5 most common file extensions in the current directory tree, along with their counts.","find . -type f -name ""*.*"" | rev | cut -d. -f1 | rev | sort | uniq -c | sort -nr | head -5"
"For each Git repository under ~/projects, fetch the latest changes, prune stale branches, and output a summary line ""repo: X new commits, Y branches removed"".","for d in ~/projects/*/.git; do repo=$(dirname ""$d""); cd ""$repo""; \ 
  new=$(git fetch --dry-run 2>&1 | grep -c ""new tag""); \ 
  removed=$(git remote prune origin | wc -l); \ 
  echo ""$(basename ""$repo""): $new new commits, $removed branches removed""; done"
"Create a temporary SQLite database in memory, import a CSV file /tmp/data.csv into a table called records, run a query to find the top 3 categories by sum of ""amount"", and output the result as JSON.","sqlite3 :memory: ""\
.mode csv\
.import /tmp/data.csv records\
SELECT category, SUM(amount) AS total FROM records GROUP BY category ORDER BY total DESC LIMIT 3;"" | jq -R -s -c 'split(""\n"")[:-1] | map(split("","")) | map({category: .[0], total: (.[1]|tonumber)})'"
"Detect whether the current shell is running inside a Docker container, and if so, print the container ID; otherwise print ""Not in Docker"".","if [ -f /.dockerenv ] || grep -qa 'docker' /proc/1/cgroup; then \ 
  cid=$(basename $(cat /proc/self/cgroup | grep 'docker' | cut -d'/' -f3)); echo ""Container ID: $cid""; \ 
else echo ""Not in Docker""; fi"
"Recursively replace tabs with four spaces in all .c and .h files, but only in files that contain the string ""TODO:"".","find . -type f \( -name ""*.c"" -o -name ""*.h"" \) -exec grep -l ""TODO:"" {} + | xargs -d '\n' -I{} sed -i 's/\t/    /g' ""{}"""
"List all mounted filesystems, show their mount point, total size, used percentage, and highlight (with *** ) any that are more than 90% full.","df -hP | awk 'NR>1 {printf ""%s %s %s %s\n"", $6, $2, $3, $5; if($5+0>90) print ""***""}'"
"Write a Bash script snippet that reads a list of URLs from urls.txt, downloads each with curl (retrying up to 3 times on failure), and saves them to ./downloads preserving the original filenames.","mkdir -p downloads && while read -r url; do \ 
  fname=$(basename ""$url""); \ 
  curl -f --retry 3 -o ""downloads/$fname"" ""$url"" || echo ""Failed: $url""; done < urls.txt"
"Find all processes owned by user ""alice"" that have been running longer than 2 days, and send SIGTERM followed by SIGKILL after a 5‑second grace period if they are still alive.","ps -u alice -o pid,etime --no-headers | awk '$2 ~ /[0-9]+-[0-9]{2}:/ {print $1}' | while read pid; do \ 
  kill $pid && sleep 5 && kill -0 $pid 2>/dev/null && kill -9 $pid; done"
"Create a compressed backup of MySQL database ""sales"" using mysqldump, encrypt it with GPG using the recipient ""admin@example.com"", and store the result in /backups with a timestamped filename.",mysqldump -u root -p sales | gpg --encrypt --recipient admin@example.com > /backups/sales_$(date +%Y%m%d%H%M%S).sql.gpg
"Generate a list of all IPv4 addresses assigned to the host (excluding loopback), and write them as a JSON array to /tmp/ips.json.","ip -4 -o addr show scope global | awk '{print $4}' | cut -d/ -f1 | jq -R -s -c 'split(""\n"")[:-1]' > /tmp/ips.json"
"Monitor a directory /var/spool/queue for newly created files, and for each new file, compute its SHA256 checksum and append ""filename checksum"" to /var/log/queue_checksums.log.","inotifywait -m -e create --format ""%w%f"" /var/spool/queue | while read file; do \ 
  sum=$(sha256sum ""$file"" | awk '{print $1}'); \ 
  echo ""$file $sum"" >> /var/log/queue_checksums.log; done"
"Find duplicate files (by content) under /data, list each set of duplicates on a single line separated by spaces, and write the result to /tmp/duplicates.txt.",fdupes -r /data > /tmp/duplicates.txt
"Create a temporary RAM disk of 2 GiB mounted at /mnt/ramdisk, copy all *.iso files from /mnt/storage into it, then unmount and delete the RAM disk after verifying the copy integrity via sha256sum.","mkdir -p /mnt/ramdisk && mount -t tmpfs -o size=2G tmpfs /mnt/ramdisk && \ 
  cp /mnt/storage/*.iso /mnt/ramdisk/ && \ 
  cd /mnt/ramdisk && sha256sum *.iso > /tmp/ramdisk_checksums.txt && \ 
  cd / && umount /mnt/ramdisk && rmdir /mnt/ramdisk"
"Extract all IPv6 addresses from /var/log/syslog, count how many times each appears, and display the top 3 most frequent addresses.","grep -oE '([0-9a-fA-F]{0,4}:){2,7}[0-9a-fA-F]{0,4}' /var/log/syslog | sort | uniq -c | sort -nr | head -3"
"Write a one‑liner that prints the current Git branch name, the short commit hash of HEAD, and whether the working tree is clean or dirty, formatted as ""branch@hash (status)"".","git rev-parse --abbrev-ref HEAD | awk '{printf ""%s@"", $0}' && git rev-parse --short HEAD && echo -n "" ""; [[ -z $(git status --porcelain) ]] && echo ""(clean)"" || echo ""(dirty)"""
"For each mounted ext4 filesystem, run a background fsck in read‑only mode and log the result to /var/log/fsck_$(date +%F).log without blocking the boot process.","mount | grep ' ext4 ' | awk '{print $3}' | while read mnt; do \ 
  (fsck.ext4 -n ""$mnt"" >> /var/log/fsck_$(date +%F).log 2>&1) &; done"
"Find all files in /opt that are older than 30 days, compress each with gzip preserving the original timestamp, and move the .gz files to /opt/archive preserving directory hierarchy.","find /opt -type f -mtime +30 -print0 | while IFS= read -r -d '' f; do \ 
  rel=${f#/opt/}; out=/opt/archive/$(dirname ""$rel""); mkdir -p ""$out""; \ 
  gzip -c ""$f"" > ""$out/$(basename ""$f"").gz""; touch -r ""$f"" ""$out/$(basename ""$f"").gz""; done"
"Extract the timestamps of all failed SSH login attempts from /var/log/auth.log, convert them to ISO‑8601 UTC, and display a histogram of failures per day for the last 7 days.","awk '/Failed password/ {print $1"" ""$2"" ""$3}' /var/log/auth.log | while read mon day time; do date -d ""$mon $day $time"" -u +%F; done | sort | uniq -c | tail -7"
"Recursively replace any occurrence of the string ""TODO"" with ""DONE"" in all .py files under ~/projects, but only in files that have been modified in the last 2 days, and create a backup with .bak extension.","find ~/projects -type f -name ""*.py"" -mtime -2 -print0 | xargs -0 -I{} sed -i.bak 's/TODO/DONE/g' ""{}"""
"Download a JSON API from https://api.example.com/data, extract the field ""items"" (an array), flatten it, and save each element as a separate line in /tmp/items.txt.",curl -s https://api.example.com/data | jq -r '.items[]' > /tmp/items.txt
"Monitor the CPU usage of all processes whose command line contains ""java"", updating every 2 seconds, and write the top 5 consumers to /tmp/java_cpu.log with timestamps.","while :; do date '+%Y-%m-%d %H:%M:%S' >> /tmp/java_cpu.log; ps -eo pid,comm,%cpu,args | grep '[j]ava' | sort -k3 -nr | head -5 >> /tmp/java_cpu.log; sleep 2; done &"
"Create a tar.gz archive of all log files in /var/log that have not been rotated (i.e., no .gz suffix) and are older than 30 days, preserving permissions, and name it backup_logs_$(date +%Y%m%d).tgz.","tar -czf backup_logs_$(date +%Y%m%d).tgz $(find /var/log -type f -name ""*.log"" ! -name ""*.gz"" -mtime +30)"
"Write a Bash function called retry() that runs a given command up to 5 times with exponential backoff (1,2,4,8,16 seconds) until it succeeds, then returns the command's exit status.","retry(){ local cmd=""$*""; local delay=1; for i in {1..5}; do eval $cmd && return 0; echo ""Attempt $i failed, retrying in $delay sec...""; sleep $delay; delay=$((delay*2)); done; return 1; }"
"List all users on the system that have a UID >= 1000, are currently logged in, and have a home directory on a separate partition (i.e., /home is a mount point). Output in CSV: username,uid,login_time.","awk -F: '$3>=1000{print $1"",""$3"",""$6}' /etc/passwd | while IFS=, read user uid home; do if mountpoint -q ""$home"" && who | grep -w ""$user""; then login=$(who | awk -v u=""$user"" '$1==u{print $3"" ""$4}'); echo ""$user,$uid,$login""; fi; done"
"Find all symbolic links under /opt that are broken, replace each with a copy of the target file (if it exists elsewhere), and log the actions to /var/log/broken_links.log.","find /opt -xtype l -print0 | while IFS= read -r -d '' link; do target=$(readlink -f ""$link""); if [ -e ""$target"" ]; then cp -a ""$target"" ""$(dirname ""$link"")/$(basename ""$target"")""; echo ""Replaced broken link $link with copy of $target"" >> /var/log/broken_links.log; else echo ""No source found for $link"" >> /var/log/broken_links.log; fi; done"
"Generate a report of disk usage per user (sum of all files owned by the user) on /home, sorted descending, and email it to admin@example.com using mailx.","du -sh /home/* | sort -hr | awk '{print $2"",""$1}' > /tmp/disk_report.csv; mailx -s ""Home Disk Usage Report"" -a /tmp/disk_report.csv admin@example.com <<< ""See attached CSV for per‑user usage."""
"Using only Bash built‑ins and grep, count how many times each distinct IP address appears in the Apache access log /var/log/apache2/access.log, ignoring lines with status 404, and output the top 10 IPs.",grep -v ' 404 ' /var/log/apache2/access.log | grep -oE '^[0-9]+\.[0-9]+\.[0-9]+\.[0-9]+' | sort | uniq -c | sort -nr | head -10
"Create a one‑liner that watches /var/log/syslog for lines containing the word ""CRITICAL"", extracts the process name, counts occurrences per process in the last hour, and prints a JSON object mapping process→count.","awk -v d=""$(date -d '1 hour ago' '+%b %_d %H')"" '$0 ~ d && /CRITICAL/ {for(i=1;i<=NF;i++) if($i ~ /\[.*\]/){gsub(/[\[\]]/,"""",$i); proc=$i}} END {print ""{""; for(p in proc) printf ""\""%s\"": %d,\n"", p, proc[p]; print ""}""}' /var/log/syslog"
"Write a Bash script that reads a list of URLs from stdin, downloads each with curl (max 3 concurrent downloads), retries failed downloads up to 2 times, and stores them in /tmp/downloads preserving original filenames.","#!/usr/bin/env bash
mkdir -p /tmp/downloads
xargs -n1 -P3 -I{} bash -c '
  url=""{}""
  fname=$(basename ""$url"")
  attempts=0
  while [ $attempts -lt 3 ]; do
    curl -f -L -o ""/tmp/downloads/$fname"" ""$url"" && break
    attempts=$((attempts+1))
    echo ""Retry $attempts for $url""
  done
'"
"Extract all IPv6 addresses from /etc/hosts, sort them uniquely, and write them to /etc/ipv6_hosts sorted numerically.","grep -Eo '([0-9a-fA-F]{0,4}:){2,7}[0-9a-fA-F]{0,4}' /etc/hosts | sort -u -V > /etc/ipv6_hosts"
"Using find, locate all .conf files under /etc that have been modified in the last 24 hours, replace any occurrence of ""Listen 80"" with ""Listen 8080"", and create a git commit with message ""Update ports"" assuming /etc is a git repo.","git -C /etc add . && find /etc -type f -name ""*.conf"" -mtime -1 -print0 | xargs -0 sed -i 's/Listen 80/Listen 8080/g' && git -C /etc commit -am ""Update ports"""
"Write a Bash one‑liner that prints the total number of lines of code (excluding blank lines and comments) in all .js files under ~/projects, using wc and grep.","find ~/projects -type f -name ""*.js"" -print0 | xargs -0 cat | grep -vE '^\s*(//|/\*|\*|$)' | wc -l"
"Create a named pipe /tmp/logpipe, have a background process tail -F /var/log/syslog into it, and a foreground awk script that prints only lines with severity WARN or higher, prefixing each with the current timestamp.","mkfifo /tmp/logpipe
 tail -F /var/log/syslog > /tmp/logpipe &
 awk '/\b(WARN|ERROR|CRIT)\b/ {print strftime(""%Y-%m-%d %H:%M:%S""), $0}' /tmp/logpipe"
"Find the 5 most frequently used commands in the current user's bash history, ignoring timestamps, and display them with usage counts.","history | awk '{CMD=$2} END{for (c in CMD) cnt[CMD[c]]++} END{for (c in cnt) print cnt[c], c}' | sort -nr | head -5"
"Write a Bash function that accepts a directory path and returns the deepest nested subdirectory (i.e., the one with the longest path).","deepest_dir(){ local base=""$1""; find ""$base"" -type d | awk -F'/' '{print NF, $0}' | sort -nr | head -1 | cut -d' ' -f2-; }"
"Using only coreutils, compute the MD5 hash of every file in /usr/bin, output a list of files whose hash starts with ""0e"".",find /usr/bin -type f -exec md5sum {} + | awk '$1 ~ /^0e/ {print $2}'
"Create a Bash script that monitors the size of /var/log/messages, and if it exceeds 100 MiB, rotates it by moving to /var/log/messages.1, compresses the old file with gzip, and restarts rsyslog.","#!/usr/bin/env bash
max=$((100*1024*1024))
size=$(stat -c%s /var/log/messages)
if [ $size -gt $max ]; then
  mv /var/log/messages /var/log/messages.1
  gzip /var/log/messages.1
  systemctl restart rsyslog
fi"
"Parse a CSV file /tmp/data.csv, filter rows where column 3 > 50, compute the average of column 5 for those rows, and print the result with two decimal places using awk.","awk -F',' '$3>50 {sum+=$5; cnt++} END {if(cnt) printf ""%.2f\n"", sum/cnt}' /tmp/data.csv"
"Find all Docker containers that have been stopped for more than 7 days, remove them, and log the container IDs to /var/log/docker_cleanup.log.","docker ps -a --filter ""status=exited"" --filter ""until=168h"" -q | while read cid; do docker rm $cid && echo ""Removed $cid"" >> /var/log/docker_cleanup.log; done"
"Write a Bash one‑liner that lists all mount points with more than 80 % utilization, showing mount point, used percentage, and free space in GB.","df -hP | awk 'NR>1 && $5+0>80 {printf ""%s %s %s\n"", $6, $5, $4}'"
"Create a Bash function called json_pretty() that reads a JSON string from stdin and outputs a pretty‑printed version using jq, handling invalid JSON gracefully.","json_pretty(){ if jq . >/dev/null 2>&1; then jq .; else echo ""Invalid JSON"" >&2; return 1; fi; }"
"Using only Bash and sed, transform a file config.ini where each line is ""key=value"" into a JSON object with proper quoting, and write to config.json.","sed -e '1s/^/{/' -e '$s/$/}/' -e 's/^/""/' -e 's/=/"": ""/' -e 's/$/"",/' config.ini | sed '$ s/,$//' > config.json"
"Find all processes that have open network sockets on port 443, extract the PID and command name, and output a sorted list by PID.","lsof -i :443 -sTCP:LISTEN -nP | awk 'NR>1 {print $2"" ""$1}' | sort -n"
"Write a Bash script that, given a directory, creates a snapshot copy (hard‑link clone) in /snapshots with a timestamped name, and logs the operation to syslog.","#!/usr/bin/env bash
dir=""$1""
stamp=$(date +%Y%m%d%H%M%S)
backup=""/snapshots/$(basename ""$dir"")_$stamp""
cp -al ""$dir"" ""$backup""
logger -t snapshot ""Created snapshot of $dir at $backup"""
"Using find and xargs, locate all files under /tmp that have not been accessed in the last 30 days and delete them, but first prompt the user for confirmation listing each file.","find /tmp -type f -atime +30 -print0 | xargs -0 -I{} bash -c 'echo ""Delete {}? (y/n)""; read ans; [ ""$ans"" = ""y"" ] && rm -v ""{}""'"
"Generate a report of the top 3 most common file extensions in /var/www/html, showing extension and count, using only Bash, find, and awk.",find /var/www/html -type f -name '*.*' | rev | cut -d'.' -f1 | rev | sort | uniq -c | sort -nr | head -3
"Write a Bash one‑liner that prints the current kernel version, the number of loaded modules, and the total memory in GB, formatted as JSON.","printf '{""kernel"":""%s"",""modules"":%d,""mem_gb"":%.2f}\n' ""$(uname -r)"" ""$(lsmod | wc -l)"" ""$(free -g | awk '/Mem:/ {print $2}')"""
"Using grep and perl, replace every occurrence of a MAC address in a log file with the string ""[REDACTED]"" and write the result to a new file.",perl -pe 's/([0-9A-Fa-f]{2}:){5}[0-9A-Fa-f]{2}/[REDACTED]/g' /var/log/network.log > /var/log/network_redacted.log
"Create a Bash function that takes a git branch name, checks out the branch, rebases it onto master, and pushes it with --force-with-lease, handling any merge conflicts by aborting and printing an error.","git_sync(){ local br=""$1""; git checkout ""$br"" && git rebase master && git push --force-with-lease || { git rebase --abort; echo ""Rebase failed on $br"" >&2; return 1; }; }"
"Find all ELF binaries under /usr/local/bin, list their dynamic dependencies using ldd, and output a sorted list of unique library names to /tmp/libdeps.txt.",find /usr/local/bin -type f -executable -exec file {} + | awk -F: '/ELF/ {print $1}' | xargs -n1 ldd 2>/dev/null | awk '/=>/ {print $1}' | sort -u > /tmp/libdeps.txt
"Write a Bash command that prints the number of lines added and deleted in the last 5 commits of the current git repository, using git log and diff‑stat.","git log -5 --pretty=format:"""" --numstat | awk '{added+=$1; deleted+=$2} END {print ""Added:"",added,""Deleted:"",deleted}'"
"Using only Bash and coreutils, create a temporary directory, copy all .conf files from /etc into it preserving directory structure, create a tar.gz archive named conf_backup.tgz, and clean up the temporary directory.","tmp=$(mktemp -d) && cp --parents /etc/*.conf ""$tmp"" && tar -czf conf_backup.tgz -C ""$tmp"" . && rm -rf ""$tmp"""
Write a Bash one‑liner that monitors the /proc/loadavg file and sends an email via mailx to admin@example.com when the 1‑minute load average exceeds 4.0.,"while read load _; do echo $load | awk -F' ' '{if($1>4.0){print ""High load: ""$1 | ""mailx -s \""Load Alert\"" admin@example.com""}}' ; sleep 30; done < /proc/loadavg &"
"Extract the JSON field ""status"" from every line of a log file, count occurrences of each status, and display the top 3 most frequent statuses","awk -F'""status"":' '{if(NF>1){split($2,a,"","");print a[1]}}' /var/log/app.log \
  | tr -d '""' | sort | uniq -c | sort -nr | head -n3"
"Recursively search /etc for configuration files that contain the string ""EnableFeatureX"", replace it with ""EnableFeatureX=1"", and create a backup of each modified file with a .bak extension","find /etc -type f \( -name ""*.conf"" -o -name ""*.cfg"" \) -print0 | \
  xargs -0 -I{} sh -c '\
    if grep -q ""EnableFeatureX"" ""{}""; then \
      cp ""{}"" ""{}.bak"" && \
      sed -i ""s/EnableFeatureX/EnableFeatureX=1/"" ""{}""; \
    fi'"
"Write a Bash function called monitor_cpu that runs every 5 seconds, logs the current CPU usage (from /proc/stat) to /tmp/cpu.log, and stops after 1 minute","monitor_cpu(){\n  end=$((SECONDS+60))\n  while [ $SECONDS -lt $end ]; do\n    cpu=$(awk '/^cpu /{usage=($2+$4)*100/($2+$3+$4+$5+$6+$7+$8)} END{print usage}' /proc/stat)\n    echo ""$(date +%T) CPU: $cpu%"" >> /tmp/cpu.log\n    sleep 5\n  done\n}\nmonitor_cpu"
"Find all symbolic links under /usr/local/bin that point to non‑existent targets and delete them, printing each deleted link to stdout",find /usr/local/bin -type l ! -exec test -e {} \; -print -delete
"List the 10 largest files on the system, sorted by size, showing size in human‑readable format and full path","find / -xdev -type f -printf ""%s %p\n"" 2>/dev/null | sort -nr | head -n10 | numfmt --field=1 --to=iec"
"Create a tar archive of all files modified in the last 24 hours under /home, but exclude any .tmp files, and stream it directly to a remote server via SSH without creating an intermediate file","find /home -type f -mtime -1 ! -name ""*.tmp"" -print0 | \
  tar --null -czf - --files-from=- | ssh user@remote ""cat > /backups/home_$(date +%F).tar.gz"""
"Parse a JSON API response from https://api.example.com/data, extract the array ""items"", and for each item print its ""id"" and ""name"" fields in CSV format","curl -s https://api.example.com/data | \
  jq -r '.items[] | [ .id, .name ] | @csv'"
"Write a one‑liner that prints the total number of lines, words, and characters across all .md files in the current directory and its subdirectories, excluding files in any ""drafts"" folder","find . -type d -name drafts -prune -o -type f -name ""*.md"" -print0 | xargs -0 wc -lwc | tail -n1"
"Create a Bash script that reads a list of hostnames from hosts.txt, pings each host in parallel (max 10 concurrent pings), and writes reachable hosts to reachable.txt and unreachable ones to unreachable.txt","#!/usr/bin/env bash\n\nmax=10\nsem(){ while [ $(jobs -r | wc -l) -ge $max ]; do sleep 0.1; done; }\n\nwhile read -r host; do\n  sem\n  { ping -c1 -W2 ""$host"" &>/dev/null && echo ""$host"" >> reachable.txt || echo ""$host"" >> unreachable.txt; } &\ndone < hosts.txt\nwait"
"Find all duplicate files (by content) under /data, and replace each duplicate with a hard link to the first occurrence, printing the actions taken","#!/usr/bin/env bash\n\ndeclare -A seen\nfind /data -type f -print0 | while IFS= read -r -d '' file; do\n  hash=$(md5sum ""$file"" | cut -d' ' -f1)\n  if [[ -v seen[$hash] ]]; then\n    original=${seen[$hash]}\n    rm ""$file"" && ln ""$original"" ""$file"" && echo ""Replaced $file with hard link to $original""\n  else\n    seen[$hash]=""$file""\n  fi\ndone"
"Generate a report of disk usage per user (based on file ownership) for /home, sorted descending, and output as a table with columns USER and USAGE (in GB)","du -sh /home/* 2>/dev/null | awk -F'/' '{print $3}' | while read user; do\n  usage=$(du -sb /home/$user 2>/dev/null | cut -f1)\n  echo -e ""$user\t$(numfmt --to=iec-i --suffix=B $usage)""\ndone | sort -k2 -h -r"
Write a Bash one‑liner that monitors CPU temperature via /sys/class/thermal/thermal_zone0/temp and writes a warning to syslog if it exceeds 80 °C,"while :; do temp=$(< /sys/class/thermal/thermal_zone0/temp); temp_c=$((temp/1000)); if [ $temp_c -gt 80 ]; then logger -p user.warn ""CPU temperature high: ${temp_c}C""; fi; sleep 30; done &"
"Extract all IPv4 addresses from /var/log/nginx/access.log, count how many times each appears, and display the top 5 IPs","grep -oE '[0-9]{1,3}(\.[0-9]{1,3}){3}' /var/log/nginx/access.log | sort | uniq -c | sort -nr | head -n5"
"Create a compressed backup of MySQL database ""sales"" using mysqldump, encrypt it with GPG using recipient ""admin@example.com"", and store it in /backups with a timestamped filename",mysqldump -u root -p sales | gzip | gpg --encrypt --recipient admin@example.com -o /backups/sales_$(date +%F_%H%M).sql.gz.gpg
"Write a Bash function that accepts a directory path and prints a tree view of all subdirectories up to depth 3, ignoring hidden directories","tree_depth(){\n  local dir=$1\n  find ""$dir"" -mindepth 1 -maxdepth 3 -type d ! -path ""*/.*"" -printf ""%p\n"" | sed -e 's|[^/]*/|│   |g' -e 's|│   \([^│]*\)$|├── \1|' -e 's|│   $|└── |'\n}\n# Usage: tree_depth /path/to/dir"
"Find all processes consuming more than 500 MB RSS memory, kill them gracefully, and log PID, command, and timestamp to /var/log/large_mem_kill.log","ps -eo pid,comm,rss --no-headers | awk '$3>512000 {print $1,$2}' | while read pid cmd; do\n  kill -TERM $pid && echo ""$(date +%F_%T) Killed $pid ($cmd)"" >> /var/log/large_mem_kill.log\ndone"
"Download a large file from https://example.com/large.iso using curl, show a progress bar, and verify its SHA256 checksum against a known value stored in checksum.txt","url='https://example.com/large.iso'\nfile=$(basename $url)\ncurl -L -# -o $file $url\nexpected=$(cut -d' ' -f1 checksum.txt)\nactual=$(sha256sum $file | cut -d' ' -f1)\nif [ ""$expected"" = ""$actual"" ]; then echo ""Checksum OK""; else echo ""Checksum mismatch""; fi"
"Recursively replace all occurrences of the string ""fooBar"" with ""bazQux"" in .conf files under /etc, but create a backup of each file with extension .orig before modifying","find /etc -type f -name ""*.conf"" -print0 | xargs -0 -I{} sh -c '\
  cp ""{}"" ""{}.orig"" && sed -i ""s/fooBar/bazQux/g"" ""{}""'"
"Generate a CSV report of all users with UID >=1000, showing username, UID, GID, home directory, and default shell, sorted by UID","awk -F: 'BEGIN{OFS="",""; print ""USER,UID,GID,HOME,SHELL""} $3>=1000 {print $1,$3,$4,$6,$7}' /etc/passwd | sort -t, -k2,2n"
"Write a Bash one‑liner that continuously monitors /var/log/syslog for lines containing the word ""ERROR"", counts occurrences per minute, and prints the count each minute","tail -F /var/log/syslog | grep --line-buffered ERROR | \
  awk '{print int(substr($1,1,2)"":""substr($1,4,2))}' | \
  uniq -c | while read cnt minute; do echo ""$minute - $cnt errors""; done"
"Create a temporary RAM disk of 2 GB at /mnt/ramdisk, copy all .sql dump files from /var/backups into it, compress them in parallel (max 4 jobs), and then unmount the RAM disk","sudo mkdir -p /mnt/ramdisk && sudo mount -t tmpfs -o size=2G tmpfs /mnt/ramdisk\nfind /var/backups -type f -name ""*.sql"" -print0 | xargs -0 -P4 -I{} sh -c 'gzip -c ""{}"" > /mnt/ramdisk/$(basename ""{}"" ).gz'\nsudo umount /mnt/ramdisk && sudo rmdir /mnt/ramdisk"
"Write a Bash script that reads a CSV file users.csv (fields: name,email,role), creates a system user for each entry, sets a random password, adds them to a group based on role, and emails the credentials to the user (assume mail command works)","#!/usr/bin/env bash\nwhile IFS=, read -r name email role; do\n  username=$(echo ""$name"" | tr '[:upper:]' '[:lower:]' | tr -d ' ')\n  password=$(openssl rand -base64 12)\n  sudo useradd -m -s /bin/bash ""$username"" && echo ""$username:$password"" | sudo chpasswd\n  sudo groupadd -f ""$role"" && sudo usermod -aG ""$role"" ""$username""\n  echo -e ""Subject: Your account\n\nUsername: $username\nPassword: $password"" | mail -s ""Account Details"" ""$email""\ndone < users.csv"
"Find all ELF binaries under /opt that are not stripped, strip them in place, and log original file size and new size to /var/log/strip.log","find /opt -type f -executable -exec file {} \; | grep -i ""ELF"" | grep -v ""stripped"" | cut -d: -f1 | while read bin; do\n  orig=$(stat -c%s ""$bin"")\n  strip ""$bin"" && new=$(stat -c%s ""$bin"") && echo ""$(date +%F_%T) $bin $orig->$new"" >> /var/log/strip.log\ndone"
"Create a Bash function called rotate_logs that takes a log directory and a max count N, keeps the N most recent .log files (by modification time) and deletes older ones, printing each deletion","rotate_logs(){\n  dir=$1; max=$2;\n  ls -1t ""$dir""/*.log 2>/dev/null | tail -n +$((max+1)) | while read old; do\n    rm -f ""$old"" && echo ""Deleted $old"";\n  done\n}\n# Example: rotate_logs /var/log/myapp 7"
"Parse the output of ""df -h"", extract the mount point and available space for filesystems mounted under /dev/sd*, and output as JSON array objects {""mount"":""..."",""avail"":""...""}","df -h | awk 'NR>1 && $1 ~ /^\/dev\/sd/ {printf ""{\""mount\"":\""%s\"",\""avail\"":\""%s\""},\n"", $6, $4}' | sed '$ s/,$//' | awk 'BEGIN{print ""[""} {print} END{print ""]""}'"
"Write a one‑liner that watches for new USB storage devices (using udevadm monitor), automatically mounts them under /media/usb-<serial>, and logs the mount point to /var/log/usb_mount.log","udevadm monitor --udev --subsystem-match=block | \
  grep --line-buffered ""add"" | \
  while read -r _ _ _ DEV; do\n    devnode=$(echo $DEV | awk -F'=' '{print $2}')\n    serial=$(udevadm info -q property -n $devnode | grep ID_SERIAL= | cut -d= -f2)\n    mnt=/media/usb-${serial}\n    mkdir -p $mnt && mount $devnode $mnt && echo ""$(date) Mounted $devnode at $mnt"" >> /var/log/usb_mount.log\n  done"
"Find all Docker containers that have been stopped for more than 30 days and remove them, printing each container ID before removal","docker ps -a --filter ""status=exited"" --format ""{{.ID}} {{.CreatedAt}}"" | \
  while read id date; do\n    created=$(date -d ""$date"" +%s)\n    now=$(date +%s)\n    diff=$(( (now - created) / 86400 ))\n    if [ $diff -gt 30 ]; then\n      echo ""Removing $id (stopped $diff days ago)"" && docker rm $id\n    fi\n  done"
"Create a Bash function called `retry` that runs a given command up to 5 times with exponential back‑off (1s, 2s, 4s, 8s) until it succeeds, printing each attempt to stdout","retry(){ local cmd=""$*""; local delay=1; for i in {1..5}; do echo ""Attempt $i: $cmd""; eval $cmd && return 0; echo ""Failed, sleeping ${delay}s""; sleep $delay; delay=$((delay*2)); done; return 1; }"
"Monitor /var/log/auth.log for failed SSH login attempts, extract the IP addresses, count occurrences, and display the top 3 offending IPs sorted by frequency","grep ""Failed password"" /var/log/auth.log | awk -F'from ' '{print $2}' | awk '{print $1}' | sort | uniq -c | sort -nr | head -n 3"
"Recursively replace all occurrences of the string 'TODO' with 'DONE' in .py files under the current directory, but skip any directory named 'venv'","find . -type d -name venv -prune -o -type f -name ""*.py"" -print0 | xargs -0 sed -i 's/TODO/DONE/g'"
"Generate a JSON report of disk usage for each mounted filesystem, including mount point, total size, used, available, and usage percent, using df and jq","df -hP | tail -n +2 | awk '{print ""{\""mount\"": \""""$6""\"", \""size\"": \""""$2""\"", \""used\"": \""""$3""\"", \""avail\"": \""""$4""\"", \""use%\"": \""""$5""\""}""}' | paste -sd, - | sed 's/^/[/' -e 's/$/]/' | jq '.'"
"Find all processes consuming more than 200 MB of RSS memory, output their PID, user, command, and RSS in a table sorted by RSS descending","ps -eo pid,user,comm,rss --sort=-rss | awk 'NR==1 || $4>200000 {printf ""%6s %10s %30s %8.2f MB\n"", $1, $2, $3, $4/1024}'"
"Download a list of public GitHub repositories for a given organization (e.g., 'apache'), filter those with more than 5000 stars, and save their clone URLs to repos.txt","curl -s ""https://api.github.com/orgs/apache/repos?per_page=100"" | jq -r '.[] | select(.stargazers_count>5000) | .clone_url' > repos.txt"
"Create a temporary named pipe, write the output of `ls -R /etc` into it in the background, and simultaneously count the number of lines containing 'conf' using grep, then delete the pipe","tmpfifo=$(mktemp -u); mkfifo $tmpfifo; ls -R /etc > $tmpfifo & grep -c ""conf"" $tmpfifo; rm $tmpfifo"
"Write a one‑liner that extracts the 3rd field from CSV files in /data, removes duplicate entries, sorts them alphabetically, and writes the result to /tmp/unique_third.txt","awk -F',' 'NF>=3 {print $3}' /data/*.csv | sort -u > /tmp/unique_third.txt"
"Using find and xargs, compress all log files older than 30 days in /var/log into a single tar.gz archive named old_logs_$(date +%F).tar.gz, then delete the original files","find /var/log -type f -name ""*.log"" -mtime +30 -print0 | tar --null -czvf old_logs_$(date +%F).tar.gz --files-from=- && find /var/log -type f -name ""*.log"" -mtime +30 -delete"
"Create a Bash script that monitors CPU usage every 5 seconds, logs any reading above 80% to /var/log/high_cpu.log with a timestamp, and runs indefinitely","while :; do cpu=$(awk '/^cpu /{print 100-($5*100/$2)}' /proc/stat); if (( $(echo ""$cpu > 80"" | bc -l) )); then echo ""$(date +""%Y-%m-%d %H:%M:%S"") CPU $cpu%"" >> /var/log/high_cpu.log; fi; sleep 5; done"
"Find all symbolic links under /usr/local that point to non‑existent files, and output their paths",find /usr/local -type l ! -exec test -e {} \; -print
"Replace every occurrence of the IP address pattern 10.x.x.x in a configuration file config.cfg with 192.168.0.1, preserving the rest of the line","sed -i -E 's/10\.[0-9]{1,3}\.[0-9]{1,3}\.[0-9]{1,3}/192.168.0.1/g' config.cfg"
"List the top 10 largest files on the system, showing size in human readable format and full path, excluding directories mounted under /proc and /sys","find / -xdev -type f -printf ""%s %p\n"" 2>/dev/null | sort -nr | head -n 10 | numfmt --field=1 --to=iec-i --suffix=B"
"Create a Bash function `json_pretty` that reads a JSON string from stdin and pretty‑prints it using jq, handling invalid JSON with an error message","json_pretty(){ if jq . >/dev/null 2>&1; then jq .; else echo ""Error: Invalid JSON"" >&2; return 1; fi; }"
"Using awk, compute the average of the 5th column in a space‑separated file data.txt, ignoring lines where the 5th column is empty or non‑numeric","awk '{if($5+0==$5) sum+=$5; cnt++} END {if(cnt) printf ""Average: %.2f\n"", sum/cnt; else print ""No valid data""}' data.txt"
"Write a one‑liner that tails the last 100 lines of /var/log/syslog, filters for lines containing 'error' (case‑insensitive), highlights the word 'error' in red using ANSI codes, and writes to stdout",tail -n 100 /var/log/syslog | grep -i --color=always 'error'
"Create a Bash loop that iterates over all user accounts in /etc/passwd, and for each user with UID >=1000, creates a compressed archive of their home directory in /backups/users/<username>.tar.gz","while IFS=: read -r username _ uid _ _ homedir _; do if (( uid >= 1000 )); then tar -czf /backups/users/${username}.tar.gz -C ""$homedir"" .; fi; done < <(cut -d: -f1,3,6 /etc/passwd)"
"Find all Docker containers that have been exited for more than 24 hours and remove them, then prune unused images",docker ps -a --filter 'status=exited' --filter 'until=24h' -q | xargs -r docker rm && docker image prune -f
"Using perl, replace all occurrences of the word 'foo' with 'bar' only when it appears as a whole word (not part of another word) in all *.txt files in the current directory",perl -pi -e 's/\bfoo\b/bar/g' *.txt
"Generate a CSV report of all users with UID between 1000 and 1999, including username, UID, GID, home directory, and shell, sorted by UID","awk -F: '($3>=1000 && $3<=1999){print $1"",""$3"",""$4"",""$6"",""$7}' /etc/passwd | sort -t, -k2,2n > /tmp/user_report.csv"
Write a Bash one‑liner that prints the current Git branch name for each subdirectory that is a Git repository under ~/projects,"for d in ~/projects/*/.git; do [ -d ""$d"" ] && (cd ""${d%/.git}"" && echo ""$(pwd): $(git rev-parse --abbrev-ref HEAD)""); done"
"Create a temporary directory, copy all *.conf files from /etc into it preserving directory structure, create a tar.xz archive of the temporary directory, and clean up the temp directory","tmpdir=$(mktemp -d); cp --parents /etc/*.conf ""$tmpdir"" && tar -cJf conf_backup_$(date +%F).tar.xz -C ""$tmpdir"" . && rm -rf ""$tmpdir"""
"Using sed and a POSIX character class, delete all blank lines and lines that start with a hash (#) from a configuration file config.ini, writing the result to config_clean.ini",sed -E '/^[[:space:]]*($|#)/d' config.ini > config_clean.ini
"Write a Bash script that watches the /var/www/html directory for new .php files using inotifywait, and when a new file appears, runs php -l to lint it and logs the result to /var/log/php_lint.log with a timestamp","while inotifywait -e create --format ""%w%f"" /var/www/html | grep -E '\.php$'; do file=$(inotifywait -e create --format ""%w%f"" /var/www/html); php -l ""$file"" && echo ""$(date +""%Y-%m-%d %H:%M:%S"") Lint OK: $file"" >> /var/log/php_lint.log || echo ""$(date +""%Y-%m-%d %H:%M:%S"") Lint FAIL: $file"" >> /var/log/php_lint.log; done"
"Extract the usernames of all users who have logged in within the last 7 days from /var/log/wtmp using last, and output them as a sorted, unique list",last -f /var/log/wtmp | awk 'NR>2 {print $1}' | sort -u
"Create a Bash alias `gpush` that adds all changes, commits with a message passed as an argument, and pushes to the current branch, handling empty commit messages gracefully","alias gpush='f(){ git add -A && git commit -m ""${1:-Auto commit}"" && git push; }; f'"
"Using find and chmod, set the set‑uid bit on all executable files owned by root in /usr/local/bin, but only if they are not already set‑uid",find /usr/local/bin -type f -user root -perm /111 ! -perm /4000 -exec chmod u+s {} +
"Write a one‑liner that prints the total number of lines of code (excluding blank lines and comments) in all .sh files under src/, using wc, grep, and cat",cat src/**/*.sh 2>/dev/null | grep -vE '^[[:space:]]*(#|$)' | wc -l
"Using curl and jq, fetch the current weather for London from wttr.in in JSON format and display only the temperature in Celsius","curl -s ""https://wttr.in/London?format=j1"" | jq -r '.current_condition[0].temp_C'"
"Create a Bash function `parallel_exec` that takes a list of commands (as arguments) and runs up to 4 of them concurrently, waiting for all to finish before returning","parallel_exec(){ local max=4; local pids=(); for cmd in ""$@""; do eval ""$cmd"" & pids+=(\$!); if (( \${#pids[@]} >= max )); then wait -n; pids=(\${pids[@]/\$!}); fi; done; wait; }"
Find all files in /var/www that have not been accessed in the last 180 days and move them to /archive/old_www preserving the directory hierarchy,"cd /var/www && find . -type f -atime +180 -exec sh -c 'mkdir -p ""/archive/old_www/$(dirname ""$1"")"" && mv ""$1"" ""/archive/old_www/$1""' _ {} \;"
"Using awk, parse the output of `ps aux` to list the top 5 processes by memory usage, showing PID, USER, %MEM, and COMMAND","ps aux | awk 'NR>1 {print $2, $1, $4, $11}' | sort -k3 -nr | head -n 5"
"Write a Bash one‑liner that backs up a MySQL database named 'sales' to a gzip‑compressed file named sales_$(date +%F).sql.gz, using credentials stored in ~/.my.cnf",mysqldump sales | gzip > sales_$(date +%F).sql.gz
"Using grep -P, extract all IPv6 addresses from a log file /var/log/network.log and write them to /tmp/ipv6.txt","grep -Po '(?:[0-9a-fA-F]{1,4}:){7}[0-9a-fA-F]{1,4}' /var/log/network.log > /tmp/ipv6.txt"
"Create a Bash script that checks if a given service (passed as argument) is active; if not, attempts to start it and logs the outcome to /var/log/service_monitor.log with timestamps","#!/usr/bin/env bash
service_name=""$1""
if systemctl is-active --quiet ""$service_name""; then
  echo ""$(date +""%Y-%m-%d %H:%M:%S"") $service_name already running"" >> /var/log/service_monitor.log
else
  if systemctl start ""$service_name""; then
    echo ""$(date +""%Y-%m-%d %H:%M:%S"") Started $service_name"" >> /var/log/service_monitor.log
  else
    echo ""$(date +""%Y-%m-%d %H:%M:%S"") Failed to start $service_name"" >> /var/log/service_monitor.log
  fi
fi"
"Using find, locate all empty regular files under /tmp and delete them, then report the number of files removed","count=$(find /tmp -type f -empty -print -delete | wc -l); echo ""Removed $count empty files"""
"Write a Bash one‑liner that prints the 5 most common file extensions in the user's home directory, along with their counts",find ~ -type f -name '*.*' | rev | cut -d. -f1 | rev | sort | uniq -c | sort -nr | head -n 5
"Create a function `json_merge` that takes two JSON files and merges them into a single JSON object using jq, with the second file's keys overriding the first's on conflict","json_merge(){ jq -s '.[0] * .[1]' ""$1"" ""$2""; }"
"Using rsync, synchronize /srv/data to a remote host backup.example.com:/backups/data preserving permissions, compressing data during transfer, and deleting extraneous files on the remote side",rsync -az --delete /srv/data/ backup.example.com:/backups/data/
"Create a Bash function that takes a directory path and prints the top 5 largest files recursively, showing size in human‑readable format and sorting them descending.","#!/usr/bin/env bash
largest_files(){
  local dir=""${1:-.}""
  find ""$dir"" -type f -printf ""%s %p\n"" |\
    sort -rn |\
    head -n 5 |\
    awk '{printf ""%s\t%s\n"", $1/1024/1024 ""MiB"", $2}'
}
# Usage: largest_files /path/to/dir"
"Parse an Apache access log to list the top 10 IP addresses that generated 5xx responses, along with the count of such errors per IP.","#!/usr/bin/env bash
awk '$9 ~ /^5/ {print $1}' /var/log/apache2/access.log |\
  sort | uniq -c | sort -rn | head -n 10"
"Monitor a directory for newly created .csv files, and for each new file, extract columns 2 and 5, convert them to JSON objects, and POST them to a REST endpoint using curl.","#!/usr/bin/env bash
inotifywait -m -e create --format ""%w%f"" /data/incoming |\
  while read -r file; do
    [[ ""$file"" == *.csv ]] || continue
    tail -n +2 ""$file"" |\
      awk -F',' '{printf ""{\""col2\"": \""%s\"", \""col5\"": \""%s\""}\n"", $2, $5}' |\
      curl -s -X POST -H ""Content-Type: application/json"" -d @- https://api.example.com/ingest
  done"
"Find all symbolic links under /usr/local that are broken, and replace each with a copy of the target file if it exists elsewhere, otherwise delete the link.","#!/usr/bin/env bash
find /usr/local -xtype l -print0 |\
  while IFS= read -r -d '' link; do
    target=$(readlink ""$link"")
    if [[ -e ""$target"" ]]; then
      cp -a ""$target"" ""${link%/*}/""
    else
      rm ""$link""
    fi
  done"
"Create a one‑liner that lists all Docker containers that have been running for more than 30 days, showing container ID, name, and uptime in days.","docker ps --format ""{{.ID}} {{.Names}} {{.RunningFor}}"" |\
  awk '{if ($3 ~ /days/ && $3+0 > 30) print $1, $2, $3}'"
"Write a Bash script that reads a JSON file containing an array of URLs, downloads each URL concurrently (max 5 at a time), and saves them to /tmp/downloads with filenames derived from the URL path.","#!/usr/bin/env bash
mkdir -p /tmp/downloads
urls=$(jq -r '.[]' urls.json)

echo ""$urls"" | xargs -n 1 -P 5 -I {} bash -c '
  url=""{}""
  filename=$(basename ""${url%%\?*}"")
  curl -s -L ""$url"" -o ""/tmp/downloads/$filename""
'"
"Extract all JSON objects from a mixed‑format log file (each line may be plain text or a JSON object), pretty‑print them with jq, and write to a separate file.","#!/usr/bin/env bash
grep -o '{.*}' mixed.log |\
  jq . > extracted_pretty.json"
"Using only Bash built‑ins and find, locate all empty regular files older than 90 days in /home, and delete them after prompting the user for confirmation per file.","#!/usr/bin/env bash
find /home -type f -empty -mtime +90 -print0 |\
  while IFS= read -r -d '' file; do
    read -p ""Delete empty file $file? [y/N] "" ans
    [[ ""$ans"" == [Yy]* ]] && rm -f ""$file""
  done"
"Generate a tar archive of /etc, but exclude any files larger than 5 MiB, and store the list of excluded files in a separate log file.","#!/usr/bin/env bash
excluded=$(mktemp)
find /etc -type f -size +5M -print0 |\
  while IFS= read -r -d '' f; do echo ""$f"" >> ""$excluded""; done

tar --exclude-from=""$excluded"" -czf /tmp/etc_archive_$(date +%Y%m%d).tar.gz /etc"
"Write a Bash one‑liner that shows the 5 most memory‑intensive processes owned by the current user, displaying PID, command, and RSS in MB.","ps -u ""$USER"" -o pid,comm,rss --no-headers |\
  sort -k3 -nr | head -n 5 |\
  awk '{printf ""%s\t%s\t%.2fMiB\n"", $1, $2, $3/1024}'"
"Create a function that accepts a Git commit hash, checks out that commit in a detached HEAD, runs a test suite via make test, captures the result, and returns to the original branch regardless of success or failure.","#!/usr/bin/env bash
git_test_at(){
  local commit=""$1""
  local current_branch=$(git rev-parse --abbrev-ref HEAD)
  git checkout --detach ""$commit"" && \
    make test; local status=$?
  git checkout ""$current_branch""
  return $status
}
# Usage: git_test_at <commit-hash>"
"Find all JPEG images under /var/www, resize them to a maximum width of 1024px preserving aspect ratio using ImageMagick, and overwrite the originals only if the new file is smaller.","#!/usr/bin/env bash
find /var/www -type f \( -iname ""*.jpg"" -o -iname ""*.jpeg"" \) -print0 |\
  while IFS= read -r -d '' img; do
    tmp=$(mktemp --suffix=.jpg)
    convert ""$img"" -resize 1024x ""$tmp""
    if [[ $(stat -c%s ""$tmp"") -lt $(stat -c%s ""$img"") ]]; then
      mv ""$tmp"" ""$img""
    else
      rm ""$tmp""
    fi
  done"
"Write a Bash script that monitors CPU usage every 5 seconds, logs timestamps where usage exceeds 80% into /var/log/high_cpu.log, and sends an email alert after 3 consecutive high‑usage readings.","#!/usr/bin/env bash
consec=0
while true; do
  usage=$(mpstat 1 1 | awk '/Average/ {print 100 - $NF}')
  ts=$(date '+%Y-%m-%d %H:%M:%S')
  if (( $(echo ""$usage > 80"" | bc -l) )); then
    echo ""$ts CPU $usage%"" >> /var/log/high_cpu.log
    ((consec++))
    if ((consec>=3)); then
      mail -s ""High CPU Alert"" admin@example.com <<EOF
CPU usage exceeded 80% for 3 consecutive checks.
Last reading: $ts ($usage%)
EOF
      consec=0
    fi
  else
    consec=0
  fi
  sleep 5
done"
"Using awk and sed, transform a CSV file with headers (name,age,city) into a JSON array of objects, each object on a separate line.","#!/usr/bin/env bash
awk -F',' 'NR==1{for(i=1;i<=NF;i++)h[i]=$i;next}{printf ""{""; for(i=1;i<=NF;i++){printf ""\""%s\"": \""%s\"""", h[i], $i; if(i<NF)printf "", ""} printf ""},\n""}' input.csv |\
  sed '$ s/,$//' > output.json"
"Create a one‑liner that lists all files in /opt/data larger than 100 MiB, computes their SHA256 checksum, and writes ""checksum  filename"" to checksums.txt.",find /opt/data -type f -size +100M -exec sha256sum {} + > checksums.txt
"Write a Bash function that takes a process name pattern, finds the oldest matching process, and sends it a SIGTERM, then waits up to 10 seconds for it to exit before sending SIGKILL.","#!/usr/bin/env bash
terminate_oldest(){
  local pattern=""$1""
  pid=$(ps -eo pid,etime,comm --no-headers |\
        awk -v pat=""$pattern"" '$3 ~ pat {print $1,$2}' |\
        sort -k2 | head -n1 | cut -d' ' -f1)
  [[ -z $pid ]] && return 1
  kill -TERM ""$pid""
  for i in {1..10}; do
    kill -0 ""$pid"" 2>/dev/null || break
    sleep 1
done
  kill -0 ""$pid"" 2>/dev/null && kill -KILL ""$pid""
}
# Usage: terminate_oldest ""myservice"""
"Parse the system journal for entries from the last hour with priority err or higher, extract the MESSAGE field, and write unique messages to err_messages.txt.","#!/usr/bin/env bash
journalctl -p err..alert --since ""1 hour ago"" -o json |\
  jq -r '.MESSAGE' | sort -u > err_messages.txt"
"Create a Bash script that backs up a MySQL database, compresses the dump with pigz, encrypts it with GPG, and uploads to an FTP server using curl.","#!/usr/bin/env bash
DB=""mydb""
USER=""dbuser""
PASS=""dbpass""
DATE=$(date +%Y%m%d)
mysqldump -u ""$USER"" -p""$PASS"" ""$DB"" |\
  pigz |\
  gpg --symmetric --cipher-algo AES256 -o ""${DB}_$DATE.sql.gz.gpg""
curl -T ""${DB}_$DATE.sql.gz.gpg"" ftp://ftp.example.com/backups/ --user ""ftpuser:ftppass"""
"Write a one‑liner that finds all Python files in a repo, counts total lines of code excluding blank lines and comments, and prints the count.","find . -type f -name ""*.py"" -exec cat {} + |\
  grep -vE '^(\s*$|\s*#)' | wc -l"
"Create a Bash function that monitors a given log file for the appearance of the string ""FATAL"", and when detected, extracts the surrounding 5 lines before and after, then sends them via email.","#!/usr/bin/env bash
watch_fatal(){
  local logfile=""$1""
  tail -F ""$logfile"" |\
    grep --line-buffered -C5 ""FATAL"" |\
    while IFS= read -r line; do
      echo ""$line"" >> /tmp/fatal_context.txt
    done &
  # Background monitor; send email when file grows
  inotifywait -m -e modify ""$logfile"" --format ""%w%f"" |\
    while read -r _; do
      if grep -q ""FATAL"" /tmp/fatal_context.txt; then
        mail -s ""Fatal detected"" admin@example.com < /tmp/fatal_context.txt
        > /tmp/fatal_context.txt
      fi
    done
}
# Usage: watch_fatal /var/log/app.log"
"Using only Bash and coreutils, generate a report of disk usage per user on /home, sorted descending, showing size in GiB with two decimal places.","#!/usr/bin/env bash
du -sh /home/* 2>/dev/null |\
  awk '{printf ""%s\t%.2fGiB\n"", $2, $1/1024}' |\
  sort -k2 -hr"
"Create a Bash one‑liner that lists all systemd services that failed to start in the last boot, showing service name and the timestamp of the failure.",systemctl --failed --no-legend | awk '{print $1}' | xargs -I{} systemctl show -p ExecMainStartTimestamp {} | grep -E 'ExecMainStartTimestamp=' | sed 's/ExecMainStartTimestamp=//' | paste <(systemctl --failed --no-legend | awk '{print $1}') -
"Write a Bash script that watches a directory for new .tar.gz archives, verifies their integrity with tar -tzf, and moves valid archives to /var/archives/validated while moving corrupt ones to /var/archives/corrupt.","#!/usr/bin/env bash
inotifywait -m -e close_write --format ""%w%f"" /incoming |\
  while read -r file; do
    [[ ""$file"" == *.tar.gz ]] || continue
    if tar -tzf ""$file"" &>/dev/null; then
      mv ""$file"" /var/archives/validated/
    else
      mv ""$file"" /var/archives/corrupt/
    fi
  done"
"Using jq, extract all unique values of the field ""user.id"" from a large JSON lines file (one JSON object per line) and write them sorted to user_ids.txt.","jq -r '.""user""?.""id""' bigdata.jsonl | sort -u > user_ids.txt"
"Search all JSON files in /etc for entries where the key ""enabled"" is true, extract the corresponding ""service"" name, and write a unique sorted list to /tmp/enabled_services.txt.","find /etc -type f -name ""*.json"" -print0 | xargs -0 -r jq -r 'to_entries[] | select(.value.enabled==true) | .key' | sort -u > /tmp/enabled_services.txt"
"Create a tarball of all .conf files that contain the word ""PasswordAuthentication"" (case‑insensitive) in /etc/ssh, preserving directory structure, and compress with xz, naming the archive with the current date.","tar -cJf ""ssh_conf_$(date +%F).tar.xz"" $(grep -ril ""PasswordAuthentication"" /etc/ssh --include='*.conf')"
"Monitor /var/log/syslog in real time, filter lines that contain either ERROR or CRITICAL, prepend a timestamp in UTC, and write them to /var/log/critical_errors.log without buffering.","stdbuf -oL tail -F /var/log/syslog | grep -Ei ""ERROR|CRITICAL"" | while IFS= read -r line; do printf ""%s %s\n"" ""$(date -u +'%Y-%m-%dT%H:%M:%SZ')"" ""$line""; done >> /var/log/critical_errors.log"
"Write a Bash function called rotate_logs that compresses all *.log files in a given directory older than 14 days, appends a .gz suffix, and removes logs larger than 100 MiB after compression.","rotate_logs() {
  local dir=""$1""
  find ""$dir"" -type f -name ""*.log"" -mtime +14 -exec gzip -9 {} \; -exec rm -f {} \;
  find ""$dir"" -type f -name ""*.log.gz"" -size +100M -delete
}
# Usage: rotate_logs /var/log"
"Using curl, download a JSON API from https://api.example.com/data, extract the field ""metrics.cpu"" from each element in the array, calculate the average, and print it with two decimal places.","curl -s https://api.example.com/data | jq -r '.[].metrics.cpu' | awk '{sum+=$1; cnt+=1} END {if(cnt) printf ""%.2f\n"", sum/cnt}'"
"Find all files under /home that are larger than 1 GiB, have not been accessed in the last 180 days, and change their permissions to 600, logging each change to /var/log/old_big_files.log.","find /home -type f -size +1G -atime +180 -print0 | while IFS= read -r -d '' file; do chmod 600 ""$file"" && echo ""$(date +%F) chmod 600 $file"" >> /var/log/old_big_files.log; done"
"Write a one‑liner that lists all processes consuming more than 5 % CPU for longer than 10 minutes, showing PID, user, CPU%, and command, sorted by CPU% descending.","ps -eo pid,user,pcpu,etime,comm --no-headers | awk '$3>5 && $4~/:([1-9][0-9]*):[0-5][0-9]/ {print}' | sort -k3 -nr"
"Create a temporary directory, copy all .sh scripts from /usr/local/bin that contain the word ""backup"" (case‑insensitive) into it, then create a zip archive named backup_scripts_$(date +%s).zip and remove the temporary directory.","tmpdir=$(mktemp -d) && grep -ril ""backup"" /usr/local/bin --include='*.sh' | xargs -I{} cp {} ""$tmpdir"" && zip -j ""backup_scripts_$(date +%s).zip"" ""$tmpdir""/* && rm -rf ""$tmpdir"""
"Using awk, parse /var/log/auth.log to count failed SSH login attempts per source IP, and output the top 3 IPs with counts.","awk '/Failed password/ {for(i=1;i<=NF;i++) if($i==""from"") print $(i+1)}' /var/log/auth.log | sort | uniq -c | sort -nr | head -3"
"Write a Bash script that watches a directory (/opt/incoming) for new .csv files, validates that each has exactly 5 columns, moves valid files to /opt/processed, and logs invalid ones to /var/log/invalid_csv.log.","#!/usr/bin/env bash
in_dir=""/opt/incoming""
proc_dir=""/opt/processed""
log_file=""/var/log/invalid_csv.log""
while true; do
  inotifywait -e close_write,moved_to ""$in_dir"" --format ""%f"" | while read file; do
    if [[ ""$file"" == *.csv ]]; then
      if awk -F',' 'NF!=5{exit 1}' ""$in_dir/$file""; then
        mv ""$in_dir/$file"" ""$proc_dir/""
      else
        echo ""$(date +%F_%T) Invalid: $file"" >> ""$log_file""
      fi
    fi
  done
done"
"Generate a report of disk usage per user on the system, sorted descending, showing user name and total used space in GiB, and write it to /tmp/disk_usage_report.txt.","du -sh /home/* 2>/dev/null | awk -F'/' '{print $NF}' | while read user; do size=$(du -sb /home/$user 2>/dev/null | cut -f1); echo -e ""$(printf ""%.2f"" $(echo ""$size/1024/1024/1024""|bc -l))\t$user""; done | sort -nr > /tmp/disk_usage_report.txt"
"Find all symbolic links in /usr/lib that point to missing files, and delete those broken links, logging each deletion to /var/log/broken_symlinks.log.","find /usr/lib -xtype l -print0 | while IFS= read -r -d '' link; do rm -v ""$link"" >> /var/log/broken_symlinks.log; done"
"Using sed, replace all occurrences of the IP address 10.0.0.1 with 192.168.1.100 in every .conf file under /etc/nginx, creating a backup with .bak extension.","find /etc/nginx -type f -name ""*.conf"" -exec sed -i.bak 's/10\.0\.0\.1/192.168.1.100/g' {} +"
"Write a command that extracts the timestamps of all entries in /var/log/kern.log that contain the word ""panic"", converts them to epoch seconds, and outputs the earliest and latest panic times.","awk '/panic/ {print $1"" ""$2"" ""$3}' /var/log/kern.log | while read mon day time; do date -d ""$mon $day $time"" +%s; done | sort -n | awk 'NR==1{print ""Earliest:"", $0} END{print ""Latest:"", $0}'"
"Create a Bash one‑liner that prints the total number of lines across all .py files in the current git repository, excluding lines that are only comments or whitespace.","git ls-files ""*.py"" | xargs cat | grep -vE '^\s*(#|$)' | wc -l"
"Using find and xargs, locate all executable files under /opt/tools that are larger than 10 MiB, calculate their SHA256 checksums, and write the results to checksums.txt sorted alphabetically by filename.",find /opt/tools -type f -executable -size +10M -print0 | xargs -0 sha256sum | sort -k2 > checksums.txt
"Write a Bash function monitor_port that takes a port number, checks every 5 seconds if the port is listening, logs a timestamped message to /var/log/port_monitor.log when the state changes (up/down).","monitor_port() {
  local port=$1 prev=""""
  while true; do
    if ss -ltn ""sport = :$port"" >/dev/null; then cur=""up""; else cur=""down""; fi
    if [[ ""$cur"" != ""$prev"" ]]; then
      echo ""$(date +%F_%T) Port $port is $cur"" >> /var/log/port_monitor.log
      prev=$cur
    fi
    sleep 5
done
}"
"Extract the usernames of all users who have sudo privileges from /etc/sudoers and any files in /etc/sudoers.d, ignoring comments and including group members, and output a sorted unique list.",grep -hE '^[^#]*%|^[^#]*[^%]' /etc/sudoers /etc/sudoers.d/* 2>/dev/null | sed -E 's/^[^#]*%?([^[:space:]]+).*/\1/' | sort -u
"Using awk and paste, merge the first column of /etc/passwd with the corresponding home directory size (in MiB) for each user, and display only users whose home directory exceeds 1 GiB.","awk -F: '{print $1"":""$6}' /etc/passwd | while IFS= read -r line; do user=${line%%:*}; home=${line#*:}; if [[ -d ""$home"" ]]; then size=$(du -sm ""$home"" 2>/dev/null | cut -f1); if (( size > 1024 )); then echo -e ""$user\t${size}MiB""; fi; fi; done"
"Write a pipeline that reads a list of URLs from urls.txt, fetches each with curl (max 5 seconds timeout), extracts the HTTP status code, and writes a CSV file url,status_code to results.csv.","while IFS= read -r url; do code=$(curl -o /dev/null -s -w ""%{http_code}"" --max-time 5 ""$url""); echo ""$url,$code""; done < urls.txt > results.csv"
"Create a Bash script that backs up MySQL databases listed in /etc/db_list.conf (one per line), compresses each dump with gzip, and stores them in /backup/mysql with filenames dbname_YYYYMMDD.sql.gz.","#!/usr/bin/env bash
while IFS= read -r db; do
  mysqldump ""$db"" | gzip > ""/backup/mysql/${db}_$(date +%Y%m%d).sql.gz""
done < /etc/db_list.conf"
"Find all Docker containers that have been stopped for more than 48 hours and remove them, logging container IDs and names to /var/log/docker_cleanup.log.","docker ps -a --filter ""status=exited"" --format ""{{.ID}} {{.Names}} {{.RunningFor}}"" | while read id name time; do
  if [[ ""$time"" =~ ([0-9]+)\ days ]]; then
    days=${BASH_REMATCH[1]}
    if (( days > 2 )); then
      docker rm ""$id"" && echo ""$(date +%F_%T) Removed $id $name"" >> /var/log/docker_cleanup.log
    fi
  fi
done"
"Using perl, replace every occurrence of a MAC address in the format xx:xx:xx:xx:xx:xx in /var/log/syslog with the string <MAC_REDACTED>.",perl -pi -e 's/([0-9A-Fa-f]{2}:){5}[0-9A-Fa-f]{2}/<MAC_REDACTED>/g' /var/log/syslog
"Write a command that lists all users who have logged in via SSH in the last 24 hours, using /var/log/auth.log, and prints them sorted alphabetically without duplicates.","awk '/sshd.*Accepted/ && $1>=""$(date -d ""1 day ago"" +%b)"" {for(i=1;i<=NF;i++) if($i==""for"") print $(i+1)}' /var/log/auth.log | sort -u"
"Create a Bash one‑liner that prints the total number of lines of code (excluding blanks and comments) for all .js files under src/, using grep and wc.","grep -rho ""^[[:space:]]*[^/][^[:space:]]*"" src/*.js | wc -l"
"Using find, locate all log files older than 90 days in /var/log, archive them into /archive/old_logs_$(date +%F).tar.gz preserving directory hierarchy, and then delete the original files.","old_dir=""/var/log""
archive=""/archive/old_logs_$(date +%F).tar.gz""
find ""$old_dir"" -type f -name ""*.log"" -mtime +90 -print0 | tar --null -czf ""$archive"" --files-from - && xargs -0 rm -f < <(find ""$old_dir"" -type f -name ""*.log"" -mtime +90)"
"Write a Bash function that takes a directory path and prints a tree view of its subdirectories up to depth 3, showing the total size of each subdirectory in MiB.","dir_tree() {
  local base=""$1""
  find ""$base"" -mindepth 1 -maxdepth 3 -type d -exec du -sm {} + | sort -hr
}"
"Using jq, extract all unique values of the field ""error.code"" from a JSON array stored in errors.json, and write them sorted numerically to error_codes.txt.",jq -r '.[].error.code' errors.json | sort -nu > error_codes.txt
"Create a pipeline that reads systemd journal entries for the last hour, filters for messages containing ""OOM"", extracts the unit name, and counts occurrences per unit.","journalctl --since ""1 hour ago"" -o short-iso | grep OOM | awk -F'\[|\]' '{print $2}' | sort | uniq -c"
"Write a Bash script that monitors /proc/meminfo every 10 seconds, logs the available memory (MemAvailable) to /var/log/mem_monitor.log with a timestamp, and alerts (via logger) if it drops below 200 MiB.","#!/usr/bin/env bash
while true; do
  avail=$(grep MemAvailable /proc/meminfo | awk '{print $2}')
  echo ""$(date +%F_%T) $avail kB"" >> /var/log/mem_monitor.log
  if (( avail < 200*1024 )); then logger ""Low memory: ${avail}kB""; fi
  sleep 10
done"
"Using find and chmod, locate all directories under /srv that are not group‑writable and add group write permission, logging changed paths to /var/log/dir_perm_fix.log.","find /srv -type d ! -perm -g=w -print0 | while IFS= read -r -d '' d; do chmod g+w ""$d"" && echo ""$(date +%F_%T) chmod g+w $d"" >> /var/log/dir_perm_fix.log; done"
"Write a one‑liner that prints the top 10 most frequently used commands from the current user's Bash history, excluding timestamps and duplicate consecutive entries.",history | awk '{if($2!=$prev){print $2; prev=$2}}' | sort | uniq -c | sort -nr | head -10
"Create a Bash function that takes a git branch name, checks out the branch, rebases it onto origin/main, runs the test suite (make test), and if successful, pushes the branch; otherwise, aborts and returns to the previous branch.","git_rebase_and_push() {
  local branch=$1 prev=$(git rev-parse --abbrev-ref HEAD)
  git checkout ""$branch"" && git fetch origin && git rebase origin/main && make test && git push origin ""$branch"" || { git rebase --abort; git checkout ""$prev""; }
}"
"Using awk, parse /etc/fstab and print a list of mount points that have the ""noexec"" option set, one per line.",awk '$4 ~ /noexec/ {print $2}' /etc/fstab
"Extract the JSON field ""error"" from all lines in /var/log/app.log, count unique error messages, and output the top 5 most frequent ones sorted by count.","grep ""\""error\"""" /var/log/app.log | jq -r "".error"" | sort | uniq -c | sort -rn | head -5"
Write a Bash function called rotate_logs that rotates logs in /var/log/myapp/ by keeping the last 7 compressed archives and deleting older ones. The function should be safe to run concurrently.,"rotate_logs() {
  local log_dir=""/var/log/myapp""
  local base=""myapp.log""
  local timestamp=$(date +%Y%m%d%H%M%S)
  local lockfile=""/tmp/rotate_logs.lock""
  exec 200>""$lockfile""
  flock -n 200 || { echo ""Another instance is running"" >&2; return 1; }
  gzip -c ""$log_dir/$base"" > ""$log_dir/${base}.$timestamp.gz"" && :> ""$log_dir/$base""
  ls -1t ""$log_dir/${base}"".*.gz | tail -n +8 | xargs -r rm -f
}
# Usage: rotate_logs"
"Monitor CPU usage every 5 seconds for 1 minute, calculate the average idle percentage, and display it with two decimal places.","awk 'BEGIN{sum=0;cnt=0} {sum+=$5;cnt++} END{if(cnt) printf ""Average idle: %.2f%%\n"", sum/cnt}' <(top -b -d 5 -n 12 | grep '^%Cpu' | awk -F',' '{for(i=1;i<=NF;i++) if($i~/id/) print $i}' | sed 's/[^0-9.]//g')"
"Find all regular files larger than 100M in /data, compute their SHA256 checksums in parallel using 4 processes, and write the results to checksums.txt sorted by filename.",find /data -type f -size +100M -print0 | xargs -0 -n1 -P4 sha256sum | sort -k2 > checksums.txt
"Create a one-liner that replaces all occurrences of the word ""ERROR"" with ""WARN"" in every .conf file under /etc/myapp, but only if the file contains the string ""debug=true"". Preserve original timestamps.","find /etc/myapp -type f -name ""*.conf"" -exec grep -l ""debug=true"" {} \; -exec sed -i 's/ERROR/WARN/g' {} \; -exec touch -r {} {} \;"
"Write a Bash script that reads a list of URLs from urls.txt, downloads each with curl (retry up to 3 times on failure), saves them to /tmp/downloads preserving original filenames, and logs successes and failures to download.log.","#!/usr/bin/env bash
while IFS= read -r url; do
  filename=$(basename ""$url"")
  dest=""/tmp/downloads/$filename""
  if curl -f --retry 3 -L -o ""$dest"" ""$url""; then
    echo ""$(date +'%F %T') SUCCESS $url"" >> download.log
  else
    echo ""$(date +'%F %T') FAILURE $url"" >> download.log
  fi
done < urls.txt"
"Generate a command that lists all Docker containers that have been stopped for more than 24 hours, and removes them after confirming with the user.","docker ps -a --filter ""status=exited"" --format ""{{.ID}} {{.CreatedAt}}"" | while read id date; do
  if [[ $(date -d ""$date"" +%s) -lt $(date -d ""24 hours ago"" +%s) ]]; then
    echo ""Container $id stopped at $date""
    read -p ""Delete this container? [y/N] "" ans
    [[ $ans == [Yy]* ]] && docker rm ""$id""
  fi
done"
"Using awk, process /var/log/auth.log to extract failed SSH login attempts, showing the timestamp, source IP, and username, then count attempts per IP and display the top 3 IPs.","awk '/Failed password for/ {print $1"" ""$2"" ""$3, $11, $9}' /var/log/auth.log | sort | uniq -c | sort -rn | head -3"
"Write a Bash one-liner that finds all symbolic links under /opt that point to non-existent targets and deletes them, printing each deleted link.",find /opt -type l ! -exec test -e {} \; -print -delete
"Create a pipeline that reads a CSV file users.csv, filters rows where the age column (3rd column) is greater than 30, converts the usernames (1st column) to uppercase, and writes the result to filtered_users.csv.","awk -F',' '$3>30 { $1=toupper($1); print }' OFS=',' users.csv > filtered_users.csv"
"Construct a Bash function that monitors a directory for new files using inotifywait, and when a new file appears, computes its MD5 hash and appends the filename and hash to hashes.log.","monitor_dir() {
  local dir=""$1""
  inotifywait -m -e create --format ""%f"" ""$dir"" | while read file; do
    md5=$(md5sum ""$dir/$file"" | awk '{print $1}')
    echo ""$file $md5"" >> hashes.log
  done
}
# Usage: monitor_dir /path/to/watch"
"Write a command that extracts all IPv4 addresses from the output of ifconfig, removes duplicates, sorts them, and writes them to ips.txt.","ifconfig | grep -oE 'inet (addr:)?([0-9]{1,3}\.){3}[0-9]{1,3}' | grep -oE '([0-9]{1,3}\.){3}[0-9]{1,3}' | sort -u > ips.txt"
"Using sed, replace the version number in a file version.txt that matches the pattern vMAJOR.MINOR.PATCH (e.g., v2.3.4) with v$(date +%Y.%m.%d). Ensure only the first occurrence is changed.","sed -i '0,/v[0-9]\+\.[0-9]\+\.[0-9]\+/s//v$(date +%Y.%m.%d)/' version.txt"
"Create a Bash script that backs up a MySQL database named prod_db to /backups with a filename containing the current timestamp, compresses it with gzip, and logs the operation to backup.log.","#!/usr/bin/env bash
TS=$(date +%Y%m%d%H%M%S)
FILE=""/backups/prod_db_$TS.sql""
mysqldump prod_db > ""$FILE"" && gzip ""$FILE""
if [[ $? -eq 0 ]]; then
  echo ""$(date +'%F %T') SUCCESS backup of prod_db to $FILE.gz"" >> backup.log
else
  echo ""$(date +'%F %T') FAILURE backup of prod_db"" >> backup.log
fi"
"Write a one-liner that lists the top 10 processes consuming the most memory, displaying PID, command name, and memory usage percentage.","ps -eo pid,comm,%mem --sort=-%mem | head -n 11 | tail -n 10"
"Using find and xargs, locate all .tmp files older than 7 days in /tmp, compress each into a .tar.gz archive with the same base name, and delete the original .tmp file after successful compression.","find /tmp -type f -name ""*.tmp"" -mtime +7 -print0 | while IFS= read -r -d '' file; do
  base=$(basename ""$file"" .tmp)
  tar -czf ""/tmp/${base}.tar.gz"" -C ""$(dirname ""$file"")"" ""$(basename ""$file"")"" && rm -f ""$file""
 done"
"Construct a pipeline that reads JSON lines from logs.jsonl, filters entries where ""level"" is ""error"", extracts the ""timestamp"" and ""message"" fields, and writes them as CSV to errors.csv.","jq -r 'select(.level==""error"") | [.timestamp, .message] | @csv' logs.jsonl > errors.csv"
"Write a Bash loop that pings a list of hosts from hosts.txt, records the average latency for each reachable host, and outputs a sorted list (lowest latency first).","while read host; do
  if ping -c 4 -q ""$host"" > /dev/null 2>&1; then
    avg=$(ping -c 4 ""$host"" | tail -1| awk -F '/' '{print $5}')
    echo ""$host $avg""
  fi
done < hosts.txt | sort -k2n"
"Create a command that extracts all function definitions from a Bash script myscript.sh, including their names and line numbers, and outputs them in the format: line_number:function_name",grep -n '^\s*\(function\s\+\)?[a-zA-Z_][a-zA-Z0-9_]*\s*\(\)\s*{' myscript.sh | sed -E 's/^([0-9]+):\s*(function\s+)?([a-zA-Z_][a-zA-Z0-9_]*)\s*\(\).*/\1:\3/'
"Write a Bash one-liner that lists all mounted filesystems, shows their mount point, total size, used space, and usage percentage, and highlights (with a leading !!!) any that are over 80% full.","df -hP | awk 'NR>1 {print $6, $2, $3, $5} $5+0>80 {print ""!!!"" $0}'"
"Using perl, replace every occurrence of a date in MM/DD/YYYY format in file report.txt with ISO format YYYY-MM-DD, preserving the rest of the line.",perl -pe 's/(\b)([0-9]{2})\/([0-9]{2})\/([0-9]{4})(\b)/$1$4-$3-$2$5/g' -i report.txt
"Construct a Bash function that takes a directory path and a file extension, finds the N largest files with that extension, and prints their sizes and paths sorted descending. N defaults to 5.","largest_files() {
  local dir=""${1:-.}"" ext=""${2:-*}"" n=""${3:-5}""
  find ""$dir"" -type f -name ""*.$ext"" -printf ""%s %p\n"" | sort -rn | head -n ""$n""
}
# Example: largest_files /var/log log 10"
"Write a pipeline that reads systemd journal entries for the last hour, filters for entries with priority ""err"" or higher, extracts the unit name and message, and counts occurrences per unit.","journalctl --since ""1 hour ago"" -p err..alert -o json | jq -r '.UNIT + "" "" + .MESSAGE' | cut -d' ' -f1 | sort | uniq -c | sort -rn"
"Create a Bash one-liner that finds all duplicate files (by content) under /home, lists each set of duplicates on a separate line, and writes the result to duplicates.txt.","find /home -type f -exec md5sum {} + | sort | awk 'BEGIN{prev=""""; dup=""""} {if($1==prev){dup=dup"" ""$2} else {if(dup!="""") print dup; dup=$2} prev=$1} END{if(dup!="""") print dup}' > duplicates.txt"
"Write a command that extracts the version number from a package.json file (field ""version""), increments the patch number, updates the file in place, and prints the new version.","newver=$(jq -r '.version' package.json | awk -F. '{$NF=$NF+1; print $1"".""$2"".""$NF}') && jq "".version=\""$newver\"""" package.json > package.tmp.json && mv package.tmp.json package.json && echo ""New version: $newver"""
"Using a combination of grep and sed, find all lines in /etc/ssh/sshd_config that set ""PermitRootLogin"", comment them out, and add a new line ""PermitRootLogin no"" at the end of the file.",sed -i '/^\s*PermitRootLogin/ s/^/#/' /etc/ssh/sshd_config && echo 'PermitRootLogin no' >> /etc/ssh/sshd_config
"Write a Bash script that monitors free disk space every minute, and if any partition falls below 10% free, sends an email alert to admin@example.com with the partition details.","#!/usr/bin/env bash
while true; do
  df -hP | awk 'NR>1 {sub(/%/,"""",$5); if($5>90) print $0}' | while read line; do
    partition=$(echo $line | awk '{print $6}')
    used=$(echo $line | awk '{print $5}')
    echo -e ""Subject: Low Disk Space Alert\n\nPartition $partition is $used% used."" | sendmail admin@example.com
  done
  sleep 60
done"
"Create a one-liner that lists all users with UID >= 1000, their primary group name, and the number of processes they own, sorted by process count descending.","awk -F: '($3>=1000){print $1"":""$3}' /etc/passwd | while IFS=: read user uid; do
  grp=$(id -gn ""$user"")
  proc=$(ps -u ""$user"" --no-headers | wc -l)
  echo -e ""$user\t$grp\t$proc""
 done | sort -k3 -nr"
"Using find, locate all executable files in /usr/local/bin that have been modified in the last week, and create a tar archive named recent_bins.tar containing them while preserving permissions.",find /usr/local/bin -type f -executable -mtime -7 -print0 | tar --null -cvf recent_bins.tar --files-from=-
"Write a Bash function that accepts a Git repository URL, clones it into /opt/repos (creating the directory if needed), checks out the latest tag, and logs the commit hash to clones.log.","clone_latest_tag() {
  local url=""$1""
  local repo_name=$(basename ""$url"" .git)
  mkdir -p /opt/repos && cd /opt/repos
  git clone ""$url""
  cd ""$repo_name""
  latest_tag=$(git describe --tags $(git rev-list --tags --max-count=1))
  git checkout ""$latest_tag""
  commit=$(git rev-parse HEAD)
  echo ""$(date +'%F %T') $repo_name $latest_tag $commit"" >> /opt/repos/clones.log
}
# Usage: clone_latest_tag https://github.com/user/repo.git"
"Construct a pipeline that reads Apache access logs, extracts the request method and URL, counts how many times each URL was requested with GET, and shows the top 10 URLs.","awk '$6==""\""GET"" {print $7}' /var/log/apache2/access.log | sort | uniq -c | sort -rn | head -10"
"Write a Bash one-liner that finds all .conf files under /etc, replaces any occurrence of ""Listen 80"" with ""Listen 8080"", creates a backup with .bak extension, and prints the filenames changed.","find /etc -type f -name ""*.conf"" -exec grep -l 'Listen 80' {} \; -print -exec sed -i.bak 's/Listen 80/Listen 8080/g' {} \;"
"Using curl and jq, fetch the latest release information from the GitHub API for the repository ""torvalds/linux"", extract the tag name and publish date, and display them.","curl -s https://api.github.com/repos/torvalds/linux/releases/latest | jq -r '""Tag: \(.tag_name)\nPublished at: \(.published_at)""'"
"List the top 5 processes consuming the most memory, format the output as JSON, and send it to a monitoring endpoint via HTTP POST.","ps -eo pid,comm,%mem --sort=-%mem | head -n 6 | tail -n 5 | awk '{print ""{\""pid\"": ""$1"", \""command\"": \""""$2""\"", \""mem_percent\"": ""$3""}""}' | jq -s '.' | curl -s -X POST -H ""Content-Type: application/json"" -d @- https://monitor.example.com/api/memory"
"Find all JPEG images under /data, resize them to a maximum width of 1920 px while preserving aspect ratio, and store the resized copies in a parallel directory tree under /data_resized, preserving timestamps.","find /data -type f -iname ""*.jpg"" -print0 | while IFS= read -r -d '' img; do dest=""/data_resized${img#/data}""; mkdir -p ""$(dirname ""$dest"")"" && convert ""$img"" -resize 1920x ""${dest%.jpg}_resized.jpg"" && touch -r ""$img"" ""${dest%.jpg}_resized.jpg""; done"
"Extract all JSON objects from a mixed log file, pretty‑print them with jq, and write the result to a new file, preserving only entries where the field ""status"" equals ""error"".","grep -o '{[^}]*}' /var/log/mixed.log | jq -c '.' | jq 'select(.status==""error"")' | jq '.' > /var/log/error_entries_pretty.json"
"Recursively replace all occurrences of the string 'foo' with 'bar' in .conf files, but only in files that contain the word 'enabled', and create a backup with .bak extension before modifying.","find /etc -type f -name ""*.conf"" -exec grep -Iq ""enabled"" {} \; -exec sh -c 'cp ""$1"" ""$1.bak"" && sed -i ""s/foo/bar/g"" ""$1""' _ {} \;"
"Monitor CPU usage of all Docker containers every 10 seconds, log the timestamp, container name, and CPU % to a CSV file, and rotate the log daily, keeping 7 days of history.","(while :; do date +%Y-%m-%dT%H:%M:%S, $(docker ps --format ""{{.Names}}"") | while read name; do cpu=$(docker stats --no-stream --format ""{{.CPUPerc}}"" ""$name"" | tr -d '%'); echo ""$(date +%Y-%m-%dT%H:%M:%S),$name,$cpu""; done; sleep 10; done) | rotatelogs -l /var/log/docker_cpu_%Y-%m-%d.csv 86400 7"
"Find all ELF binaries in /usr/local/bin that are not stripped, list their size, and generate a markdown table summarizing the results.","printf ""| File | Size (KB) |\n|------|----------|\n"" > /tmp/elf_report.md; find /usr/local/bin -type f -executable -exec file {} \; | grep ""ELF"" | grep -v ""stripped"" | while IFS= read -r line; do file=$(echo ""$line"" | cut -d: -f1); size=$(du -k ""$file"" | cut -f1); printf ""| %s | %s |\n"" ""$file"" ""$size"" >> /tmp/elf_report.md; done"
"Create a tarball of all files modified in the last 24 hours under /home, excluding any .cache directories, and encrypt it with OpenSSL using AES‑256‑CBC, storing the result as backup.tar.gz.enc.","find /home -type f -mtime -1 ! -path ""*/.cache/*"" -print0 | tar --null -cvf - --files-from=- | openssl enc -aes-256-cbc -salt -out backup.tar.gz.enc -pass pass:$ENCRYPT_PASS"
"Using awk, compute the average response time from an Nginx access log (combined format) for each distinct HTTP status code, and output the result sorted by status code.","awk '{code=$9; rt=$NF; arr[code]+=rt; cnt[code]++} END {for (c in arr) printf ""%s %0.3f\n"", c, arr[c]/cnt[c]}' /var/log/nginx/access.log | sort -n"
"List all open network sockets owned by processes of a given user, display PID, program name, protocol, local address, and remote address, and save the output as JSON.","ss -tunap | awk -v user=""$USER"" '$0 ~ user {gsub(/[,]/,"""",$0); printf ""{\""pid\"": %s, \""prog\"": \""%s\"", \""proto\"": \""%s\"", \""local\"": \""%s\"", \""remote\"": \""%s\""},\n"", $6, $7, $1, $5, $6}' | sed '$s/,$//' | jq -s '.' > /tmp/user_sockets.json"
"Find duplicate files (identical content) under /srv/data, list each set of duplicates with their full paths, and delete all but the newest file in each set.","fdupes -r -1 /srv/data | while IFS= read -r line; do files=($line); newest=$(ls -t ""${files[@]}"" | head -n1); for f in ""${files[@]}""; do [[ ""$f"" != ""$newest"" ]] && rm -v ""$f""; done; done"
"Extract all IPv4 addresses from system logs, count occurrences, and display the top 10 most frequent IPs with their counts.","grep -Eo '([0-9]{1,3}\.){3}[0-9]{1,3}' /var/log/syslog | sort | uniq -c | sort -nr | head -n10"
Create a systemd timer that runs a script every hour to prune Docker images older than 30 days and logs the operation to /var/log/docker_prune.log with timestamps.,"cat <<'EOF' > /etc/systemd/system/docker-prune.service
[Unit]
Description=Prune old Docker images
[Service]
Type=oneshot
ExecStart=/usr/bin/bash -c 'docker image prune -a --filter ""until=720h"" --force >> /var/log/docker_prune.log 2>&1 && echo ""$(date) – prune completed"" >> /var/log/docker_prune.log'
EOF

cat <<'EOF' > /etc/systemd/system/docker-prune.timer
[Unit]
Description=Run Docker prune hourly
[Timer]
OnCalendar=*-*-* *:00:00
Persistent=true
[Install]
WantedBy=timers.target
EOF

systemctl daemon-reload && systemctl enable --now docker-prune.timer"
"Generate a CSV report of disk usage per user on /home, showing username, total used space in GB, and percentage of total /home usage, sorted descending by usage.","total=$(du -sb /home | cut -f1); printf ""User,Used_GB,Percent\n"" > /tmp/home_usage.csv; for d in /home/*; do [ -d ""$d"" ] || continue; user=$(basename ""$d""); used=$(du -sb ""$d"" | cut -f1); used_gb=$(awk ""BEGIN{printf \""%.2f\"", $used/1024/1024/1024}""); perc=$(awk ""BEGIN{printf \""%.2f\"", ($used/$total)*100}""); printf ""%s,%.2f,%.2f\n"" ""$user"" ""$used_gb"" ""$perc"" >> /tmp/home_usage.csv; done; sort -t, -k2 -nr /tmp/home_usage.csv"
"Parse a JSON API response from curl, extract the field ""data.items[*].id"", and feed those IDs into a parallel xargs command that deletes the corresponding resources via HTTP DELETE, limiting concurrency to 5.",curl -s https://api.example.com/v1/items | jq -r '.data.items[].id' | xargs -n1 -P5 -I{} curl -s -X DELETE https://api.example.com/v1/items/{}
"Create a bash function named backup_mysql that dumps all MySQL databases, compresses the dump with pigz, encrypts it with GPG using a given recipient, and stores it in /backups with a timestamped filename.","backup_mysql(){ local ts=$(date +%F_%H-%M-%S); mysqldump --all-databases | pigz | gpg --encrypt --recipient ""$1"" -o ""/backups/mysql_backup_${ts}.sql.gz.gpg""; }"
"Identify all symbolic links under /opt that point to non‑existent targets, and replace each broken link with a copy of the target file from /usr/share/defaults, preserving the original link name.","find /opt -xtype l | while IFS= read -r link; do name=$(basename ""$link""); cp ""/usr/share/defaults/$name"" ""$link"" && echo ""Replaced broken link $link""; done"
"Using only Bash built‑ins and grep, count how many times each user appears in the /etc/passwd file, and output a sorted list of usernames with their occurrence count (should be 1 for each, but verify).",grep -o '^[^:]*' /etc/passwd | sort | uniq -c | sort -nr
"Write a one‑liner that monitors /var/log/auth.log in real time, extracts failed SSH login attempts, aggregates them per source IP, and alerts (via logger) when any IP exceeds 5 failures within a 10‑minute window.","tail -F /var/log/auth.log | awk '/Failed password/ {print $11}' | sort | uniq -c | while read cnt ip; do if ((cnt>5)); then logger -p auth.warn ""SSH brute‑force from $ip: $cnt attempts""; fi; done"
"Find all files in /var/www that are larger than 100 MiB, compute their SHA256 checksum, and write a manifest file manifest.sha256 with lines ""checksum  filename"" sorted alphabetically by filename.","find /var/www -type f -size +100M -print0 | while IFS= read -r -d '' f; do sha256sum ""$f""; done | sort -k2 > /var/www/manifest.sha256"
"Create a temporary SSH tunnel that forwards local port 3306 to a remote MySQL server at db.example.com:3306 via jump host jump.example.com, keep it alive for 2 hours, then close automatically.","ssh -fN -L 3306:db.example.com:3306 jump.example.com -o ServerAliveInterval=60 -o ExitOnForwardFailure=yes && sleep 7200 && pkill -f ""ssh -fN -L 3306:db.example.com:3306"""
"Generate a report of the top 10 largest directories (by total size) under /var, display size in human‑readable form, and write the output to /tmp/top_dirs.txt.",du -h --max-depth=1 /var | sort -hr | head -n 10 > /tmp/top_dirs.txt
"Write a Bash script that reads a list of URLs from urls.txt, downloads each with curl (retry up to 3 times on failure), computes the MD5 hash of the downloaded file, and stores the mapping URL→hash in a JSON file results.json.","#!/usr/bin/env bash
mapfile -t urls < urls.txt
declare -A results
for url in ""${urls[@]}""; do
  fname=$(basename ""$url"")
  attempts=0
  until curl -L -o ""$fname"" ""$url""; do
    ((attempts++))
    ((attempts==3)) && echo ""Failed $url"" && break
    sleep $((attempts*2))
  done
  if [[ -f ""$fname"" ]]; then
    hash=$(md5sum ""$fname"" | awk '{print $1}')
    results[""$url""]=""$hash""
  fi
done
printf '{\n' > results.json
for k in ""${!results[@]}""; do
  printf '  ""%s"": ""%s""%s\n' ""$k"" ""${results[$k]}"" "","" >> results.json
done
sed -i '$ s/,$//' results.json
printf '}\n' >> results.json"
"Find all git repositories under /srv, list their remote origin URLs, and output a table with columns: Repository Path, Remote URL.","printf ""| Repository Path | Remote URL |\n|----------------|------------|\n"" > /tmp/git_remotes.md; find /srv -type d -name .git -prune -exec sh -c 'cd ""${0%/.git}"" && git config --get remote.origin.url' {} \; -print | while read -r url; do repo=$(dirname ""$url""); printf ""| %s | %s |\n"" ""$repo"" ""$url"" >> /tmp/git_remotes.md; done"
"Using awk and sed, transform a CSV file users.csv (fields: id,name,email) into a JSON array of objects, each with keys id, name, email, and write to users.json.","awk -F',' 'NR>1 {printf ""{\""id\"": %s, \""name\"": \""%s\"", \""email\"": \""%s\""},\n"", $1, $2, $3}' users.csv | sed '$ s/,$//' | awk 'BEGIN{print ""[""} {print} END{print ""]""}' > users.json"
"Schedule a cron job that runs at 03:15 on the first day of each month, backs up /etc to /backup/etc.tar.gz, and emails the result to admin@example.com using mailx.","15 3 1 * * root tar -czf /backup/etc_$(date +\%Y\%m\%d).tar.gz /etc && echo ""Backup completed"" | mailx -s ""Monthly /etc backup"" admin@example.com"
"Write a Bash one‑liner that lists all TCP ports currently listening, the PID/program name owning each, and highlights (with *** ) any port number that is a multiple of 1000.","ss -tlnp | awk 'NR>1 {print $4, $7}' | while read addr prog; do port=$(echo $addr | awk -F':' '{print $NF}'); if ((port%1000==0)); then echo ""*** $port $prog""; else echo ""$port $prog""; fi; done"
"Create a pipeline that reads a large JSON lines file data.jsonl, filters records where ""status"" is ""active"", extracts the field ""user.id"", sorts the IDs numerically, removes duplicates, and writes them to active_user_ids.txt.","jq -c 'select(.status==""active"") | .user.id' data.jsonl | sort -n | uniq > active_user_ids.txt"
"Using find, locate all executable scripts (shebang #! present) under /opt/scripts, make them immutable with chattr, and log the changes to /var/log/script_immutable.log.","find /opt/scripts -type f -exec head -n1 {} \; | grep -E '^#!' -B1 | grep -v '^--$' | cut -d: -f1 | while read f; do chattr +i ""$f"" && echo ""$(date +%F_%T) immutable $f"" >> /var/log/script_immutable.log; done"
"Write a Bash function that accepts a directory path, computes the SHA1 hash of every file recursively, and returns the hash of the file with the greatest size; if multiple files share the max size, pick the lexicographically first.","largest_hash(){ local dir=""$1""; local maxsize=0; local bestfile=""""; while IFS= read -r -d '' f; do size=$(stat -c%s ""$f""); if ((size>maxsize)) || { ((size==maxsize)) && [[ ""$f"" < ""$bestfile"" ]]; }; then maxsize=$size; bestfile=$f; fi; done < <(find ""$dir"" -type f -print0); sha1sum ""$bestfile"" | awk '{print $1}'; }"
"Find all .log files in /var/log modified in the last 7 days, compress them into a single tar.gz, and send the archive via curl to a remote HTTP endpoint with a JSON payload containing the file count and total size.","cnt=$(find /var/log -type f -name ""*.log"" -mtime -7 | wc -l); size=$(du -cb $(find /var/log -type f -name ""*.log"" -mtime -7) | tail -1 | cut -f1); tar -czf /tmp/recent_logs.tar.gz $(find /var/log -type f -name ""*.log"" -mtime -7) && curl -X POST https://example.com/upload \
  -H ""Content-Type: multipart/form-data"" \
  -F ""metadata={\""file_count\"":$cnt,\""total_size\"":$size}\;type=application/json"" \
  -F ""file=@/tmp/recent_logs.tar.gz"" && rm -f /tmp/recent_logs.tar.gz"
"List all processes consuming more than 5% CPU, sort them by memory usage, and output a JSON array with pid, command, cpu%, and mem% fields using jq.","ps -eo pid,comm,%cpu,%mem --no-headers | awk '$3>5 {print $1, $2, $3, $4}' | while read pid cmd cpu mem; do echo ""{\""pid\"":$pid,\""command\"":\""$cmd\"",\""cpu\"":$cpu,\""mem\"":$mem}""; done | jq -s '.'"
"Monitor /var/log/syslog for lines containing 'ERROR' or 'WARN', count occurrences per hour, and write a rolling 24‑hour CSV file with columns hour,error_count,warn_count.","tail -F /var/log/syslog | awk '/ERROR|WARN/ { split(strftime(""%Y-%m-%d %H""),h,"":""); hour=h[2]; if($0 ~ /ERROR/) err[hour]++; else if($0 ~ /WARN/) warn[hour]++; } END { for (h in err) printf ""%s,%d,%d\n"", h, err[h], warn[h] }' | while read line; do echo ""$line"" >> /tmp/syslog_errors.csv; tail -n 24 /tmp/syslog_errors.csv > /tmp/syslog_errors_24h.csv; done"
"Recursively find all JSON files under /data, extract the field ""user.id"" using jq, deduplicate the IDs, and write them to /tmp/unique_user_ids.txt.","find /data -type f -name ""*.json"" -print0 | xargs -0 -I{} jq -r '.user.id' {} 2>/dev/null | sort -u > /tmp/unique_user_ids.txt"
"Create a Bash function called backup_dir that takes a directory path, creates a timestamped tar.gz archive in /backup, logs the operation to /var/log/backup.log, and sends a desktop notification on success or failure.","backup_dir(){ src=""$1""; ts=$(date +%Y%m%d_%H%M%S); dest=""/backup/$(basename ""$src"")_$ts.tar.gz""; if tar -czf ""$dest"" -C ""$(dirname ""$src"")"" ""$(basename ""$src"")""; then echo ""$(date +'%F %T') SUCCESS: $src -> $dest"" >> /var/log/backup.log && notify-send ""Backup Successful"" ""$src backed up""; else echo ""$(date +'%F %T') FAILURE: $src"" >> /var/log/backup.log && notify-send ""Backup Failed"" ""$src""; fi }"
"Using find, locate all executable files larger than 100 MB, compute their SHA256 checksums, and generate a report in /tmp/large_bins_report.txt with columns: path,size,sha256.","find / -type f -executable -size +100M -print0 | while IFS= read -r -d '' file; do sz=$(du -b ""$file"" | cut -f1); sum=$(sha256sum ""$file"" | awk '{print $1}'); echo -e ""$file\t$sz\t$sum""; done > /tmp/large_bins_report.txt"
"Write a one‑liner that watches for new Docker containers starting, extracts their container ID and image name, and appends a JSON line to /var/log/docker_start.log.","docker events --filter 'event=start' --format '{{json .}}' | while read ev; do cid=$(echo ""$ev"" | jq -r '.id'); img=$(echo ""$ev"" | jq -r '.from'); echo ""{\""timestamp\"":\""$(date -Iseconds)\"",\""container_id\"":\""$cid\"",\""image\"":\""$img\""}"" >> /var/log/docker_start.log; done"
"Find all symbolic links under /usr/local that are broken, and replace each with a copy of the target file if it exists elsewhere in the filesystem; otherwise delete the link.","find /usr/local -xtype l -print0 | while IFS= read -r -d '' link; do target=$(readlink -f ""$link""); if [ -e ""$target"" ]; then cp -a ""$target"" ""$(dirname ""$link"")/$(basename ""$target"")"" && rm -f ""$link""; else rm -f ""$link""; fi; done"
"Create a pipeline that reads a CSV file from stdin, filters rows where the third column is > 100, converts the result to JSON using jq, and uploads it via HTTP POST to https://api.example.com/data with an Authorization header.","csvtool -t ',' cut -c 3- | awk -F',' '$3>100' | jq -R -s 'split(""\n"")[:-1] | map(split("","")) | map({col1: .[0], col2: .[1], col3: .[2]|tonumber})' | curl -X POST https://api.example.com/data \
  -H ""Authorization: Bearer $API_TOKEN"" \
  -H ""Content-Type: application/json"" \
  -d @-"
"Write a Bash script that monitors disk usage of /home, and when usage exceeds 80%, automatically moves the oldest files (by modification time) from /home/user/Downloads to /archive until usage drops below 70%, logging each move.","#!/usr/bin/env bash
THRESH_HIGH=80
THRESH_LOW=70
while :; do
  usage=$(df --output=pcent /home | tail -1 | tr -dc '0-9')
  if (( usage > THRESH_HIGH )); then
    while (( usage > THRESH_LOW )); do
      oldest=$(find /home/user/Downloads -type f -printf '%T@ %p\n' | sort -n | head -1 | cut -d' ' -f2-)
      [ -z ""$oldest"" ] && break
      mv ""$oldest"" /archive/ && echo ""$(date +'%F %T') Moved $oldest to /archive"" >> /var/log/disk_cleanup.log
      usage=$(df --output=pcent /home | tail -1 | tr -dc '0-9')
    done
  fi
  sleep 300
done"
"Using awk, parse the output of ""netstat -tulnp"", extract listening TCP ports and associated process names, and output a sorted list of ports with counts of how many processes listen on each port.","netstat -tulnp | awk '/tcp/ {split($4,a,"":""); port=a[length(a)]; split($7,b,""/""); proc=b[2]; print port, proc}' | sort | uniq -c | sort -nr"
"Create a Bash one‑liner that reads a list of URLs from urls.txt, downloads each with curl (max 5 concurrent jobs), extracts the title tag using grep/sed, and writes URL and title pairs to titles.tsv.","cat urls.txt | xargs -n1 -P5 -I{} sh -c ""title=$(curl -sL '{}' | grep -i '<title>' | sed -e 's/.*<title>\(.*\)<\/title>.*/\1/'); echo -e '{}\t$title'"" > titles.tsv"
"Write a command that finds all .conf files under /etc, replaces any occurrence of the word ""localhost"" with the system's primary IP address (obtained via hostname -I), and creates a backup of each modified file with a .bak extension.","ip=$(hostname -I | awk '{print $1}'); find /etc -type f -name ""*.conf"" -print0 | while IFS= read -r -d '' f; do cp ""$f"" ""$f.bak"" && sed -i ""s/localhost/$ip/g"" ""$f""; done"
"Generate a Bash function that takes a Git repository URL, clones it into /opt/repos if not present, pulls the latest changes if it exists, runs ""make && make test"", and emails the result to devops@example.com using mailx.","git_deploy(){ repo=""$1""; name=$(basename ""$repo"" .git); dir=""/opt/repos/$name""; if [ -d ""$dir"" ]; then (cd ""$dir"" && git pull); else git clone ""$repo"" ""$dir""; fi; (cd ""$dir"" && make && make test) > /tmp/${name}_build.log 2>&1; if [ $? -eq 0 ]; then subject=""Build SUCCESS for $name""; else subject=""Build FAILURE for $name""; fi; mailx -s ""$subject"" devops@example.com < /tmp/${name}_build.log; }"
"Using find and xargs, locate all .png files larger than 5 MB, resize them to a width of 1920px while preserving aspect ratio using ImageMagick's convert, and place the resized images in a parallel directory structure under /opt/resized_images.","find / -type f -name ""*.png"" -size +5M -print0 | xargs -0 -I{} sh -c 'rel=${0#/}; out=""/opt/resized_images/${rel}""; mkdir -p ""$(dirname ""$out"")""; convert ""$0"" -resize 1920 ""$out""'"
"Write a pipeline that reads system journal entries (journalctl) for the last hour, filters for priority ""crit"" or higher, extracts the _PID and MESSAGE fields, and outputs a JSON array using jq.","journalctl -p crit..emerg --since ""1 hour ago"" -o json | jq -s '[.[] | {pid: ._PID, message: .MESSAGE}]'"
"Create a Bash one‑liner that monitors the size of /var/log (including subdirectories) every minute, and when it exceeds 10 GB, compresses the oldest log file (by modification time) with gzip and deletes logs older than 30 days.","while sleep 60; do total=$(du -sb /var/log | cut -f1); if (( total > 10737418240 )); then oldest=$(find /var/log -type f -printf '%T@ %p\n' | sort -n | head -1 | cut -d' ' -f2-); gzip -9 ""$oldest""; find /var/log -type f -mtime +30 -delete; fi; done"
"Write a command that extracts all IPv4 addresses from /var/log/auth.log, counts occurrences, and outputs the top 5 IPs with their attempt counts, sorted descending.","grep -oE '([0-9]{1,3}\.){3}[0-9]{1,3}' /var/log/auth.log | sort | uniq -c | sort -rn | head -5"
"Using awk and sed, transform a space‑separated file /tmp/data.txt with columns: id name value into a CSV file where the value column is multiplied by 1.2 and quoted, and the header is added as ""ID,Name,Value"".","awk 'NR==1{print ""ID,Name,Value""; next} {printf ""%s,%s,\""%.2f\""\n"", $1, $2, $3*1.2}' /tmp/data.txt > /tmp/data_converted.csv"
"Write a Bash script that reads a list of package names from packages.txt, checks if each is installed (using dpkg or rpm depending on distro), installs missing ones via apt or yum, logs each action to /var/log/pkg_install.log, and sends a summary email at the end.","#!/usr/bin/env bash
log=/var/log/pkg_install.log
summary=""""
while read -r pkg; do
  if command -v dpkg >/dev/null 2>&1; then
    dpkg -l ""$pkg"" &>/dev/null && installed=1 || installed=0
    installer='apt-get install -y'
  elif command -v rpm >/dev/null 2>&1; then
    rpm -q ""$pkg"" &>/dev/null && installed=1 || installed=0
    installer='yum install -y'
  else
    echo ""Unsupported distro"" | tee -a ""$log""
    exit 1
  fi
  if (( installed )); then
    echo ""$(date) INFO: $pkg already installed"" | tee -a ""$log""
    summary+=""$pkg: already installed\n""
  else
    if $installer ""$pkg""; then
      echo ""$(date) INFO: $pkg installed successfully"" | tee -a ""$log""
      summary+=""$pkg: installed\n""
    else
      echo ""$(date) ERROR: failed to install $pkg"" | tee -a ""$log""
      summary+=""$pkg: failed\n""
    fi
  fi
done < packages.txt
echo -e ""$summary"" | mailx -s ""Package installation summary"" admin@example.com"
"Create a one‑liner that lists all mounted filesystems, extracts those with ext4 type, and prints their mount point and used percentage sorted by usage descending.","df -T | awk '$2==""ext4"" {print $6, $5}' | sort -k2 -h"
"Write a Bash function that takes a directory path and a regex pattern, searches all text files recursively for the pattern, and returns a sorted list of unique matching lines prefixed by filename:line_number.","search_pattern(){ dir=""$1""; pat=""$2""; grep -RIn --include='*.{txt,log,conf,md}' -E ""$pat"" ""$dir"" | sort -u; }"
"Using find, locate all files owned by user ""nobody"" that have not been accessed in the last 180 days, change their permissions to 640, and log the changes to /var/log/nobody_cleanup.log.","find / -user nobody -atime +180 -type f -print0 | while IFS= read -r -d '' f; do chmod 640 ""$f"" && echo ""$(date +'%F %T') CHANGED: $f"" >> /var/log/nobody_cleanup.log; done"
"Write a pipeline that reads JSON lines from a log file /var/log/app.jsonl, filters entries where ""level"" is ""error"", extracts the ""timestamp"" and ""message"" fields, and writes a CSV file errors.csv.","jq -r 'select(.level==""error"") | [.timestamp, .message] | @csv' /var/log/app.jsonl > errors.csv"
"Create a Bash one‑liner that checks the SSL certificate expiry date for a list of domains in domains.txt, and prints domain and days until expiry, sorted ascending.","while read d; do exp=$(echo | openssl s_client -connect ""$d:443"" -servername ""$d"" 2>/dev/null | openssl x509 -noout -dates | grep notAfter | cut -d= -f2); exp_secs=$(date -d ""$exp"" +%s); now_secs=$(date +%s); days=$(( (exp_secs - now_secs) / 86400 )); echo -e ""$d\t$days""; done < domains.txt | sort -k2 -n"
"Write a command that uses lsof to find processes holding open files in /var/www, groups them by user, and outputs a table of user and total open file count.","lsof +D /var/www | awk 'NR>1 {user[$3]++} END {printf ""%s\t%s\n"",""USER"",""OPEN_FILES""; for (u in user) printf ""%s\t%d\n"", u, user[u]}'"
"Create a Bash function named `monitor_cpu` that logs timestamps and CPU usage (>80%) to /var/log/cpu_spikes.log, runs in background, and stops after 5 minutes.","monitor_cpu(){ local end=$((SECONDS+300)); while ((SECONDS<end)); do usage=$(awk '/^cpu /{print 100-($5*100/($2+$3+$4+$5+$6+$7+$8))}' /proc/stat); if (( $(echo ""$usage > 80"" | bc -l) )); then echo ""$(date +%F_%T) CPU $usage%"" >> /var/log/cpu_spikes.log; fi; sleep 5; done }; monitor_cpu &"
"Extract all entries with level ""error"" from a JSON log file logs.json, pretty‑print them with jq, and count how many errors occurred per hour.","jq -c '.[] | select(.level==""error"")' logs.json | while read -r e; do ts=$(echo ""$e"" | jq -r '.timestamp[0:13]'); echo ""$ts""; done | sort | uniq -c | awk '{print $2""-""$1"" errors""}'"
"Recursively replace the string ""localhost"" with the machine's hostname in all .conf files under /etc/myapp, creating a backup with .bak extension.","find /etc/myapp -type f -name ""*.conf"" -exec sed -i.bak ""s/localhost/$(hostname)/g"" {} +"
"Download a large file from https://example.com/data.tar.gz with curl, retry up to 5 times on failure, show a progress bar, and verify the SHA256 checksum matches the value in checksum.txt.","url=""https://example.com/data.tar.gz""; for i in {1..5}; do curl -L --retry 4 --retry-delay 5 -o data.tar.gz ""$url"" && break; done; expected=$(cat checksum.txt); actual=$(sha256sum data.tar.gz | awk '{print $1}'); if [ ""$expected"" = ""$actual"" ]; then echo ""Checksum OK""; else echo ""Checksum mismatch""; exit 1; fi"
"Find all executable files owned by user alice that have not been accessed in the last 90 days, archive them preserving permissions, and email the archive to alice@example.com.","find / -type f -executable -user alice -atime +90 -print0 | tar --null -czvf /tmp/alice_old_execs.tar.gz --files-from -; echo ""Old executables attached"" | mail -s ""Archive of old executables"" -a /tmp/alice_old_execs.tar.gz alice@example.com"
"Write a one‑liner that lists the top 5 processes by memory usage, showing PID, command, and RSS in MB, sorted descending.","ps -eo pid,comm,rss --sort=-rss | head -n 6 | awk 'NR>1{printf ""%5s %s %6.2fMB\n"", $1, $2, $3/1024}'"
"Create a Bash script that watches /var/log/auth.log for failed SSH login attempts, extracts the offending IPs, counts occurrences, and bans any IP with >3 attempts using ufw.","tail -F /var/log/auth.log | while read -r line; do echo ""$line"" | grep ""Failed password"" | awk -F'from ' '{print $2}' | awk '{print $1}' | sort | uniq -c | while read -r cnt ip; do if ((cnt>3)); then ufw deny from ""$ip"" to any port 22; fi; done; done &"
"Using find and xargs, delete all empty directories under /tmp that are older than 7 days, but prompt for confirmation before each deletion.","find /tmp -type d -empty -mtime +7 -print0 | xargs -0 -I{} sh -c 'read -p ""Delete {}? [y/N] "" ans; [ ""$ans"" = ""y"" ] && rmdir ""{}""'"
"Generate a CSV report of disk usage per mounted filesystem, including mount point, total size, used, available, and usage percentage, sorted by usage descending.","df -hP | awk 'NR>1{print $6"",""$2"",""$3"",""$4"",""$5}' | sort -t, -k5 -nr > /tmp/disk_report.csv"
"Write a Bash function `json_merge` that takes two JSON files and merges them into a single JSON array, removing duplicate objects based on the ""id"" field.","json_merge(){ jq -s 'map(.[] ) | unique_by(.id)' ""$1"" ""$2"" > merged.json; }; json_merge file1.json file2.json"
"Create a pipeline that reads a CSV of user data, filters rows where age > 30, extracts the email column, removes duplicates, and writes them to emails.txt.","awk -F',' '$3>30 {print $5}' users.csv | sort -u > emails.txt"
"Find all symbolic links under /opt that are broken, list their paths, and replace each with a copy of the target file if the target exists elsewhere under /opt, otherwise delete the link.","find /opt -type l -xtype l -print0 | while IFS= read -r -d '' link; do target=$(readlink ""$link""); if [ -e ""/opt/$target"" ]; then cp -a ""/opt/$target"" ""${link%/*}/""; else rm ""$link""; fi; done"
"Using only Bash built‑ins and /proc, compute the average load over the last 5 minutes and print a warning if it exceeds 4.0.","load=$(awk '{print $2}' /proc/loadavg); avg=$(echo ""scale=2; $load"" | bc); if (( $(echo ""$avg > 4.0"" | bc -l) )); then echo ""Warning: high load $avg""; fi"
"Write a command that extracts all URLs from a large HTML file, normalizes them (removes fragments and query strings), counts occurrences, and outputs the top 10 most frequent URLs.","grep -oE 'href=""[^""]+""' page.html | sed -E 's/href=""([^#?]+).*/\1/' | sort | uniq -c | sort -nr | head -n 10"
"Create a Bash script that monitors a directory for new files using inotifywait, computes their SHA256 hash, and appends filename‑hash pairs to hashes.log.","#!/usr/bin/env bash
inotifywait -m -e create --format ""%w%f"" /watched/dir | while read -r file; do [ -f ""$file"" ] && sha=$(sha256sum ""$file"" | awk '{print $1}'); echo ""$file $sha"" >> hashes.log; done &"
"Using tar and gzip, create a compressed archive of /home/user/documents, excluding any .tmp files and any directory named cache, and store it as backup_$(date +%F).tgz.",tar --exclude='*.tmp' --exclude='*/cache' -czf backup_$(date +%F).tgz /home/user/documents
Write a one‑liner that lists all Docker containers that have been stopped for more than 24 hours and removes them.,"docker ps -a --filter ""status=exited"" --format ""{{.ID}} {{.RunningFor}}"" | while read -r id time; do if [[ $time == *""days""* ]] && (( $(echo $time | grep -o '[0-9]*' | head -1) >= 1 )); then docker rm ""$id""; fi; done"
"Parse a syslog file to find all login attempts, extract usernames and timestamps, and produce a report of the number of attempts per user sorted descending.","awk '/sshd.*Accepted/ {print $1"" ""$2"" ""$3, $9}' /var/log/auth.log | cut -d' ' -f4 | sort | uniq -c | sort -nr > login_report.txt"
"Using find, locate all .sh files that contain the string ""TODO"", replace it with ""DONE"" in‑place, and create a backup of each modified file with a .bak extension.","find . -type f -name ""*.sh"" -exec grep -l ""TODO"" {} + | while read -r f; do cp ""$f"" ""$f.bak""; sed -i 's/TODO/DONE/g' ""$f""; done"
"Create a Bash function `retry` that runs a command up to N times with exponential backoff starting at 1 second, and returns the command's exit status.","retry(){ local n=$1; shift; local delay=1; for ((i=1;i<=n;i++)); do ""$@"" && return 0; echo ""Attempt $i failed, retrying in $delay sec...""; sleep $delay; delay=$((delay*2)); done; return 1; }; # usage: retry 5 curl -O http://example.com/file"
"Generate a report of the top 10 largest files on the system, showing size in human‑readable format, full path, and last modification date, sorted by size descending.","find / -type f -printf ""%s %p %TY-%Tm-%Td\n"" 2>/dev/null | sort -nr | head -n 10 | awk '{""size=""human($1); cmd=""date -d @""$3"" +%F""; cmd|getline date; close(cmd); printf ""%s %s %s\n"", $2, size, date}'"
"Write a Bash one‑liner that extracts all IPv4 addresses from a log file, counts how many times each appears, and outputs those with more than 100 occurrences.","grep -Eo '([0-9]{1,3}\.){3}[0-9]{1,3}' access.log | sort | uniq -c | awk '$1>100{print $2"" ""$1}'"
"Using jq, transform a JSON array of objects each with a ""date"" field in YYYY‑MM‑DD format into a new array sorted chronologically and only containing the ""id"" and ""date"" fields.","jq 'map({id, date}) | sort_by(.date)' data.json"
"Create a Bash script that backs up a MySQL database named prod_db to /backups, compresses the dump with xz, and rotates backups keeping only the latest 7 archives.","#!/usr/bin/env bash
now=$(date +%F_%H-%M-%S)
mysqldump prod_db | xz > /backups/prod_db_$now.sql.xz
ls -1t /backups/prod_db_*.sql.xz | sed -e '1,7d' | xargs -d '\n' rm -f"
"Find all files in /var/www that are world‑writable, log their paths to insecure_files.log, and change their permissions to 644.","find /var/www -type f -perm -o=w -print0 | while IFS= read -r -d '' f; do echo ""$f"" >> insecure_files.log; chmod 644 ""$f""; done"
"Write a command that monitors free memory every 10 seconds, logs the timestamp and free memory in MB to /var/log/mem.log, and sends an email alert if free memory drops below 200 MB.","while :; do free_mb=$(free -m | awk '/Mem:/ {print $4}'); echo ""$(date +%F_%T) $free_mb MB"" >> /var/log/mem.log; if (( free_mb < 200 )); then echo ""Low memory: $free_mb MB"" | mail -s ""Memory Alert"" admin@example.com; fi; sleep 10; done &"
"Using awk, compute the average, min, and max response time from an Nginx access log where the response time is the last field.","awk '{rt=$NF; sum+=rt; if(min==""""||rt<min) min=rt; if(rt>max) max=rt; cnt++} END {printf ""Avg: %.3f, Min: %.3f, Max: %.3f\n"", sum/cnt, min, max}' /var/log/nginx/access.log"
"Create a Bash function `ssh_multi` that reads a list of hostnames from hosts.txt and runs a given command on each via SSH in parallel (max 5 concurrent), collecting stdout/stderr into separate log files per host.","ssh_multi(){ local cmd=""$1""; parallel -j5 ""ssh -o BatchMode=yes {} \""$cmd\"" > {}_out.log 2> {}_err.log"" :::: hosts.txt; }; # usage: ssh_multi ""uptime"""
"Write a pipeline that extracts all JPEG image files from a tar archive without extracting the whole archive, and copies them to /tmp/images preserving directory hierarchy.","tar -tf archive.tar | grep '\.jpe?g$' | while read -r path; do mkdir -p ""/tmp/images/$(dirname ""$path"")""; tar -xf archive.tar ""$path"" -O > ""/tmp/images/$path""; done"
"Using sed, convert all Windows‑style line endings (CRLF) to Unix (LF) in all .txt files under /data, creating a backup with .orig extension.","find /data -type f -name ""*.txt"" -exec sed -i.orig 's/\r$//' {} +"
"Create a Bash one‑liner that lists all users with UID >= 1000, their last login time from /var/log/lastlog, and sorts the list by most recent login.","awk -F: '($3>=1000){print $1}' /etc/passwd | while read -r u; do lastlog -u ""$(id -u $u)"" | tail -n1 | awk -v user=$u '{print user, $4,$5,$6,$7}'; done | sort -k2,3M -k4"
"Write a command that finds all files modified in the last 24 hours under /srv, calculates their total size, and prints the size in a human‑readable format.","size=$(find /srv -type f -mtime -1 -printf ""%s\n"" | awk '{s+=$1} END {print s}'); numfmt --to=iec $size"
"Using curl and jq, fetch the latest release tag of the GitHub repository ""owner/repo"" via the GitHub API and clone that specific tag into ~/repo_latest.","tag=$(curl -s https://api.github.com/repos/owner/repo/releases/latest | jq -r '.tag_name'); git clone --branch ""$tag"" https://github.com/owner/repo.git ~/repo_latest"
"Extract the last 100 lines from a rotating log file, compress them with gzip, and upload to a remote server via scp, preserving original timestamps.",tail -n 100 /var/log/syslog | gzip > /tmp/syslog_tail.gz && scp -p /tmp/syslog_tail.gz user@example.com:/remote/path/ && rm /tmp/syslog_tail.gz
"Find all regular files larger than 100 MiB in /var/data, compute their SHA‑256 checksums in parallel (max 4 concurrent jobs), and write results to checksums.txt sorted by size descending.","find /var/data -type f -size +100M -print0 | xargs -0 -n1 -P4 du -b | sort -nr | cut -f2 | while read f; do sha256sum ""$f""; done > checksums.txt"
"Monitor CPU usage every 5 seconds for 1 minute, output a table with timestamp, user, system, idle percentages, and alert if idle drops below 10 %.","end=$((SECONDS+60)); while [ $SECONDS -lt $end ]; do ts=$(date '+%Y-%m-%d %H:%M:%S'); read user sys idle <<<$(mpstat 1 1 | awk '/Average/ {print $3,$5,$12}'); printf ""%s | User: %s%% Sys: %s%% Idle: %s%%\n"" ""$ts"" ""$user"" ""$sys"" ""$idle""; if (( $(echo ""$idle < 10"" | bc -l) )); then echo ""ALERT: Idle CPU below 10% at $ts""; fi; sleep 5; done"
"Create a Bash function called backup_dir that takes a directory path, creates a tar.gz archive named with the directory base and current date, stores it in /backups, and logs the operation to /var/log/backup.log.","backup_dir(){ local src=""$1""; local base=$(basename ""$src""); local date=$(date +%Y%m%d); local dest=""/backups/${base}_${date}.tar.gz""; tar -czf ""$dest"" -C ""$(dirname ""$src"")"" ""$base"" && echo ""$(date '+%Y-%m-%d %H:%M:%S') BACKUP $src -> $dest"" >> /var/log/backup.log || echo ""$(date '+%Y-%m-%d %H:%M:%S') BACKUP FAILED for $src"" >> /var/log/backup.log; }"
"List all Docker containers that have been stopped for more than 24 hours and remove them, printing each container ID before deletion.","docker ps -a --filter ""status=exited"" --format ""{{.ID}} {{.CreatedAt}}"" | while read id created; do if [[ $(date -d ""$created"" +%s) -lt $(( $(date +%s) - 86400 )) ]]; then echo ""Removing $id (stopped since $created)""; docker rm ""$id""; fi; done"
"Parse a JSON file config.json to extract the value of ""service.port"", then use curl to test if the service is reachable, retrying up to 3 times with exponential backoff.","port=$(jq -r '.service.port' config.json); url=""http://localhost:${port}/health""; for i in {1..3}; do if curl -sf ""$url"" >/dev/null; then echo ""Service reachable on port $port""; break; else echo ""Attempt $i failed, retrying...""; sleep $((2**i)); fi; done"
"Find all symbolic links under /usr/local that are broken, list them with their target, and delete the links after confirmation.","find /usr/local -xtype l -printf '%p -> %l\n' | while IFS=' -> ' read link target; do echo ""Broken link: $link -> $target""; read -p ""Delete $link? [y/N] "" resp; if [[ $resp =~ ^[Yy]$ ]]; then rm ""$link""; fi; done"
"Generate a CSV report of disk usage per user in /home, showing username, total size in GB, and number of files, sorted by size descending.","printf 'User,Size(GB),Files\n'; for d in /home/*; do [ -d ""$d"" ] || continue; user=$(basename ""$d""); size=$(du -sb ""$d"" | cut -f1); size_gb=$(awk ""BEGIN{printf \""%.2f\"", $size/1024/1024/1024}""); files=$(find ""$d"" -type f | wc -l); echo ""$user,$size_gb,$files""; done | sort -t, -k2 -nr"
"Create a one‑liner that watches /var/log/auth.log for failed SSH login attempts, extracts the IP address, counts occurrences, and displays the top 3 offending IPs in real time.","tail -F /var/log/auth.log | grep --line-buffered ""Failed password"" | awk '{for(i=1;i<=NF;i++) if($i==""from"") print $(i+1)}' | sort | uniq -c | sort -nr | head -3"
"Write a Bash script that reads a list of URLs from urls.txt, downloads each with curl (max 5 concurrent downloads), saves them with their original filename, and retries failed downloads up to 2 times.","#!/usr/bin/env bash
xargs -a urls.txt -n1 -P5 -I{} bash -c '
  url=""{}""
  fname=$(basename ""$url"")
  attempts=0
  while (( attempts < 3 )); do
    if curl -f -L -o ""$fname"" ""$url""; then
      echo ""Downloaded $fname""
      break
    else
      ((attempts++))
      echo ""Retry $attempts for $url""
    fi
  done
'"
"Find all Git repositories under /srv, list their remote URLs, and check if the default branch is ahead of origin, printing repo path and status.","find /srv -type d -name .git -prune -print0 | while IFS= read -r -d '' gitdir; do repo=$(dirname ""$gitdir""); cd ""$repo"" || continue; remote=$(git config --get remote.origin.url); default=$(git symbolic-ref refs/remotes/origin/HEAD | sed 's@^refs/remotes/origin/@@'); git fetch origin ""$default"" >/dev/null 2>&1; ahead=$(git rev-list --count ""origin/$default..$default""); if (( ahead > 0 )); then echo ""$repo | $remote | $default ahead by $ahead commits""; fi; done"
"Extract all IPv6 addresses from a mixed log file, normalize them to compressed form, count occurrences, and output the top 5.","grep -Eo '([0-9a-fA-F]{0,4}:){2,7}[0-9a-fA-F]{0,4}' mixed.log | awk '{print tolower($0)}' | perl -MSocket -MData::Validate::IP -ne 'if (validate_ip($_, ""IPv6"")) { $norm = inet_ntop(inet_pton(AF_INET6, $_)); print ""$norm\n"" }' | sort | uniq -c | sort -nr | head -5"
"Create a temporary named pipe, feed it with the output of a long‑running command (e.g., tar), and simultaneously compute its MD5 checksum while writing the data to a file.",mkfifo /tmp/pipe && (tar -czf - /important/data > /tmp/pipe &) && tee /tmp/archive.tar.gz < /tmp/pipe | md5sum > /tmp/archive.tar.gz.md5 && rm /tmp/pipe
"Write a Bash one‑liner that prints the number of processes each user is running, sorted descending, and highlights users with more than 100 processes.","ps -eo user= | sort | uniq -c | sort -nr | awk '{printf ""%s: %s processes"", $2, $1; if($1>100) print ""  ***""; else print """"}'"
"Find all ELF binaries in /usr/bin that are linked against libssl, and list their full paths with the version of libssl they use.","find /usr/bin -type f -executable -exec file {} \; | grep ELF | cut -d: -f1 | while read bin; do if ldd ""$bin"" | grep -q ""libssl""; then ver=$(ldd ""$bin"" | grep ""libssl"" | awk -F'[' '{print $2}' | tr -d ']'); echo ""$bin -> $ver""; fi; done"
"Generate a report of HTTP response codes from an Nginx access log, showing the count and percentage of each code, sorted by frequency.","total=$(wc -l < /var/log/nginx/access.log); awk '{print $9}' /var/log/nginx/access.log | sort | uniq -c | while read cnt code; do perc=$(awk ""BEGIN{printf \""%.2f\"", ($cnt/$total)*100}""); echo ""$code $cnt $perc%""; done | sort -k2 -nr"
"Write a Bash function that accepts a directory and a file extension, finds the newest N files (default 10) with that extension, and creates a zip archive named after the directory and timestamp.","archive_recent(){ local dir=""$1""; local ext=""$2""; local n=${3:-10}; local ts=$(date +%Y%m%d_%H%M%S); local archive=""${dir##*/}_$ts.zip""; find ""$dir"" -type f -name ""*.$ext"" -printf '%T@ %p\n' | sort -nr | head -n ""$n"" | cut -d' ' -f2- | zip -@ ""$archive""; echo ""Created $archive""; }"
"Search recursively for all JSON files under /data, extract the field ""user.id"" using jq, count unique IDs, and output the top 3 most frequent IDs.","find /data -type f -name '*.json' -print0 | xargs -0 -n1 jq -r '.""user""?.""id""' 2>/dev/null | grep -v null | sort | uniq -c | sort -nr | head -3"
"Monitor a directory /var/spool for new files, and when a new file appears, compute its SHA‑1 hash and move it to /var/processed with the hash prefixed to the filename.","inotifywait -m -e create --format '%w%f' /var/spool | while read newfile; do hash=$(sha1sum ""$newfile"" | awk '{print $1}'); base=$(basename ""$newfile""); mv ""$newfile"" ""/var/processed/${hash}_$base""; echo ""Processed $newfile -> ${hash}_$base""; done"
"Create a Bash one‑liner that prints the 5 most common file extensions in the current directory tree, ignoring case.",find . -type f -name '*.*' -printf '%f\n' | rev | cut -d. -f1 | rev | tr '[:upper:]' '[:lower:]' | sort | uniq -c | sort -nr | head -5
"Write a script that backs up all MySQL databases, compresses each dump with xz, stores them in /backup/mysql with timestamps, and logs successes and failures to /var/log/mysql_backup.log.","#!/usr/bin/env bash
log=/var/log/mysql_backup.log
mkdir -p /backup/mysql
mysql -e 'SHOW DATABASES;' -s --skip-column-names | while read db; do
  ts=$(date +%Y%m%d_%H%M%S)
  dump=""/backup/mysql/${db}_${ts}.sql""
  if mysqldump ""$db"" > ""$dump""; then
    xz ""$dump"" && echo ""$(date '+%F %T') SUCCESS $db"" >> $log
  else
    echo ""$(date '+%F %T') FAIL $db"" >> $log
    rm -f ""$dump""
  fi
done"
"Find all processes consuming more than 500 MB RSS, kill them gracefully, and if they persist after 10 seconds, force kill them, logging each action.","ps -eo pid,rss,comm --sort=-rss | awk '$2>512000 {print $1,$2,$3}' | while read pid mem cmd; do echo ""Killing $cmd (PID $pid, RSS ${mem}KB)""; kill $pid; sleep 10; if kill -0 $pid 2>/dev/null; then echo ""Force killing $pid""; kill -9 $pid; fi; done >> /var/log/highmem_kill.log 2>&1"
"Write a Bash function that takes a GitHub repository URL, clones it shallowly (depth 1), extracts the list of Go modules from go.mod, and prints each module with its version.","list_go_modules(){ local repo=""$1""; local dir=$(mktemp -d); git clone --depth 1 ""$repo"" ""$dir"" >/dev/null 2>&1 && if [ -f ""$dir/go.mod"" ]; then grep '^require' -A100 ""$dir/go.mod"" | grep -E '^[\t ]+[^ ]+ [^ ]+' | awk '{print $1, $2}'; else echo ""No go.mod found""; fi; rm -rf ""$dir""; }"
"Create a pipeline that reads a CSV file, filters rows where column 3 > 100, converts the result to JSON array, and writes to output.json.","csvtool col 3 input.csv | awk -F, '$3>100' | csv2json > output.json"
"Write a Bash one‑liner that prints the total number of lines of code (excluding blank lines and comments) for all Python files under src/, grouped by top‑level package directory.",find src -type f -name '*.py' -print0 | xargs -0 -n1 -P4 awk '/^[[:space:]]*#/ {next} /^[[:space:]]*$/ {next} {total+=1} END {print total}' | awk -F'/' '{print $2}' | sort | uniq -c
"Generate a report of the top 10 largest files on the system, showing size in human‑readable form, full path, and last modification date.","find / -type f -printf '%s %p\n' 2>/dev/null | sort -nr | head -10 | while read size path; do hrsize=$(numfmt --to=iec-i --suffix=B $size); mod=$(stat -c '%y' ""$path"" | cut -d'.' -f1); echo ""$hrsize $path $mod""; done"
"Write a Bash script that monitors the free space on /var, and when it falls below 5 GB, sends an email alert with a snapshot of the largest directories (top 5) using du.","#!/usr/bin/env bash
threshold=5368709120
while true; do
  free=$(df --output=avail /var | tail -1 | tr -d ' ')
  if (( free < threshold )); then
    report=$(du -h --max-depth=1 /var | sort -hr | head -5)
    echo -e ""Subject: Low Disk Space on /var\n\nFree space: $(numfmt --to=iec $free)\nTop directories:\n$report"" | sendmail admin@example.com
  fi
  sleep 300
done"
"Extract all JSON objects from a massive log file, filter those where ""status"" is ""error"", count occurrences per hour, and output a sorted table.","#!/usr/bin/env bash
# Stream‑process large log
jq -c '. as $line | select($line.status==""error"") | {ts: $line.timestamp, msg: $line.message}' huge.log \
  | awk -F""[T:]"" '{print $2"":""$3}' \
  | sort | uniq -c | sort -nr | awk '{printf ""%s\t%s\n"", $2, $1}'"
"Create a Bash function that accepts a directory path and prints a tree of all symbolic links that point outside the given directory, showing the target absolute path.","#!/usr/bin/env bash
find_symlinks_outside(){
  local base=$(realpath ""$1"")
  find ""$base"" -type l -printf ""%p %l\n"" | while read -r link target; do
    t=$(realpath -m ""$target"")
    case ""$t"" in $base/*) ;; *) printf ""%s -> %s\n"" ""$link"" ""$t"" ;; esac
  done
}
# Usage: find_symlinks_outside /opt/app"
"Monitor CPU usage every 5 seconds for 1 minute, compute the average, and send an email alert if the average exceeds 80%. Assume mailx is configured.","#!/usr/bin/env bash
samples=12
sum=0
for i in $(seq 1 $samples); do
  cpu=$(top -bn1 | grep ""%Cpu(s)"" | awk -F',' '{print $4}' | awk '{print $1}')
  sum=$(echo ""$sum + $cpu"" | bc)
  sleep 5
done
avg=$(echo ""scale=2; $sum / $samples"" | bc)
if (( $(echo ""$avg > 80"" | bc -l) )); then
  echo ""Average CPU usage $avg% exceeds threshold"" | mailx -s ""CPU Alert"" admin@example.com
fi"
"Recursively replace all occurrences of the string ""fooBar"" with ""bazQux"" in *.conf files, but only in files that contain the word ""enabled"".","#!/usr/bin/env bash
find . -type f -name ""*.conf"" -exec grep -Iq ""enabled"" {} \; -print0 | xargs -0 -r sed -i 's/fooBar/bazQux/g'"
"List the top 10 processes by memory usage, show PID, user, %MEM, command, and write the output to a timestamped CSV file.","#!/usr/bin/env bash
ps -eo pid,user,%mem,comm --sort=-%mem | head -n 11 | tail -n 10 | awk 'BEGIN{FS=OFS="",""; print ""PID,User,%MEM,Command""} {print $1,$2,$3,$4}' > processes_$(date +%F_%H%M%S).csv"
"Generate a report of all failed SSH login attempts in the last 7 days, showing source IP, username, and count per IP, sorted descending.","#!/usr/bin/env bash
journalctl -u sshd --since ""7 days ago"" | grep ""Failed password"" | awk -F' ' '{for(i=1;i<=NF;i++) if($i==""for"") user=$(i+1); if($i==""from"") ip=$(i+1)} {print ip, user}' | sort | uniq -c | sort -nr | awk '{printf ""%s\t%s\t%s\n"", $2, $3, $1}'"
"Create a one‑liner that finds all empty directories under /data, deletes them, and logs each deletion to /var/log/empty_dirs.log with a timestamp.","find /data -type d -empty -print0 | while IFS= read -r -d '' dir; do rmdir ""$dir"" && echo ""$(date +%F_%T) Deleted: $dir"" >> /var/log/empty_dirs.log; done"
"Write a Bash script that monitors a given URL every 30 seconds, extracts the JSON field ""status"", and writes a rolling 24‑hour log of status changes, rotating the log daily.","#!/usr/bin/env bash
url=$1
logdir=/var/log/url_monitor
mkdir -p ""$logdir""
while true; do
  status=$(curl -s ""$url"" | jq -r '.status')
  ts=$(date +%F_%T)
  echo ""$ts $status"" >> ""$logdir/status_$(date +%F).log""
  sleep 30
done"
"Find all files in /srv that are not owned by root, change their group to ""admin"", and set SGID bit on directories to inherit the group.","#!/usr/bin/env bash
find /srv \( -type f -o -type d \) ! -user root -exec chgrp admin {} +
find /srv -type d -exec chmod 2775 {} +"
"Extract the 3rd column from a CSV file, remove duplicate values, sort them numerically, and write the result to a new file.","cut -d',' -f3 input.csv | sort -u -n > unique_sorted_column3.txt"
"Using GNU parallel, compress all .txt files in /logs that are older than 30 days, limiting to 4 concurrent jobs, and move the .gz files to /archive.","#!/usr/bin/env bash
find /logs -type f -name ""*.txt"" -mtime +30 -print0 | parallel -0 -j4 'gzip -c {} > {}.gz && mv {}.gz /archive && rm {}'"
"Create a Bash function that takes a git repository URL, clones it into /opt/repos if not present, pulls latest changes if it exists, and prints the latest commit hash.","#!/usr/bin/env bash
update_repo(){
  local url=$1
  local name=$(basename ""$url"" .git)
  local dir=/opt/repos/$name
  if [[ -d $dir/.git ]]; then
    (cd ""$dir"" && git pull --quiet)
  else
    git clone --quiet ""$url"" ""$dir""
  fi
  (cd ""$dir"" && git rev-parse HEAD)
}
# Usage: update_repo https://github.com/user/project.git"
"List all open network ports with the owning process name, filter for ports > 1024, and output JSON array.","#!/usr/bin/env bash
ss -tunlp | awk 'NR>1 {print $5,$7}' | while read -r addr proc; do
  port=$(echo ""$addr"" | awk -F':' '{print $NF}')
  name=$(echo ""$proc"" | sed -n 's/.*""\([^\""]*\)"".*/\1/p')
  if (( port > 1024 )); then
    printf '{""port"":%s,""process"":""%s""},' ""$port"" ""$name""
  fi
done | sed 's/,$//' | awk '{print ""[""$0""]""}'"
"Find all Docker containers that have been exited for more than 2 days and remove them, logging container IDs to /var/log/docker_cleanup.log.","#!/usr/bin/env bash
docker ps -a --filter ""status=exited"" --format ""{{.ID}} {{.CreatedAt}}"" | while read -r id date; do
  if [[ $(date -d ""$date"" +%s) -lt $(date -d ""2 days ago"" +%s) ]]; then
    docker rm ""$id"" && echo ""$(date +%F_%T) Removed $id"" >> /var/log/docker_cleanup.log
  fi
done"
"Write a one‑liner that watches /var/log/syslog for new lines containing the word ""panic"", extracts the timestamp and message, and sends a Slack webhook notification.","tail -F /var/log/syslog | grep --line-buffered ""panic"" | while read -r line; do ts=$(echo ""$line"" | awk '{print $1"" ""$2"" ""$3}'); msg=$(echo ""$line"" | cut -d' ' -f4-); curl -X POST -H 'Content-type: application/json' --data ""{\""text\"": \""$ts: $msg\""}"" https://hooks.slack.com/services/XXXXX/XXXXX/XXXXX; done"
"Compress all .png images in /pictures that are larger than 5 MiB using pngquant, keep originals, and generate a summary report of original vs compressed size.","#!/usr/bin/env bash
report=/tmp/png_compress_report.txt
> ""$report""
find /pictures -type f -name ""*.png"" -size +5M -print0 | while IFS= read -r -d '' img; do
  orig=$(stat -c%s ""$img"")
  pngquant --skip-if-larger --output ""${img%.png}-fs8.png"" ""$img"" && comp=$(stat -c%s ""${img%.png}-fs8.png"")
  echo ""${img}: $orig -> $comp bytes"" >> ""$report""
done"
"Create a Bash script that backs up MySQL databases listed in a file (one per line), compresses each dump with gzip, and uploads to an S3 bucket using awscli, retrying up to 3 times on failure.","#!/usr/bin/env bash
bucket=s3://my-backups/mysql
while read -r db; do
  for attempt in {1..3}; do
    mysqldump ""$db"" | gzip > ""/tmp/${db}.sql.gz"" && \
    aws s3 cp ""/tmp/${db}.sql.gz"" ""$bucket/${db}_$(date +%F).sql.gz"" && rm ""/tmp/${db}.sql.gz"" && break
    echo ""Attempt $attempt for $db failed, retrying..."" >&2
  done
done < db_list.txt"
"Find all Java .class files in /opt/app, decompile them with CFR, and store the .java files preserving the package directory structure under /opt/decompiled.","#!/usr/bin/env bash
mkdir -p /opt/decompiled
find /opt/app -type f -name ""*.class"" -print0 | while IFS= read -r -d '' cls; do
  rel=${cls#/opt/app/}
  dir=$(dirname ""$rel"")
  mkdir -p ""/opt/decompiled/$dir""
  cfr ""$cls"" --outputdir ""/opt/decompiled/$dir""
done"
"Write a Bash one‑liner that extracts all IPv4 addresses from access.log, counts occurrences, and prints the top 5 attackers.","awk '{for(i=1;i<=NF;i++) if($i ~ /([0-9]{1,3}\.){3}[0-9]{1,3}/) print $i}' access.log | sort | uniq -c | sort -nr | head -5"
"Create a script that monitors disk usage of /home, alerts via systemd-notify if usage exceeds 90%, and writes a JSON status file to /var/run/home_usage.json.","#!/usr/bin/env bash
threshold=90
while true; do
  usage=$(df -h /home | awk 'NR==2 {gsub(/%/,"""",$5); print $5}')
  echo ""{\""home_usage\"": $usage}"" > /var/run/home_usage.json
  if (( usage > threshold )); then
    systemd-notify --ready && logger ""Home partition usage $usage% exceeds $threshold%""
  fi
  sleep 300
done"
"Using find and xargs, locate all executable files under /usr/local/bin that contain the string ""TODO"" in their source (assume they are scripts), and prepend a comment line with the current date.","find /usr/local/bin -type f -executable -name ""*"" -print0 | xargs -0 -I{} sh -c ""if head -n 1 {} | grep -q '^#!'; then grep -q 'TODO' {} && sed -i '1i# Added on $(date +%F)' {} ; fi"""
"Write a Bash function that accepts a directory and prints a histogram of file size ranges (0‑1KB, 1KB‑10KB, 10KB‑100KB, 100KB‑1MB, >1MB).","#!/usr/bin/env bash
size_histogram(){
  local dir=$1
  find ""$dir"" -type f -printf ""%s\n"" | awk '{
    if($1<1024) r=""0-1KB"";
    else if($1<10240) r=""1KB-10KB"";
    else if($1<102400) r=""10KB-100KB"";
    else if($1<1048576) r=""100KB-1MB"";
    else r="">1MB"";
    count[r]++
  } END{for(r in count) printf ""%s: %d\n"", r, count[r]}'
}
# Usage: size_histogram /var/log"
"Find all Git repositories under /projects, compute the total number of lines of code (excluding binary files) for each repo, and output a CSV of repo path and LOC.","#!/usr/bin/env bash
printf ""Repo,LOC\n"" > repo_loc.csv
find /projects -type d -name "".git"" -prune -print0 | while IFS= read -r -d '' gitdir; do
  repo=$(dirname ""$gitdir"")
  loc=$(git -C ""$repo"" ls-files | xargs -d '\n' file --mime-type | grep -i ""text"" | cut -d: -f1 | xargs cat | wc -l)
  printf ""%s,%s\n"" ""$repo"" ""$loc"" >> repo_loc.csv
done"
"Create a one‑liner that watches for new USB storage devices, mounts them under /mnt/usb-<serial>, and logs mount events to syslog.","udevadm monitor --subsystem-match=block --property | while read -r line; do echo ""$line"" | grep -q ""ID_SERIAL="" && serial=$(echo ""$line"" | grep ID_SERIAL= | cut -d= -f2) && dev=$(echo ""$line"" | grep DEVNAME= | cut -d= -f2) && mkdir -p /mnt/usb-$serial && mount ""$dev"" /mnt/usb-$serial && logger ""Mounted $dev at /mnt/usb-$serial""; done"
"Write a Bash script that reads a list of URLs from urls.txt, downloads each with curl (max 5 retries, 10 s timeout), saves to /data with filenames based on SHA256 of the URL, and logs successes and failures.","#!/usr/bin/env bash
log=/var/log/downloads.log
while read -r url; do
  fname=$(echo -n ""$url"" | sha256sum | cut -d' ' -f1)
  for i in {1..5}; do
    if curl -m 10 -sSL ""$url"" -o ""/data/$fname""; then
      echo ""$(date +%F_%T) SUCCESS $url -> $fname"" >> $log; break
    else
      echo ""$(date +%F_%T) RETRY $i $url"" >> $log
    fi
  done
  if (( i == 5 )); then
    echo ""$(date +%F_%T) FAILURE $url"" >> $log
  fi
done < urls.txt"
"Using awk and sed, transform a CSV file with columns: name,age,city into a JSON array of objects, handling commas inside quoted fields.","#!/usr/bin/env bash
awk 'BEGIN{FS="",""; OFS="",""; print ""[""} NR>1{gsub(/""""/, ""\""""); printf ""  {\""name\"": \""%s\"", \""age\"": %s, \""city\"": \""%s\""},\n"", $1, $2, $3} END{print ""]""}' input.csv | sed '$s/},/}/' > output.json"
"Recursively find all ""*.log"" files larger than 100 MiB in /var/log, compress them with gzip preserving the original timestamps, and generate a CSV report (path,size,compressed_size).","find /var/log -type f -name ""*.log"" -size +100M -print0 | while IFS= read -r -d '' file; do orig_size=$(stat -c%s ""$file""); gzip -n ""$file""; comp_size=$(stat -c%s ""${file}.gz""); printf ""%s,%s,%s\n"" ""$file"" ""$orig_size"" ""$comp_size""; done > /tmp/compression_report.csv"
"Create a Bash function that accepts a directory and a regex, then lists all files whose names match the regex, showing their permissions, owner, size, and last modification time in a table sorted by size descending.","list_files_by_regex() {
  local dir=""$1""
  local regex=""$2""
  find ""$dir"" -type f -regextype posix-extended -regex "".*$regex"" -printf ""%M %u %s %TY-%Tm-%Td %TH:%TM:%TS %p\n"" |
    sort -k3 -nr
}
# Usage: list_files_by_regex /etc ""\.conf$"""
"Parse a JSON file containing an array of objects with fields ""name"" and ""url"", download each URL with curl showing a progress bar, and save each file using the corresponding name, retrying up to 3 times on failure.","jq -r '.[] | ""\(.name) \(.url)""' urls.json | while read -r name url; do
  attempts=0
  until curl -L --progress-bar -o ""$name"" ""$url""; do
    attempts=$((attempts+1))
    [ $attempts -ge 3 ] && echo ""Failed to download $url after 3 attempts"" && break
    echo ""Retry $attempts for $url...""
  done
done"
"Monitor CPU and memory usage of all processes owned by a given user every 10 seconds for 5 minutes, write the output to a timestamped CSV file, and generate a summary (average, max) at the end.","user=$1
end=$((SECONDS+300))
outfile=""/tmp/${user}_usage_$(date +%Y%m%d_%H%M%S).csv""
echo ""timestamp,cpu_percent,mem_percent"" > ""$outfile""
while [ $SECONDS -lt $end ]; do
  ts=$(date +%s)
  ps -u ""$user"" -o %cpu,%mem --no-headers | awk -v ts=$ts '{cpu+=$1; mem+=$2; count++} END {if(count) printf ""%s,%.2f,%.2f\n"", ts, cpu/count, mem/count}' >> ""$outfile""
  sleep 10
done
awk -F, 'NR>1 {cpu+=$2; mem+=$3; if($2>cpu_max) cpu_max=$2; if($3>mem_max) mem_max=$3; n++} END {print ""Average CPU:"",cpu/n; print ""Max CPU:"",cpu_max; print ""Average MEM:"",mem/n; print ""Max MEM:"",mem_max}' ""$outfile"""
"Find all symbolic links under /usr/local that are broken, replace each with a copy of the target file if it exists elsewhere in the filesystem, otherwise remove the link; log actions to /var/log/broken_links.log.","find /usr/local -type l ! -exec test -e {} \; -print0 | while IFS= read -r -d '' link; do
  target=$(readlink ""$link"")
  real=$(find / -type f -name ""$(basename ""$target"")"" 2>/dev/null | head -n1)
  if [ -n ""$real"" ]; then
    cp --preserve=mode,ownership,timestamps ""$real"" ""$(dirname ""$link"")/$(basename ""$target"")""
    echo ""$(date +%F_%T) REPLACED $link with copy of $real"" >> /var/log/broken_links.log
  else
    rm ""$link""
    echo ""$(date +%F_%T) REMOVED broken link $link"" >> /var/log/broken_links.log
  fi
done"
"Write a one‑liner that lists the top 10 processes by resident memory, shows PID, command, and memory in MB, and sends an email alert if any exceeds 1 GiB, using mailx.","ps -eo pid,comm,rss --sort=-rss | head -n 11 | awk 'NR>1 {mem_mb=$3/1024; printf ""%s %s %.2fMB\n"", $1, $2, mem_mb; if(mem_mb>1024) print $1 > ""/tmp/alert_pids""}' | mailx -s ""High memory usage alert"" user@example.com < /dev/null"
"Create a Bash script that watches a directory for new files (using inotifywait), computes their SHA256 checksum, and appends a line ""filename checksum"" to /var/log/file_checksums.log, handling spaces in filenames.","#!/usr/bin/env bash
watch_dir=""/data/incoming""
logfile=""/var/log/file_checksums.log""
inotifywait -m -e close_write --format ""%w%f"" ""$watch_dir"" | while read -r filepath; do
  checksum=$(sha256sum ""$filepath"" | awk '{print $1}')
  echo ""$(date +%F_%T) $filepath $checksum"" >> ""$logfile""
done"
"Using only POSIX tools, extract all IPv4 addresses from a mixed‑content file, deduplicate them, sort numerically, and write them to a file named ""ips.txt"".","grep -Eo '([0-9]{1,3}\.){3}[0-9]{1,3}' mixed.txt | sort -u -t. -k1,1n -k2,2n -k3,3n -k4,4n > ips.txt"
"Generate a tarball of all modified Python (*.py) files in the last 24 hours from the current repo, preserving directory structure, and encrypt it with OpenSSL AES‑256, prompting for a password.","git ls-files ""*.py"" | while read -r f; do
  if [ $(find ""$f"" -mtime -1 -printf '.' 2>/dev/null) ]; then
    echo ""$f""
  fi
done | tar -czf - -T - | openssl enc -aes-256-cbc -salt -out modified_py_$(date +%Y%m%d).tar.gz.enc"
"Write a Bash one‑liner that prints the number of lines added, deleted, and total changed files in the last 5 git commits on the current branch.","git log -5 --pretty=format:"""" --numstat | awk '{added+=$1; deleted+=$2; files++} END {print ""Added:"",added,""Deleted:"",deleted,""Files changed:"",files}'"
"Create a function that accepts a URL to a JSON API, fetches the data with curl, extracts the field ""data.items[*].id"" using jq, and writes each ID to a separate file named ""id_<value>.txt"" in /tmp.","fetch_ids() {
  local url=""$1""
  curl -sSf ""$url"" | jq -r '.data.items[].id' | while read -r id; do
    echo ""$id"" > ""/tmp/id_${id}.txt""
  done
}
# Example: fetch_ids https://api.example.com/endpoint"
"Using find, locate all executable files owned by root that have not been accessed in the last 180 days, list them with their size in human‑readable form, and optionally delete them after confirmation.","find / -type f -executable -user root -atime +180 -exec ls -lh {} + | awk '{print $5, $9}' | while read -r size path; do
  echo ""Found: $path ($size)""
  read -p ""Delete? [y/N] "" ans
  if [[ $ans == [Yy]* ]]; then
    rm -f ""$path""
    echo ""Deleted $path""
  fi
done"
"Write a pipeline that reads a CSV file with columns ""date,value"", filters rows where the date is within the last 30 days, computes the average of ""value"", and outputs the result with two decimal places.","csv_file=""data.csv""
awk -F, -v today=$(date +%s) -v month=2592000 '{if(NR==1)next; cmd=""date -d ""$1"" +%s""; cmd|getline ts; close(cmd); if((today-ts)<=month) sum+=$2; count++} END {if(count) printf ""Average: %.2f\n"", sum/count}' ""$csv_file"""
"Construct a Bash script that backs up all MySQL databases, compresses each dump with xz, stores them in /backup/mysql/YYYY/MM/DD/, and rotates backups older than 30 days.","#!/usr/bin/env bash
backup_root=""/backup/mysql""
now=$(date +%Y/%m/%d)
mkdir -p ""$backup_root/$now""
databases=$(mysql -Nse 'show databases')
for db in $databases; do
  mysqldump ""$db"" | xz > ""$backup_root/$now/${db}.sql.xz""
done
find ""$backup_root"" -type f -name ""*.xz"" -mtime +30 -delete"
"Using only Bash built‑ins and grep, count how many times each distinct error level (INFO, WARN, ERROR, DEBUG) appears in a log file and display the counts sorted descending.",grep -oE '\b(INFO|WARN|ERROR|DEBUG)\b' application.log | sort | uniq -c | sort -nr
"Write a one‑liner that replaces all occurrences of the word ""foo"" with ""bar"" in all "".conf"" files under /etc, but only in lines that are not commented out (i.e., do not start with #), preserving backup copies with extension .bak.","find /etc -type f -name ""*.conf"" -print0 | xargs -0 -I{} sed -i.bak '/^[[:space:]]*#/! s/\bfoo\b/bar/g' {}"
"Create a Bash function that takes a directory and a file extension, calculates the total size of all files with that extension, and prints the size in megabytes with three decimal places.","total_size() {
  local dir=""$1""
  local ext=""$2""
  local bytes=$(find ""$dir"" -type f -name ""*.$ext"" -printf ""%s\n"" | awk '{total+=$1} END {print total}')
  printf ""Total size: %.3f MB\n"" ""$(echo ""scale=6; $bytes/1024/1024"" | bc)""
}
# Usage: total_size /var/log log"
"Write a command that extracts the usernames of all users who have sudo privileges from /etc/sudoers and any files in /etc/sudoers.d/, ignoring comments and includes, and outputs a sorted unique list.","grep -hE '^%|^[^#]*ALL' /etc/sudoers /etc/sudoers.d/* 2>/dev/null | grep -v '^#' | awk '{for(i=1;i<=NF;i++) if($i==""ALL"") print $(i-1)}' | sed 's/^%//' | sort -u"
"Using awk and sed, transform a tab‑separated values (TSV) file into a JSON array where each line becomes an object with keys from the header row.","awk -F'	' 'NR==1{for(i=1;i<=NF;i++)h[i]=$i;next}{printf ""%s{"",sep; for(i=1;i<=NF;i++) printf ""\""%s\"": \""%s\""%s"",h[i],$i,(i<NF?"", "":""}""); sep="", ""; print ""}""} END{print ""]""}' OFS=, input.tsv | sed '1s/^/[/'"
"Develop a Bash script that reads a list of hostnames from hosts.txt, pings each host in parallel (max 10 concurrent jobs), and writes reachable hosts to reachable.txt and unreachable ones to unreachable.txt.","#!/usr/bin/env bash
max_jobs=10
sem(){
  while [ $(jobs -rp | wc -l) -ge $max_jobs ]; do sleep 0.1; done
  ""$@"" &
}
while read -r host; do
  sem bash -c ""if ping -c1 -W1 \""$host\"" &>/dev/null; then echo \""$host\"" >> reachable.txt; else echo \""$host\"" >> unreachable.txt; fi""
done < hosts.txt
wait"
"Write a pipeline that reads a large JSON lines file (one JSON object per line), filters objects where ""status"" is ""failed"", extracts the ""id"" and ""timestamp"" fields, and writes a CSV file sorted by timestamp descending.","jq -r 'select(.status==""failed"") | [.id, .timestamp] | @csv' large.jsonl | sort -t, -k2,2r > failed_items.csv"
"Create a Bash one‑liner that lists all mounted filesystems, shows their mount point, total size, used percentage, and flags if usage exceeds 80%, using df and column for alignment.","df -h --output=target,size,pcent | tail -n +2 | awk '{printf ""%s %s %s"", $1, $2, $3; if($3+0>80) printf "" *""; print """"}' | column -t"
"Write a command that finds all files in /var/www that have been modified in the last hour, computes their MD5 hash, and stores the mapping (filepath,hash) in a SQLite database table ""file_hashes"" (create if not exists).","sqlite3 /var/www/file_hashes.db ""CREATE TABLE IF NOT EXISTS file_hashes(path TEXT PRIMARY KEY, md5 TEXT);""
find /var/www -type f -mmin -60 -print0 | while IFS= read -r -d '' f; do
  hash=$(md5sum ""$f"" | awk '{print $1}')
  sqlite3 /var/www/file_hashes.db ""INSERT OR REPLACE INTO file_hashes(path,md5) VALUES('$(sqlite3 -quote ""$f"")','$hash');""
done"
"Using only Bash and coreutils, generate a histogram (text bar chart) of the distribution of file sizes (in MB) for all regular files under /opt, with buckets of size 10 MB (0‑9,10‑19,…).","find /opt -type f -printf ""%s\n"" | awk '{mb=int($1/1024/1024/10); count[mb]++} END {for(b in count){printf ""%02d‑%02d MB | "", b*10, b*10+9; for(i=0;i<count[b];i++) printf ""#""; print "" (""count[b]"")""}}'"
"Write a Bash function that takes a Git commit hash, lists all files changed in that commit, and for each file shows the number of added and deleted lines using git diff‑stat.","commit_stats() {
  local commit=""$1""
  git show --stat --oneline ""$commit"" | tail -n +2 | awk '{print $1, $2, $3}'
}
# Example: commit_stats a1b2c3d"
"Create a one‑liner that extracts all URLs from a set of HTML files in /var/www/html, normalizes them (removing query strings and fragments), deduplicates, and writes to urls.txt.","grep -hoE 'href=""[^""]+""' /var/www/html/*.html | sed -E 's/href=""([^?#]+).*/\1/' | sort -u > urls.txt"
"Write a Bash function that monitors a directory for new CSV files, extracts the third column, aggregates unique values, and writes the result to a JSON file using jq.","monitor_csv(){
  dir=""$1""
  out=""$2""
  inotifywait -m -e create --format ""%f"" ""$dir"" | while read file; do
    [[ ""$file"" == *.csv ]] || continue
    awk -F',' '{print $3}' ""$dir/$file"" | sort -u | jq -R -s -c 'split(""\n"")[:-1]' > ""$out""
  done
}
# Usage: monitor_csv /path/to/watch /tmp/unique_vals.json"
"Using find, xargs, and perl, replace all occurrences of the string 'TODO' with 'DONE' in every .py file under the current directory, but only in files that contain the word 'FIXME'.","find . -type f -name ""*.py"" -exec grep -Il ""FIXME"" {} + | xargs perl -pi -e 's/TODO/DONE/g'"
"Create a one‑liner that lists the top 10 IP addresses by request count from an Apache access.log, showing the count and IP, sorted descending.",awk '{print $1}' /var/log/apache2/access.log | sort | uniq -c | sort -rn | head -n 10
"Write a Bash script that reads a JSON file containing an array of URLs, downloads each with curl (max 3 concurrent downloads), saves them to /tmp/downloads, and logs any failures to errors.log.","#!/usr/bin/env bash
json_file=""urls.json""
mkdir -p /tmp/downloads
jq -r '.[]' ""$json_file"" | xargs -P3 -I{} bash -c 'curl -sf ""{}"" -o ""/tmp/downloads/$(basename {})"" || echo ""Failed: {}"" >> errors.log'"
"Generate a command that finds all empty regular files larger than 1 KB (i.e., size 0 but allocated blocks), deletes them, and logs the deleted paths to /var/log/empty_files.log.",find / -type f -size 0c -size +1k -print -delete >> /var/log/empty_files.log 2>/dev/null
"Using sed and awk, transform a CSV file (comma‑separated) where the second column is a date in DD/MM/YYYY format into ISO‑8601 (YYYY‑MM‑DD) and output to a new file.","awk -F',' 'BEGIN{OFS="",""} {split($2,d,""/""); $2=sprintf(""%04d-%02d-%02d"",d[3],d[2],d[1]); print}' input.csv > output.csv"
"Write a Bash one‑liner that monitors CPU usage every 5 seconds, writes the timestamp and load average to /var/log/cpu_monitor.log, and sends an email alert if load > 4.0.","while :; do load=$(awk '{print $1}' /proc/loadavg); ts=$(date '+%Y-%m-%d %H:%M:%S'); echo ""$ts Load:$load"" >> /var/log/cpu_monitor.log; (( $(echo ""$load > 4.0"" | bc -l) )) && echo ""High load $load at $ts"" | mail -s ""CPU Alert"" admin@example.com; sleep 5; done"
"Create a Bash function that accepts a directory path, finds all JPEG images larger than 5 MB, creates a thumbnail (200 px width) using ImageMagick, stores thumbnails in a .thumbs subdirectory preserving hierarchy, and logs actions.","generate_thumbs(){
  src=""$1""
  dst=""$src/.thumbs""
  mkdir -p ""$dst""
  find ""$src"" -type f -iname ""*.jpg"" -size +5M | while read img; do
    rel=${img#""$src/""}
    thumb_dir=""$dst/$(dirname ""$rel"")""
    mkdir -p ""$thumb_dir""
    convert ""$img"" -thumbnail 200 ""$thumb_dir/$(basename ""$img"")""
    echo ""Created thumbnail for $img"" >> ""$dst/thumbs.log""
  done
}
# Usage: generate_thumbs /path/to/photos"
"Write a command that extracts all JSON objects from a mixed‑content log file, pretty‑prints them with jq, and writes to json_output.txt, ignoring malformed lines.",grep -o '{[^}]*}' mixed.log | jq -c . 2>/dev/null > json_output.txt
"Using a combination of ps, grep, and awk, list the PID, user, and command of all processes consuming more than 100 MB RSS, sorted by memory usage descending.","ps -eo pid,user,rss,cmd --no-headers | awk '$3>102400 {print $1,$2,$3,$4}' | sort -k3 -nr"
"Create a Bash one‑liner that backs up all MySQL databases, compresses each dump with gzip, names them with the DB name and date, and stores them in /backup/mysql, removing backups older than 30 days.","for db in $(mysql -Nse 'show databases'); do mysqldump ""$db"" | gzip > ""/backup/mysql/${db}_$(date +%F).sql.gz""; done && find /backup/mysql -name ""*.gz"" -mtime +30 -delete"
"Write a script that reads a list of usernames from users.txt, checks if each user exists on the system, creates the user if missing with a random password, forces password change on first login, and logs actions.","#!/usr/bin/env bash
while read user; do
  if id ""$user"" &>/dev/null; then
    echo ""User $user already exists"" >> user_mgmt.log
  else
    pass=$(openssl rand -base64 12)
    useradd -m -p ""$(openssl passwd -1 $pass)"" ""$user""
    chage -d 0 ""$user""
    echo ""Created $user with password $pass"" >> user_mgmt.log
  fi
done < users.txt"
"Generate a command that finds all symbolic links under /etc that are broken, replaces each with a copy of the target file if it exists elsewhere, otherwise deletes the link, and logs actions.","find /etc -xtype l | while read link; do target=$(readlink -f ""$link""); if [[ -e ""$target"" ]]; then cp -a ""$target"" ""$(dirname ""$link"")/$(basename ""$target"")"" && echo ""Replaced $link with copy of $target"" >> /var/log/link_fix.log; else rm -f ""$link"" && echo ""Removed broken link $link"" >> /var/log/link_fix.log; fi; done"
"Write a Bash one‑liner that monitors a log file for the keyword 'ERROR', prints the last 5 lines of context, and sends an SMS via Twilio when a new error appears.","tail -F /var/log/app.log | grep --line-buffered -i ""ERROR"" | while read line; do context=$(tail -n5 /var/log/app.log); curl -X POST https://api.twilio.com/2010-04-01/Accounts/ACXXXXX/Messages.json \
  -u ACXXXXX:your_auth_token \
  -d Body=""New error detected:\n$line\nContext:\n$context"" \
  -d From=+1234567890 -d To=+1987654321; done"
"Create a Bash function that accepts a git repository URL, clones it shallowly (depth 1), runs a static analysis tool (e.g., shellcheck) on all .sh files, outputs a JSON report, and cleans up the clone.","run_static(){
  repo=""$1""
  workdir=$(mktemp -d)
  git clone --depth 1 ""$repo"" ""$workdir"" >/dev/null 2>&1
  pushd ""$workdir"" >/dev/null
  files=$(find . -type f -name ""*.sh"")
  report=$(printf '{""repo"":""%s"",""issues"":[
' ""$repo"")
  first=1
  for f in $files; do
    out=$(shellcheck -f json ""$f"" 2>/dev/null)
    if [[ -n $out ]]; then
      [[ $first -eq 0 ]] && report+="",""
      report+=""$out""
      first=0
    fi
  done
  report+=""]}""
  echo ""$report"" > /tmp/static_report.json
  popd >/dev/null
  rm -rf ""$workdir""
}
# Usage: run_static https://github.com/user/repo.git"
"Write a command that extracts all IPv4 addresses from a large text file, counts occurrences, and outputs the top 5 most frequent IPs.","grep -Eo '([0-9]{1,3}\.){3}[0-9]{1,3}' bigfile.txt | sort | uniq -c | sort -rn | head -n5"
"Using find, tar, and openssl, create an encrypted archive of all files in /etc modified in the last week, naming the archive with the current date, and store it in /secure_backups.","archive=""/secure_backups/etc_$(date +%F).tar.gz.enc""
find /etc -type f -mtime -7 -print0 | tar --null -czf - --files-from - | openssl enc -aes-256-cbc -salt -out ""$archive"" -pass pass:MyStrongPass"
"Write a Bash one‑liner that watches a directory for new .log files, tails the last 20 lines of each new file, and appends them to a central aggregated.log, ensuring no duplicate lines.","inotifywait -m -e create --format ""%w%f"" /var/log/watchdir | while read file; do [[ ""$file"" == *.log ]] && tail -n20 ""$file"" >> /var/log/aggregated.log && sort -u -o /var/log/aggregated.log /var/log/aggregated.log; done"
"Create a script that reads a CSV of hostnames and ports, checks each with nc for reachability, outputs a JSON array of reachable hosts, and logs failures.","#!/usr/bin/env bash
input=""hosts.csv""
result='[\n'
first=1
while IFS=, read -r host port; do
  if nc -z -w3 ""$host"" ""$port""; then
    [[ $first -eq 0 ]] && result+="",\n""
    result+=""  {\""host\"": \""$host\"", \""port\"": $port}""
    first=0
  else
    echo ""Failed: $host:$port"" >> reach_fail.log
  fi
done < ""$input""
result+='\n]'
echo -e ""$result"" > reachable.json"
"Write a Bash one‑liner that prints the total size of all files owned by each user in /home, sorted descending.","find /home -type f -printf ""%u %s\n"" | awk '{arr[$1]+=$2} END{for(u in arr) printf ""%s %s\n"", u, arr[u]}' | sort -k2 -nr"
"Generate a command that uses ffmpeg to batch‑convert all .avi videos in a directory to .mp4 with H.264 codec, preserving original filenames, and logs conversion time for each file.","for f in *.avi; do start=$(date +%s); ffmpeg -i ""$f"" -c:v libx264 -preset medium -crf 23 ""${f%.avi}.mp4"" && end=$(date +%s) && echo ""$f converted in $((end-start)) seconds"" >> conversion.log; done"
"Write a Bash function that accepts a PID, monitors its open file descriptors every second, writes a CSV of timestamp, FD count, and total bytes read/written to /tmp/fd_monitor.csv, and stops when the process exits.","monitor_fds(){
  pid=$1
  echo ""timestamp,fd_count,bytes_read,bytes_written"" > /tmp/fd_monitor.csv
  while kill -0 $pid 2>/dev/null; do
    ts=$(date +%s)
    fd=$(ls /proc/$pid/fd | wc -l)
    io=$(cat /proc/$pid/io 2>/dev/null || echo -e ""read_bytes: 0\nwrite_bytes: 0"")
    read_bytes=$(echo ""$io"" | awk -F': ' '/read_bytes/ {print $2}')
    write_bytes=$(echo ""$io"" | awk -F': ' '/write_bytes/ {print $2}')
    echo ""$ts,$fd,$read_bytes,$write_bytes"" >> /tmp/fd_monitor.csv
    sleep 1
  done
}
# Usage: monitor_fds 1234"
"Create a one‑liner that extracts all URLs from an HTML file, filters out those ending with .pdf, and downloads the remaining files concurrently (max 5 at a time) to ./downloads.","grep -Eo '(http|https)://[^""'\> ]+' page.html | grep -v '\.pdf$' | xargs -n1 -P5 -I{} curl -s -O ""{}"" -C - -o ./downloads/$(basename {})"
"Write a Bash script that rotates logs: compresses logs older than 7 days with gzip, moves them to /var/log/archive, and creates a new empty log file with the same name, preserving permissions.","#!/usr/bin/env bash
logdir=""/var/log""
archive_dir=""/var/log/archive""
mkdir -p ""$archive_dir""
find ""$logdir"" -type f -name ""*.log"" -mtime +7 | while read log; do
  perm=$(stat -c %a ""$log"")
  gzip -c ""$log"" > ""$archive_dir/$(basename ""$log"").gz""
  chmod $perm ""$archive_dir/$(basename ""$log"").gz""
  : > ""$log""
  chmod $perm ""$log""
  echo ""Rotated $log"" >> ""$logdir/rotate.log""
 done"
"Generate a command that lists all Docker containers that have been stopped for more than 24 hours and removes them, logging the container IDs to /var/log/docker_cleanup.log.","docker ps -a --filter ""status=exited"" --filter ""until=24h"" --format ""{{.ID}}"" | while read cid; do docker rm ""$cid"" && echo ""$cid removed at $(date)"" >> /var/log/docker_cleanup.log; done"
"Write a Bash one‑liner that reads a list of package names from packages.txt, checks if each is installed via dpkg, installs missing ones with apt-get (non‑interactive), and writes a summary report to install_report.txt.","while read pkg; do dpkg -s ""$pkg"" &>/dev/null && echo ""$pkg already installed"" || { apt-get install -y ""$pkg"" >/dev/null 2>&1 && echo ""$pkg installed"" || echo ""$pkg failed""; } done < packages.txt > install_report.txt"
"Create a command that uses awk to parse /proc/meminfo, calculates total used memory percentage, and prints a warning if usage exceeds 85 %.","awk '/MemTotal/ {total=$2} /MemAvailable/ {avail=$2} END {used=total-avail; perc=used/total*100; printf ""Memory Used: %.2f%%\n"", perc; if (perc>85) print ""WARNING: High memory usage!""}' /proc/meminfo"
"Find all .log files modified in the last 48 hours, compress them into a tar.gz archive named logs_$(date +%F).tgz, and upload it via curl to a remote server with basic auth.","#!/usr/bin/env bash
# Locate recent logs, archive, and upload
find /var/log -type f -name ""*.log"" -mtime -2 \
    -print0 | tar --null -czf ""logs_$(date +%F).tgz"" --files-from=-
curl -u ""user:password"" -X POST -F ""file=@logs_$(date +%F).tgz"" https://example.com/upload"
"List the top 10 IP addresses accessing the Apache access log, sorted by request count, and output the result as a JSON array of objects with fields ""ip"" and ""hits"".","#!/usr/bin/env bash
awk '{print $1}' /var/log/apache2/access.log | sort | uniq -c | sort -nr | head -10 \
    | awk '{print ""{\""ip\"": \""""$2""\"", \""hits\"": ""$1""}""}' \
    | jq -s '.'"
"Create a Bash function called rotate_logs that rotates logs in /var/log/myapp/, keeping the last 7 compressed archives and deleting older ones. The function should be safe to run via cron.","#!/usr/bin/env bash
rotate_logs(){
    local dir=""/var/log/myapp""
    local prefix=""myapp.log""
    local timestamp=$(date +%Y%m%d%H%M%S)
    if [[ -f ""$dir/$prefix"" ]]; then
        mv ""$dir/$prefix"" ""$dir/${prefix}.$timestamp""
        gzip ""$dir/${prefix}.$timestamp""
    fi
    # Keep only the 7 most recent .gz files
    ls -1t ""$dir/${prefix}.""*.gz | tail -n +8 | xargs -r rm -f
}
# Example usage: rotate_logs"
"Parse a JSON file config.json, extract the value of ""server.port"", increment it by 1000, and write the updated JSON back to the same file using jq.","#!/usr/bin/env bash
jq '.""server"".port += 1000' config.json > config.json.tmp && mv config.json.tmp config.json"
"Monitor CPU usage every 5 seconds for 1 minute, calculate the average usage, and send an email alert if the average exceeds 80%. Use only standard Linux tools.","#!/usr/bin/env bash
avg=$(for i in {1..12}; do top -bn1 | grep ""%Cpu"" | awk -F',' '{print $1}' | awk '{print $2}'; sleep 5; done | awk '{sum+=$1} END {print sum/NR}')
if (( $(echo ""$avg > 80"" | bc -l) )); then
    echo ""Average CPU usage $avg% exceeds threshold"" | mail -s ""CPU Alert"" admin@example.com
fi"
"Find all executable files under /opt/scripts that have been modified in the last week, and run them in parallel (max 4 at a time) while logging stdout and stderr to separate files in /var/log/script_runs/.","#!/usr/bin/env bash
mkdir -p /var/log/script_runs
find /opt/scripts -type f -executable -mtime -7 -print0 |
    xargs -0 -n1 -P4 -I{} bash -c '{ script=""{}""; logfile=""/var/log/script_runs/$(basename ""$script"").log""; errfile=""/var/log/script_runs/$(basename ""$script"").err""; ""$script"" >""$logfile"" 2>""$errfile"" }'"
"Generate a report of disk usage per user in the /home directory, sorted descending, and output as a nicely formatted table with columns USER and USAGE (in GB).","#!/usr/bin/env bash
printf ""%s\t%s\n"" ""USER"" ""USAGE(GB)""
for dir in /home/*; do
    [ -d ""$dir"" ] || continue
    user=$(basename ""$dir"")
    usage=$(du -sBG ""$dir"" | cut -f1 | tr -d 'G')
    printf ""%s\t%s\n"" ""$user"" ""$usage""
done | sort -k2 -nr"
"Create a one-liner that extracts all URLs from a large text file urls.txt, deduplicates them, validates they start with https://, and writes the result to valid_urls.txt.","#!/usr/bin/env bash
grep -oE 'https://[^ ""\'\`]*' urls.txt | sort -u > valid_urls.txt"
"Write a Bash script that reads a list of hostnames from hosts.txt, pings each host concurrently (max 10 at a time), and writes reachable hosts to reachable.txt and unreachable ones to unreachable.txt.","#!/usr/bin/env bash
mkdir -p /tmp/ping_check
> reachable.txt
> unreachable.txt
xargs -a hosts.txt -n1 -P10 -I{} bash -c '
    if ping -c1 -W1 ""{}"" &>/dev/null; then
        echo ""{}"" >> reachable.txt
    else
        echo ""{}"" >> unreachable.txt
    fi
'"
"Using find and sed, replace all occurrences of the string ""DEBUG"" with ""INFO"" in .conf files under /etc/myapp/, but only in files that have not been modified in the last 30 days.","#!/usr/bin/env bash
find /etc/myapp -type f -name ""*.conf"" -mtime +30 -print0 |
    xargs -0 -I{} sed -i 's/DEBUG/INFO/g' ""{}"""
"Create a pipeline that reads JSON lines from a file events.log, filters events where ""type"" is ""error"", extracts the ""timestamp"" and ""message"" fields, and writes them as CSV to errors.csv.","#!/usr/bin/env bash
jq -r 'select(.type==""error"") | [.timestamp, .message] | @csv' events.log > errors.csv"
"Write a Bash one-liner that lists the 5 largest files in /var/www, showing size in human readable format and full path, sorted descending.","#!/usr/bin/env bash
find /var/www -type f -exec du -h {} + | sort -hr | head -5"
"Develop a function cleanup_tmp that deletes files in /tmp older than 7 days, but excludes any .keep files, and logs each deletion to /var/log/cleanup.log with timestamp.","#!/usr/bin/env bash
cleanup_tmp(){
    local log=""/var/log/cleanup.log""
    find /tmp -type f -mtime +7 ! -name ""*.keep"" -print0 |
        while IFS= read -r -d '' file; do
            rm -f ""$file"" && echo ""$(date +'%F %T') Deleted $file"" >> ""$log""
        done
}
# Call cleanup_tmp"
"Using awk and grep, extract lines from /var/log/auth.log that contain ""Failed password"" and print the username and source IP address in the format ""user@ip"".","#!/usr/bin/env bash
grep ""Failed password"" /var/log/auth.log |
    awk -F' ' '{for(i=1;i<=NF;i++) if($i==""for"") user=$(i+1); if($i==""from"") ip=$(i+1); print user""@""ip}'"
"Write a Bash script that monitors a directory /data/incoming for new .csv files, processes each file by uploading its content via curl POST to https://api.example.com/upload, moves the processed file to /data/processed, and logs success or failure.","#!/usr/bin/env bash
in_dir=""/data/incoming""
proc_dir=""/data/processed""
log_file=""/var/log/csv_upload.log""
while true; do
    for file in ""$in_dir""/*.csv; do
        [ -e ""$file"" ] || continue
        if curl -s -X POST -F ""file=@$file"" https://api.example.com/upload; then
            echo ""$(date +'%F %T') SUCCESS $file"" >> ""$log_file""
            mv ""$file"" ""$proc_dir/""
        else
            echo ""$(date +'%F %T') FAILURE $file"" >> ""$log_file""
        fi
    done
    sleep 30
done"
Create a one-liner that lists all Docker containers that have been exited for more than 24 hours and removes them.,"#!/usr/bin/env bash
docker ps -a --filter ""status=exited"" --format ""{{.ID}} {{.RunningFor}}"" |
    awk '{if($2==""days"" && $1>24) print $1}' |
    xargs -r docker rm"
"Write a Bash function that takes a directory path as argument, computes the SHA256 checksum of every regular file inside it (recursively), and writes a manifest file checksums.sha256 with lines ""checksum  filename"" relative to the given directory.","#!/usr/bin/env bash
generate_manifest(){
    local dir=""$1""
    (cd ""$dir"" && find . -type f -exec sha256sum {} +) > ""$dir/checksums.sha256""
}
# Example: generate_manifest /opt/data"
"Using sed and perl, replace all occurrences of a placeholder {{VERSION}} in all *.conf files under /etc/service/ with the output of git describe --tags in the current repo, preserving file permissions.","#!/usr/bin/env bash
version=$(git -C /path/to/repo describe --tags)
find /etc/service -type f -name ""*.conf"" -print0 |
    xargs -0 -I{} perl -pi -e ""s/{{VERSION}}/$version/g"" ""{}"""
"Construct a pipeline that reads systemd journal entries for the last hour, filters for entries with priority ""error"", extracts the _PID and MESSAGE fields, and outputs a JSON array of objects.","#!/usr/bin/env bash
journalctl -p err --since ""1 hour ago"" -o json |
    jq -c '{pid: ._PID, message: .MESSAGE}' | jq -s '.'"
"Write a Bash one-liner that finds duplicate files (by content) under /var/backups, prints each set of duplicates as a space-separated list of file paths.","#!/usr/bin/env bash
find /var/backups -type f -exec sha1sum {} + | sort | awk 'BEGIN{prev=""""} $1==prev{print $2} $1!=prev{if(NR>1) printf ""\n""; prev=$1; printf $2"" ""}'"
"Create a script that watches for changes in /etc/nginx/conf.d/ using inotifywait, and when a change is detected, validates the Nginx configuration and reloads Nginx if valid, logging the action.","#!/usr/bin/env bash
while inotifywait -e modify,create,delete /etc/nginx/conf.d; do
    if nginx -t; then
        systemctl reload nginx && echo ""$(date +'%F %T') Reloaded Nginx"" >> /var/log/nginx_reload.log
    else
        echo ""$(date +'%F %T') Nginx config test failed"" >> /var/log/nginx_reload.log
    fi
done"
"Write a Bash command that extracts all IPv6 addresses from a log file syslog.log, counts occurrences, and displays the top 3 most frequent addresses.","#!/usr/bin/env bash
grep -oE '([0-9a-fA-F]{0,4}:){2,7}[0-9a-fA-F]{0,4}' syslog.log | sort | uniq -c | sort -nr | head -3"
"Develop a Bash function backup_mysql that dumps all MySQL databases to a timestamped .sql.gz file, encrypts it with GPG using a given recipient, and stores it in /backups/mysql/.","#!/usr/bin/env bash
backup_mysql(){
    local recipient=""$1""
    local ts=$(date +%Y%m%d%H%M%S)
    local dump=""/backups/mysql/all_$ts.sql""
    mysqldump --all-databases | gzip > ""$dump.gz""
    gpg --encrypt --recipient ""$recipient"" ""$dump.gz""
    rm -f ""$dump.gz""
}
# Example: backup_mysql ""admin@example.com"""
"Create a pipeline that reads a CSV file users.csv (fields: id,name,email), filters rows where the email domain is ""example.org"", and writes a new CSV with only id and name columns.","#!/usr/bin/env bash
awk -F',' 'BEGIN{OFS="",""} NR>1 && $3 ~ /@example\.org$/ {print $1,$2}' users.csv > filtered_users.csv"
"Write a Bash one-liner that lists all systemd services that failed to start in the last boot, showing the service name and the timestamp of the failure.","#!/usr/bin/env bash
journalctl -b -u '*service' -p err --no-pager | grep ""Failed to start"" | awk -F'[][]' '{print $2"" ""$4}'"
"Using find, locate all symbolic links under /usr/local/bin that point to non-existent files and delete them, logging each deletion to /var/log/broken_symlinks.log.","#!/usr/bin/env bash
find /usr/local/bin -type l ! -exec test -e {} \; -print0 |
    while IFS= read -r -d '' link; do
        echo ""$(date +'%F %T') Removing broken link: $link"" >> /var/log/broken_symlinks.log
        rm -f ""$link""
    done"
"Write a Bash script that reads a list of URLs from urls.txt, downloads each with curl (max 3 retries, 5 seconds timeout), saves them to /tmp/downloads preserving original filenames, and creates a summary report of successes and failures.","#!/usr/bin/env bash
mkdir -p /tmp/downloads
success=0; fail=0
while IFS= read -r url; do
    fname=$(basename ""$url"")
    if curl -m 5 --retry 3 -f -L ""$url"" -o ""/tmp/downloads/$fname""; then
        ((success++))
    else
        ((fail++))
    fi
done < urls.txt
printf ""Download summary:\nSuccessful: %d\nFailed: %d\n"" ""$success"" ""$fail"" > /tmp/download_report.txt"
"Create a one-liner that prints the total number of lines across all .py files in the current git repository, excluding test files (those ending with _test.py).","#!/usr/bin/env bash
git ls-files ""*.py"" | grep -v ""_test\.py$"" | xargs wc -l | tail -1 | awk '{print $1}'"
"Write a Bash function that takes a domain name, performs a DNS lookup for A, AAAA, MX, and TXT records using dig, and prints the results in a formatted table.","#!/usr/bin/env bash
resolve_dns(){
    local domain=""$1""
    printf ""%s\t%s\n"" ""Record"" ""Value""
    for type in A AAAA MX TXT; do
        dig +short ""$domain"" $type | while read -r line; do
            printf ""%s\t%s\n"" ""$type"" ""$line""
        done
done
}
# Example: resolve_dns example.com"
"Find all JSON files under /data, pretty‑print each with jq, and archive the pretty‑printed versions into a tar.gz named pretty_jsons.tar.gz preserving directory structure.","find /data -type f -name '*.json' -print0 | while IFS= read -r -d '' file; do jq . ""$file"" > ""${file}.pretty""; done && tar -czf pretty_jsons.tar.gz $(find /data -name '*.json.pretty')"
"Monitor CPU usage every 2 seconds for 30 seconds, calculate the average user% and system% across the interval, and display the result with two decimal places.","{ total_user=0; total_sys=0; count=0; while [ $count -lt 15 ]; do read -r _ _ _ _ user sys _ < <(top -bn1 | grep '^%Cpu'); total_user=$(echo ""$total_user + $user"" | bc); total_sys=$(echo ""$total_sys + $sys"" | bc); ((count++)); sleep 2; done; avg_user=$(echo ""scale=2; $total_user / $count"" | bc); avg_sys=$(echo ""scale=2; $total_sys / $count"" | bc); echo ""Average User%: $avg_user, System%: $avg_sys"""
"Recursively replace all occurrences of the string ""TODO"" with ""DONE"" in *.py files, but only in files that have been modified in the last 7 days.",find . -type f -name '*.py' -mtime -7 -exec sed -i 's/TODO/DONE/g' {} +
"List all processes owned by the current user that have opened network sockets, show PID, command, and the remote IP:port, sorted by remote IP.","lsof -i -nP -a -u ""$USER"" | awk 'NR>1 {print $2""\t""$1""\t""$9}' | sort -k3,3"
"Generate a CSV report of disk usage for each mounted filesystem, including mount point, total size, used, available, and usage percent, sorted by usage percent descending.","df -hP | tail -n +2 | awk -F' ' '{print $6"",""$2"",""$3"",""$4"",""$5}' | sort -t',' -k5,5r"
"Find all log files larger than 100 MiB in /var/log, compress them with gzip preserving the original timestamps, and write a summary to /tmp/compress.log.","find /var/log -type f -size +100M -print0 | while IFS= read -r -d '' f; do gzip -n ""$f"" && echo ""Compressed: $f"" >> /tmp/compress.log; done"
"Create a function `backup_dir` that takes a directory path, creates a gzipped tarball named <dirname>_$(date +%F).tar.gz in /backup, and logs the operation with timestamp to /var/log/backup.log.","backup_dir(){ dir=""$1""; base=$(basename ""$dir""); tar -czf ""/backup/${base}_$(date +%F).tar.gz"" -C ""$(dirname ""$dir"")"" ""$base"" && echo ""$(date '+%Y-%m-%d %H:%M:%S') Backed up $dir"" >> /var/log/backup.log; }"
"Using curl and jq, fetch the latest release tag of the GitHub repository ""stedolan/jq"", and clone that tag into ~/jq_latest.","tag=$(curl -s https://api.github.com/repos/stedolan/jq/releases/latest | jq -r '.tag_name'); git clone --branch ""$tag"" https://github.com/stedolan/jq.git ~/jq_latest"
"Find all symbolic links under /usr/lib that are broken, and delete them, then output the count of removed links.","count=$(find /usr/lib -xtype l -print -delete | wc -l); echo ""Removed $count broken symlinks"""
"Write a one‑liner that prints the current git branch name, the short commit hash, and whether the working tree is dirty, formatted as ""branch@hash*"" (asterisk only if dirty).","git rev-parse --abbrev-ref HEAD | awk '{printf ""%s@"", $0}'; git rev-parse --short HEAD; [ -n ""$(git status --porcelain)"" ] && echo -n ""*"" || echo"
"Search all *.conf files for lines containing the word ""Password"", mask the actual password value (anything after the first = sign) with ""*****"", and write the masked files to /tmp/masked_conf preserving directory hierarchy.","find . -type f -name '*.conf' -print0 | while IFS= read -r -d '' f; do dest=""/tmp/masked_conf${f}""; mkdir -p ""$(dirname ""$dest"")""; sed 's/\(Password[^=]*=\).*/\1***** /' ""$f"" > ""$dest""; done"
"List the 5 largest files (by size) in the user's home directory, showing size in human readable form and full path, sorted descending.","find ""$HOME"" -type f -printf '%s %p\n' | sort -rn | head -5 | numfmt --to=iec-i --suffix=B --padding=7 | awk '{print $1"" ""$2}'"
"Create a temporary named pipe, feed the output of `ps aux` into it, have a background `grep` process read from the pipe and write matching lines containing ""sshd"" to /tmp/sshd_procs, then clean up the pipe.",mkfifo /tmp/ps_pipe && (grep 'sshd' < /tmp/ps_pipe > /tmp/sshd_procs &) && ps aux > /tmp/ps_pipe && rm /tmp/ps_pipe
"Using awk, print a table of user names and the total size of files they own under /var/www, sorted by total size descending, with sizes in MB rounded to two decimals.","find /var/www -type f -printf '%u %s\n' | awk '{size[$1]+=$2} END{for(u in size) printf ""%s\t%.2f MB\n"", u, size[u]/(1024*1024)}' | sort -k2,2nr"
"Write a bash function `retry` that runs a given command up to 5 times with exponential backoff (1,2,4,8,16 seconds) until it succeeds (exit code 0).","retry(){ local cmd=(""$@""); local delay=1; for i in {1..5}; do ""${cmd[@]}"" && return 0; echo ""Attempt $i failed, retrying in $delay s""; sleep $delay; delay=$((delay*2)); done; return 1; }"
"Find all Docker containers that have been exited for more than 24 hours and remove them, then output the IDs of removed containers.","ids=$(docker ps -a --filter 'status=exited' --filter 'exited=24h' -q); [ -n ""$ids"" ] && docker rm $ids && echo ""Removed containers: $ids"" || echo ""No containers to remove"""
"Generate a SHA256 checksum file for all *.deb packages in /opt/debs, naming it checksums.sha256, and verify the checksums afterwards, printing any mismatches.",cd /opt/debs && sha256sum *.deb > checksums.sha256 && sha256sum -c checksums.sha256 | grep -v 'OK$' || echo 'All checksums verified'
"Using sed, convert a CSV file with semicolon delimiters to a pipe‑delimited file, but only for rows where the third column equals ""active"".","awk -F';' '$3==""active""' input.csv | sed 's/;/|/g' > output.pipe"
"List all running systemd services that have a memory limit set, displaying the service name and its MemoryMax value in MB, sorted by limit descending.","systemctl list-units --type=service --state=running --no-legend | awk '{print $1}' | while read svc; do mem=$(systemctl show ""$svc"" -p MemoryMax --value); [ -n ""$mem"" ] && echo -e ""$svc\t$(($mem/1024/1024)) MB""; done | sort -k2,2nr"
"Create a one‑liner that watches /var/log/auth.log for failed SSH login attempts, extracts the source IP, and updates /etc/hosts.deny to block the IP if it appears more than 3 times within 10 minutes.","tail -F /var/log/auth.log | awk '/Failed password/ {print $11}' | sort | uniq -c | while read cnt ip; do if [ $cnt -gt 3 ]; then grep -qx ""$ip"" /etc/hosts.deny || echo ""ALL: $ip"" >> /etc/hosts.deny; fi; done"
"Find all files in /etc that are owned by root but not readable by group, and change their permissions to 640, logging each change to /var/log/perm_fix.log.","find /etc -type f -user root ! -perm -g+r -print0 | while IFS= read -r -d '' f; do chmod 640 ""$f"" && echo ""$(date '+%F %T') Fixed perms on $f"" >> /var/log/perm_fix.log; done"
"Using find and xargs, locate all executable files under /opt/tools that are larger than 10 MiB and compute their MD5 hashes, writing ""hash  filepath"" lines to /tmp/tool_hashes.txt.",find /opt/tools -type f -executable -size +10M -print0 | xargs -0 md5sum > /tmp/tool_hashes.txt
"Create a cron job that runs every day at 2 am, backs up MySQL database ""sales"" to /backup/sales_$(date +\%F).sql.gz, and emails the log to dba@example.com on failure.","0 2 * * * mysqldump sales | gzip > /backup/sales_$(date +\%F).sql.gz || echo ""Backup failed on $(date)"" | mail -s 'MySQL Backup Failure' dba@example.com"
"Write a command that prints the current kernel version, the number of loaded kernel modules, and the total memory in GB, all on one line separated by commas.","echo ""$(uname -r),$(lsmod | wc -l),$(free -g | awk '/^Mem:/ {print $2}')GB"""
"Find all .log files that have not been modified in the last 30 days, compress them with bzip2, and move the compressed files to /archive/logs preserving the directory hierarchy.","find . -type f -name '*.log' -mtime +30 -print0 | while IFS= read -r -d '' f; do dest=""/archive/logs${f%.*}.log.bz2""; mkdir -p ""$(dirname ""$dest"")""; bzip2 -c ""$f"" > ""$dest"" && rm ""$f""; done"
"Using netstat and awk, display a list of all listening TCP ports along with the owning process name, sorted by port number.","netstat -tlnp | awk 'NR>2 {split($4, a, "":""); print a[2]""\t""$7}' | sort -n"
"Create a bash alias `gcmsg` that stages all changes, commits with a message passed as an argument, and pushes to the current branch, handling empty messages gracefully.","alias gcmsg='f(){ [ -z ""$1"" ] && echo ""Commit message required"" && return 1; git add . && git commit -m ""$1"" && git push; }; f'"
"Write a pipeline that reads a list of URLs from urls.txt, downloads each with curl (max 5 concurrent downloads), follows redirects, saves to a directory named after the domain, and logs any failures to download_errors.log.","cat urls.txt | xargs -n1 -P5 -I{} sh -c 'url=""{}""; domain=$(echo ""$url"" | awk -F/ '{print $3}'); mkdir -p ""downloads/$domain""; curl -L -o ""downloads/$domain/$(basename ""$url"")"" ""$url"" || echo ""Failed: $url"" >> download_errors.log'"
"Using perl one‑liner, replace all occurrences of dates in the format DD/MM/YYYY with ISO format YYYY‑MM‑DD in a file config.cfg, in‑place.",perl -i -pe 's/(\d{2})\/(\d{2})\/(\d{4})/$3-$2-$1/g' config.cfg
"Generate a report of the top 3 users by total CPU time consumed over the last hour, using the `ps` command and `awk`, showing user and total CPU seconds.","ps -eo user,etimes --no-headers | awk -v limit=$(date -d '1 hour ago' +%s) '{if ($2<=limit) cpu[$1]+=$2} END{for (u in cpu) printf ""%s %d\n"", u, cpu[u]}' | sort -k2,2nr | head -3"
"Find all Docker images older than 90 days (based on creation date) and remove them, printing the image IDs being deleted.","docker images --format '{{.Repository}} {{.ID}} {{.CreatedAt}}' | while read repo id created; do if [[ $(date -d ""$created"" +%s) -lt $(date -d '90 days ago' +%s) ]]; then echo ""Removing $id ($repo)""; docker rmi ""$id""; fi; done"
"Write a bash one‑liner that prints the number of lines, words, and characters of each .md file in the current directory, formatted as ""filename: L lines, W words, C chars"".","for f in *.md; do [ -e ""$f"" ] || continue; stats=$(wc ""$f""); echo ""$f: $(echo $stats | awk '{print $1"" lines, ""$2"" words, ""$3"" chars""}')""; done"
"Using find, locate all files with the setuid bit set, list them with their permissions, owner, and size in a nicely formatted table.","find / -type f -perm -4000 -exec ls -lh {} + | awk 'NR>1 {printf ""%s %s %s %s\n"", $1, $3, $5, $9}'"
"Search all .conf files under /etc for lines containing the word ""timeout"" (case‑insensitive), display filename, line number, and the matched line, then count total matches.","grep -iR ""timeout"" /etc/*.conf -n | tee /dev/tty | wc -l"
"Create a tar.gz archive of all modified .sh scripts in the last 7 days from the home directory, preserving permissions, and store it in /tmp with a timestamped name.","tar -czf ""/tmp/scripts_$(date +%Y%m%d_%H%M%S).tgz"" -C ~ $(find ~ -type f -name ""*.sh"" -mtime -7 -printf ""%P\n"")"
"Download a JSON API from https://api.example.com/data, extract the field ""users"" array, count how many users have ""active"":true, and write the count to /var/tmp/active_users.txt.",curl -s https://api.example.com/data | jq '.users | map(select(.active==true)) | length' > /var/tmp/active_users.txt
"Monitor /var/log/syslog in real time, filter for lines containing ""ERROR"" or ""CRITICAL"", prepend a timestamp, and write them to /var/log/critical_errors.log while also displaying on the console.","tail -F /var/log/syslog | grep -E ""ERROR|CRITICAL"" | while read line; do echo ""$(date +'%Y-%m-%d %H:%M:%S') $line"" | tee -a /var/log/critical_errors.log; done"
"Find all empty directories under /opt, delete them, and log the removed paths to /var/log/removed_empty_dirs.log.",find /opt -type d -empty -print -delete >> /var/log/removed_empty_dirs.log
"Recursively replace all occurrences of the string ""fooBar"" with ""bazQux"" in *.txt files under /data, but only in files that contain the word ""TODO""; show a summary of changed files.","grep -rl ""TODO"" /data --include=""*.txt"" | xargs -r sed -i 's/fooBar/bazQux/g' && echo ""Modified files:"" && grep -rl ""bazQux"" /data --include=""*.txt"""
"Generate a list of all users with UID >=1000, output their username and last login time (from lastlog), sorted by most recent login.","awk -F: '$3>=1000 {print $1}' /etc/passwd | xargs -n1 lastlog -u | tail -n +2 | sort -k4,5 -r | awk '{print $1"" ""$4"" ""$5}'"
"Create a function called backup_dir that takes a directory path, creates a compressed snapshot named <dir>_YYYYMMDD.tar.gz in /backup, and logs success or failure to /var/log/backup.log.","backup_dir(){ local src=""$1""; local base=$(basename ""$src""); local dst=""/backup/${base}_$(date +%Y%m%d).tar.gz""; if tar -czf ""$dst"" -C ""$(dirname ""$src"")"" ""$base""; then echo ""$(date +'%F %T') SUCCESS $src -> $dst"" >> /var/log/backup.log; else echo ""$(date +'%F %T') FAILURE $src"" >> /var/log/backup.log; fi }"
"List the top 10 processes consuming the most virtual memory, showing PID, user, and %MEM, and send the output via email to admin@example.com.","ps -eo pid,user,%mem --sort=-%mem | head -11 | mail -s ""Top memory consumers"" admin@example.com"
"Find all JPEG images larger than 5 MiB in /srv/photos, resize them to a maximum width of 1920px while preserving aspect ratio using ImageMagick, and place the resized copies in /srv/photos/resized preserving directory structure.","find /srv/photos -type f -iname ""*.jpg"" -size +5M | while read img; do dst=""/srv/photos/resized${img#/srv/photos}""; mkdir -p ""$(dirname ""$dst"")""; convert ""$img"" -resize 1920x ""$dst""; done"
"Parse the Apache access log /var/log/apache2/access.log, extract the top 5 IP addresses by request count, and output them in JSON format.","awk '{print $1}' /var/log/apache2/access.log | sort | uniq -c | sort -nr | head -5 | awk '{print ""{\""ip\"": \""""$2""\"", \""requests\"": ""$1""}""}' | jq -s '.'"
"Write a one‑liner that monitors disk usage of /home every minute, and if usage exceeds 80 % it appends a warning with timestamp to /var/log/disk_alert.log.","watch -n 60 ""df -h /home | awk 'NR==2{if(\$5+0>80) print \""$(date +'%F %T') WARNING: /home usage \$5\"" >> /var/log/disk_alert.log}'"""
"Using only bash built‑ins and find, create a list of all symlinks under /usr/local that point to non‑existent targets, and delete those broken links.",find /usr/local -type l ! -exec test -e {} \; -print -delete
"Extract all .log files from a remote server (user@host) via scp, compress them into a single archive locally, and verify the archive checksum matches the remote checksum stored in /tmp/logs.sha256.",ssh user@host 'sha256sum /var/log/*.log' > /tmp/remote.sha256 && scp user@host:/var/log/*.log /tmp/ && tar -czf logs_$(date +%Y%m%d).tgz -C /tmp *.log && sha256sum -c /tmp/remote.sha256
"Find all git repositories under /srv, and for each repository print the current branch and the number of uncommitted changes.","find /srv -type d -name .git -prune -print | while read gitdir; do repo=$(dirname ""$gitdir""); echo -n ""$repo: ""; (cd ""$repo"" && git rev-parse --abbrev-ref HEAD && git status --porcelain | wc -l | awk '{print $1"" uncommitted changes""}'); done"
"Create a bash function named json_pretty that reads a JSON string from stdin and pretty‑prints it with colors using jq, handling invalid JSON gracefully.","json_pretty(){ if ! jq . >/dev/null 2>&1 <<<""$(cat)""; then echo ""Invalid JSON"" >&2; return 1; fi; jq -C .; }"
"Generate a report of all users who have not changed their password in the last 90 days, using /etc/shadow, and email the report to security@example.com.","awk -F: '($2!=""!*"" && $2!=""*"") { split($5,arr,""-""); if (mktime(arr[1]"" ""arr[2]"" ""arr[3]"" 0 0 0) < systime()-90*24*3600) print $1 }' /etc/shadow | mail -s ""Stale passwords report"" security@example.com"
"Write a pipeline that reads a list of URLs from urls.txt, downloads each with curl (max 3 retries, 10s timeout), computes its SHA256, and writes ""<url> <sha256>"" to checksums.txt, skipping URLs that fail after retries.","while read -r url; do sha=$(curl -sSf --retry 3 --max-time 10 ""$url"" | sha256sum | awk '{print $1}') && echo ""$url $sha"" >> checksums.txt; done < urls.txt"
"Find all ELF binaries under /usr/local/bin that are not stripped, and strip them in place, logging each stripped file to /var/log/stripped.log.","find /usr/local/bin -type f -exec file {} \; | grep ""ELF"" | grep -v ""strip"" | cut -d: -f1 | while read bin; do strip ""$bin"" && echo ""$(date +'%F %T') stripped $bin"" >> /var/log/stripped.log; done"
"List all Docker containers that have been stopped for more than 24 hours, and remove them, logging container IDs to /var/log/docker_cleanup.log.","docker ps -a --filter ""status=exited"" --filter ""until=24h"" --format ""{{.ID}}"" | while read cid; do docker rm ""$cid"" && echo ""$(date +'%F %T') removed $cid"" >> /var/log/docker_cleanup.log; done"
"Write a bash script that reads a CSV file users.csv (fields: username,email,quota), creates each user with the specified quota (using setquota), and logs successes and failures to /var/log/user_create.log.","#!/usr/bin/env bash
while IFS=, read -r user email quota; do
  if id ""$user"" &>/dev/null; then echo ""$(date +'%F %T') $user already exists"" >> /var/log/user_create.log; continue; fi
  useradd -m -c ""$email"" ""$user"" && setquota -u ""$user"" 0 ""$quota"" 0 0 -a && echo ""$(date +'%F %T') created $user with $quota"" >> /var/log/user_create.log || echo ""$(date +'%F %T') failed $user"" >> /var/log/user_create.log
done < users.csv"
"Find the 3 most recent kernel panic logs in /var/log/kern.log*, extract the panic message lines, and write them to /tmp/recent_panic.txt.","zgrep -h ""panic"" /var/log/kern.log* | grep -B1 ""panic"" | head -n 30 > /tmp/recent_panic.txt"
"Create a bash alias named llg that lists files in long format, sorted by modification time, and color‑highlights git‑tracked files differently using git ls-files.","alias llg='ls -lht --color=auto | while read -r line; do file=$(echo ""$line"" | awk ""{print \$9}""); if git ls-files --error-unmatch ""$file"" &>/dev/null; then echo -e ""\e[32m$line\e[0m""; else echo ""$line""; fi; done'"
"Write a command that extracts all IPv4 addresses from /var/log/auth.log, counts occurrences per address, and outputs the top 5 suspicious IPs (those with >10 failures) in a table.","grep -E ""Failed password"" /var/log/auth.log | awk '{for(i=1;i<=NF;i++) if($i~/^[0-9]+\.[0-9]+\.[0-9]+\.[0-9]+$/) print $i}' | sort | uniq -c | awk '$1>10' | sort -nr | head -5 | column -t"
"Using only bash and coreutils, generate a progress bar that shows the copy progress of a 5 GiB file src.bin to /mnt/backup/src.bin, updating every second.","{ dd if=src.bin of=/mnt/backup/src.bin bs=4M status=none & pid=$!; while kill -0 $pid 2>/dev/null; do copied=$(stat --format=%s /mnt/backup/src.bin 2>/dev/null || echo 0); percent=$(( copied*100/5368709120 )); printf ""\rProgress: [%-50s] %3d%%"" $(printf ""#""{1..$((percent/2))}) $percent; sleep 1; done; wait $pid; echo; }"
"Find all Python virtual environments (directories containing pyvenv.cfg) under /home, and for each print the Python version and the path to the interpreter.","find /home -type f -name pyvenv.cfg -printf ""%h\n"" | while read venv; do py=$(cat ""$venv/pyvenv.cfg"" | grep ^version | cut -d= -f2); echo ""Env: $venv | Python $py | Interpreter: $venv/bin/python""; done"
"Create a cron job that runs at 02:30 every Sunday, rotates the logs in /var/log/myapp/*.log (keep 7 days), compresses the rotated logs, and sends a summary email to ops@example.com.","30 2 * * 0 root logrotate -f /etc/logrotate.d/myapp && tar -czf /var/backups/myapp_$(date +%Y%m%d).tgz /var/log/myapp/*.log.1 && echo ""MyApp logs rotated"" | mail -s ""Log rotation"" ops@example.com"
"Write a pipeline that reads a large CSV (data.csv), filters rows where column 5 > 1000, calculates the average of column 3 for the filtered rows, and prints the result with two decimal places.","awk -F, '$5>1000 {sum+=$3; cnt++} END {if(cnt) printf ""Average: %.2f\n"", sum/cnt; else print ""No matching rows""}' data.csv"
"Find all services that failed to start in the last boot using systemd, and output their unit name and the last 5 lines of the journal for each.","systemctl --failed --no-legend | awk '{print $1}' | while read unit; do echo ""=== $unit ===""; journalctl -u ""$unit"" -b -n 5; done"
"Create a bash function named safe_rm that moves files to a hidden .trash directory under the user's home, preserving directory structure, and logs each removal to ~/.trash.log.","safe_rm(){ local trash=""$HOME/.trash""; mkdir -p ""$trash""; while [ ""$#"" -gt 0 ]; do src=""$1""; dst=""$trash${src}""; mkdir -p ""$(dirname ""$dst"")""; mv ""$src"" ""$dst"" && echo ""$(date +'%F %T') $src -> $dst"" >> ""$HOME/.trash.log""; shift; done }"
"Extract the list of installed packages on a Debian system, compare it with a baseline file baseline.txt, and output newly installed packages to new_packages.txt.",dpkg -l | awk 'NR>5 {print $2}' > /tmp/current.txt && comm -13 <(sort baseline.txt) <(sort /tmp/current.txt) > new_packages.txt
"Write a one‑liner that continuously monitors /proc/meminfo, and when free memory drops below 200 MiB, writes a warning with timestamp to /var/log/mem_warn.log.","watch -n 5 ""awk '/MemFree/ {if(\$2<204800) print \""$(date +'%F %T') WARN: Low memory \$2 kB\"" >> /var/log/mem_warn.log}' /proc/meminfo"""
"Find all files in /var/www that have been modified in the last hour, compute their SHA256, and store the results in /var/www/changed_files.sha256, appending if the file already exists.",find /var/www -type f -mmin -60 -exec sha256sum {} \; >> /var/www/changed_files.sha256
"Create a bash script that monitors a MySQL replication slave, checks the Seconds_Behind_Master metric every minute, and alerts via Slack webhook if it exceeds 30 seconds.","#!/usr/bin/env bash
WEBHOOK='https://hooks.slack.com/services/XXX/YYY/ZZZ'
while sleep 60; do sec=$(mysql -N -e ""SHOW SLAVE STATUS\G"" | awk '/Seconds_Behind_Master/ {print $2}'); if [ ""$sec"" -gt 30 ]; then curl -X POST -H 'Content-type: application/json' --data ""{\""text\"": \""Replication lag: $sec seconds\""}"" ""$WEBHOOK""; fi; done"
"Find all symbolic links under /etc that point to files outside /etc, and list them with their target paths.","find /etc -type l -printf ""%p -> %l\n"" | awk '$3 !~ /^\/etc/ {print $0}'"
"List the top 10 IP addresses that generated the most HTTP 5xx responses in the last 24 hours from an Apache access.log, outputting the IP and count sorted descending.","awk -v d=""$(date -d '24 hours ago' '+%d/%b/%Y:%H:%M:%S')"" '$4 > ""[""d {if($9 ~ /^5/) print $1}' /var/log/apache2/access.log \
    | sort | uniq -c | sort -nr | head -n 10"
"Recursively search /etc for configuration files containing the string ""Password="", but exclude any files inside .git directories, and output the filename and matching line number.","find /etc -type d -name .git -prune -o -type f -name '*conf*' -print0 | \
    xargs -0 grep -n ""Password="" --"
"Monitor CPU usage every 5 seconds, log timestamps and usage percentages to /tmp/cpu.log, and send an email alert via mailx if usage exceeds 90% for three consecutive checks.","#!/usr/bin/env bash
consec=0
while true; do
  usage=$(mpstat 1 1 | awk '/Average/ {print 100-$NF}')
  ts=$(date '+%Y-%m-%d %H:%M:%S')
  echo ""$ts CPU: ${usage}%"" >> /tmp/cpu.log
  if (( $(echo ""$usage > 90"" | bc -l) )); then
    ((consec++))
    if ((consec>=3)); then
      echo ""High CPU usage detected: $usage%"" | mailx -s ""CPU Alert"" admin@example.com
      consec=0
    fi
  else
    consec=0
  fi
  sleep 5
done"
"Extract all JSON objects from a mixed log file /var/log/mixed.log, pretty‑print them with jq, and write the result to /tmp/pretty.json, ignoring malformed lines.","grep -o '{[^}]*}' /var/log/mixed.log | while read -r line; do
  echo ""$line"" | jq . 2>/dev/null
 done > /tmp/pretty.json"
"Create a snapshot of the /home directory, excluding any hidden files or directories, using rsync over SSH to backup@example.com:/backups/home_$(date +%Y%m%d).",rsync -a --exclude='.*' /home/ backup@example.com:/backups/home_$(date +%Y%m%d)/
"Find all ELF binaries in /usr/local/bin that are not owned by root, change their ownership to root:root, and set the setuid bit, logging each change to /var/log/setuid_changes.log.","#!/usr/bin/env bash
find /usr/local/bin -type f -executable -exec file {} \; | grep -i ELF | cut -d: -f1 | while read -r bin; do
  if [ $(stat -c %U ""$bin"") != ""root"" ]; then
    chown root:root ""$bin""
    chmod u+s ""$bin""
    echo ""$(date '+%F %T') Modified $bin"" >> /var/log/setuid_changes.log
  fi
done"
"Generate a CSV report of disk usage per user (home directories) on the system, sorted by usage descending, with columns: user, size_in_GB, and write it to /tmp/disk_report.csv.","#!/usr/bin/env bash
printf 'user,size_in_GB\n' > /tmp/disk_report.csv
cut -d: -f1 /etc/passwd | while read -r user; do
  dir=""/home/$user""
  if [ -d ""$dir"" ]; then
    size=$(du -sBG ""$dir"" | cut -f1 | tr -d G)
    printf '%s,%.2f\n' ""$user"" ""$(echo ""$size/1"" | bc -l)"" >> /tmp/disk_report.csv
  fi
done
sort -t, -k2 -nr /tmp/disk_report.csv -o /tmp/disk_report.csv"
"Using awk, parse /var/log/syslog to find the first occurrence of each distinct error code (e.g., ERR123) and output a tab‑separated list of error_code and timestamp.","awk '/ERR[0-9]+/ {match($0,/ERR[0-9]+/,a); code=a[0]; if(!(code in seen)){print code""\t""$1"" ""$2; seen[code]=1}}' /var/log/syslog"
"Create a one‑liner that watches /var/log/auth.log in real time, counts failed SSH login attempts per source IP, and prints the top 5 offending IPs every minute.","#!/usr/bin/env bash
while :; do
  tail -n0 -F /var/log/auth.log | \
    grep --line-buffered ""Failed password"" | \
    awk '{print $(NF-3)}' | \
    sort | uniq -c | sort -nr | head -n 5
  sleep 60
done"
"Find all files in /opt/data that have not been accessed in the last 180 days, compress them into a single tar.xz archive named stale_$(date +%s).tar.xz, and delete the original files after successful compression.","#!/usr/bin/env bash
archive=stale_$(date +%s).tar.xz
find /opt/data -type f -atime +180 -print0 | tar --null -cJvf $archive --files-from=- && \
  find /opt/data -type f -atime +180 -delete"
"Write a Bash function named json_key_count that accepts a JSON file path and a key name, and prints the number of occurrences of that key at any depth using jq.","json_key_count() {
  local file=$1
  local key=$2
  jq ""..|objects|.\""$key\""?"" ""$file"" | grep -c .
}"
"Using only POSIX tools, replace all occurrences of the string ""foo"" with ""bar"" in all .txt files under /srv/www, but create a backup of each original file with a .bak extension before modifying.","find /srv/www -type f -name '*.txt' -exec sh -c '
  cp ""$1"" ""$1.bak"" && 
  sed -i ""s/foo/bar/g"" ""$1""
' _ {} \;"
"Generate a report of the top 5 processes consuming the most memory on the system, including PID, command, and %MEM, and send it via Telegram bot API using curl. Assume BOT_TOKEN and CHAT_ID are exported.","#!/usr/bin/env bash
report=$(ps -eo pid,comm,%mem --sort=-%mem | head -n 6)
curl -s -X POST ""https://api.telegram.org/bot${BOT_TOKEN}/sendMessage"" \
  -d chat_id=$CHAT_ID \
  -d text=""Top memory consumers:\n$report"""
"Find duplicate files (identical content) under /var/www/html, list each set of duplicates on a separate line (space‑separated paths), and write the list to /tmp/duplicates.txt.","#!/usr/bin/env bash
find /var/www/html -type f -exec sha256sum {} + | \
  sort | uniq -w64 -D | \
  awk '{print $2}' | \
  xargs -n1 dirname | uniq -c | awk '$1>1{print $2}' | \
  while read -r dir; do
    find ""$dir"" -type f -exec sha256sum {} + | sort | uniq -w64 -D | cut -d' ' -f3- | tr '\n' ' ' && echo
  done > /tmp/duplicates.txt"
"Create a Bash script that reads a list of URLs from urls.txt, downloads each with curl respecting a maximum of 4 concurrent downloads, retries failed downloads up to 2 times, and logs successes and failures to download.log.","#!/usr/bin/env bash
max_jobs=4
while read -r url; do
  ((i=i%max_jobs)); ((i++==0)) && wait
  {
    attempts=0
    while ((attempts<3)); do
      if curl -O ""$url""; then
        echo ""$(date '+%F %T') SUCCESS $url"" >> download.log
        break
      else
        ((attempts++))
        sleep 2
      fi
    done
    if ((attempts==3)); then
      echo ""$(date '+%F %T') FAIL $url"" >> download.log
    fi
  } &
 done < urls.txt
wait"
"Using find and xargs, change the permissions of all .sh files under /opt/scripts that are larger than 10 KB to be executable by the owner only, and output a summary of changed files.","find /opt/scripts -type f -name '*.sh' -size +10k -print0 | \
  xargs -0 -I{} sh -c 'chmod 700 ""{}"" && echo ""Changed: {}""'"
"Parse a CSV file data.csv (comma‑separated, with header) to compute the average of the column named ""duration"" for rows where the column ""status"" equals ""completed"", and print the result with two decimal places.","awk -F',' 'NR==1{for(i=1;i<=NF;i++) if($i==""duration"") d=i; if($i==""status"") s=i} NR>1 && $s==""completed"" {sum+=$d; cnt++} END{if(cnt) printf ""%.2f\n"", sum/cnt}' data.csv"
"Write a one‑liner that tails the last 100 lines of /var/log/kern.log, filters lines containing ""error"" (case‑insensitive), extracts the timestamp field (assume it's the first two columns), and counts occurrences per minute, outputting minute and count sorted chronologically.","tail -n100 /var/log/kern.log | grep -i error | awk '{print $1"" ""$2}' | cut -d' ' -f1,2 | uniq -c | sort -k2,2"
"Create a Bash function called retry_cmd that takes a command string and a number N, runs the command, and if it fails, retries up to N times with exponential backoff starting at 1 second.","retry_cmd() {
  local cmd=""$1""
  local retries=$2
  local delay=1
  for ((i=0;i<=retries;i++)); do
    eval ""$cmd"" && return 0
    ((i==retries)) && break
    sleep $delay
    delay=$((delay*2))
  done
  return 1
}"
"Using sed, transform a configuration file /etc/app.conf by commenting out any line that starts with ""debug="" and appending a new line ""debug=off"" at the end of the file, all in-place.",sed -i '/^debug=/s/^/#/' /etc/app.conf && echo 'debug=off' >> /etc/app.conf
"Find all Docker containers that have been stopped for more than 48 hours, remove them, and log the container IDs to /var/log/docker_cleanup.log.","#!/usr/bin/env bash
docker ps -a --filter 'status=exited' --format '{{.ID}} {{.RunningFor}}' | \
  while read -r id dur; do
    if [[ ""$dur"" == *""days""* && $(echo ""$dur"" | grep -o '[0-9]\+') -ge 2 ]]; then
      docker rm ""$id"" && echo ""$(date '+%F %T') Removed $id"" >> /var/log/docker_cleanup.log
    fi
  done"
"Write a Bash one‑liner that prints the total number of lines across all .py files in the current git repository, excluding files in the .git directory.","git ls-files ""*.py"" | xargs wc -l | tail -n1 | awk '{print $1}'"
"Using awk and sort, generate a report of the 10 most frequent HTTP methods (GET, POST, etc.) from an Nginx access log /var/log/nginx/access.log, showing method and count.","awk '{print $6}' /var/log/nginx/access.log | tr -d '""' | sort | uniq -c | sort -nr | head -n10"
"Create a Bash script that monitors a directory /var/spool/queue for new files, and whenever a new file appears, computes its SHA256 checksum, moves it to /var/spool/processed, and records the filename and checksum in /var/log/queue.log.","#!/usr/bin/env bash
inotifywait -m -e create --format '%w%f' /var/spool/queue | while read -r file; do
  checksum=$(sha256sum ""$file"" | awk '{print $1}')
  mv ""$file"" /var/spool/processed/
  echo ""$(date '+%F %T') $file $checksum"" >> /var/log/queue.log
done"
"Using perl, replace all occurrences of IPv4 addresses in /etc/hosts with their corresponding reverse DNS PTR records (lookup via dig), updating the file in place.",perl -i -pe 'if(/(\d+\.\d+\.\d+\.\d+)/){$ip=$1; chomp($ptr=`dig -x $ip +short`); s/\d+\.\d+\.\d+\.\d+/$ptr/}' /etc/hosts
"Write a one‑liner that lists all systemd services that failed to start in the last boot, showing service name and the timestamp of the failure.","journalctl -b -u '*service' | grep -i 'failed' | awk -F'[][]' '{print $2"" ""$3}'"
"Create a Bash function called json_merge that takes two JSON files and merges them into a single JSON array, preserving order, using jq.","json_merge() {
  jq -s '.' ""$1"" ""$2"" | jq -c '.[]'
}"
"Using find, locate all symbolic links under /usr/lib that are broken, delete them, and log each deletion to /var/log/broken_links.log with timestamp.","find /usr/lib -xtype l -printf '%p\n' | while read -r link; do
  rm ""$link""
  echo ""$(date '+%F %T') Removed $link"" >> /var/log/broken_links.log
done"
"Write a Bash one‑liner that prints the current number of TCP connections in each state (e.g., ESTABLISHED, LISTEN) from /proc/net/tcp, sorted by count descending.","awk 'NR>1 {print $4}' /proc/net/tcp | while read -r state; do
  case $state in
    01) echo ESTABLISHED;;
    0A) echo LISTEN;;
    02) echo SYN_SENT;;
    03) echo SYN_RECV;;
    04) echo FIN_WAIT1;;
    05) echo FIN_WAIT2;;
    06) echo TIME_WAIT;;
    07) echo CLOSE;;
    08) echo CLOSE_WAIT;;
    09) echo LAST_ACK;;
    0B) echo CLOSING;;
    *) echo UNKNOWN;;
  esac
done | sort | uniq -c | sort -nr"
"Using ffmpeg and a Bash loop, batch‑convert all .mov videos in ~/videos to .mp4 with H.264 codec, preserving original filenames, and store the results in ~/converted, logging any failures to ~/convert_errors.log.","#!/usr/bin/env bash
mkdir -p ~/converted
for f in ~/videos/*.mov; do
  base=$(basename ""$f"" .mov)
  if ! ffmpeg -i ""$f"" -c:v libx264 -preset medium -crf 23 ""~/converted/${base}.mp4""; then
    echo ""$(date '+%F %T') Failed $f"" >> ~/convert_errors.log
  fi
done"
"Search the JSON logs in /srv/app/logs for entries where status is ""error"" and the timestamp is within the last 2 hours, then count occurrences per service.","jq -c '. as $line | select($line.status==""error"" and (.timestamp|fromdateiso8601) > (now-7200))' /srv/app/logs/*.json | \
  jq -r '.service' | sort | uniq -c"
"Monitor CPU usage every 5 seconds, log spikes above 80% to /var/tmp/cpu_spikes.log with a timestamp, and send an email alert after 3 consecutive spikes.","spike_count=0
while sleep 5; do
  cpu=$(top -bn1 | grep ""%Cpu"" | awk '{print 100-$8}')
  if (( $(echo ""$cpu > 80"" | bc -l) )); then
    echo ""$(date +%F_%T) CPU=$cpu%"" >> /var/tmp/cpu_spikes.log
    ((spike_count++))
    if ((spike_count>=3)); then
      echo ""CPU spikes detected"" | mail -s ""CPU Alert"" admin@example.com
      spike_count=0
    fi
  else
    spike_count=0
  fi
done"
"Find all executable files in /opt/scripts that contain the string ""TODO"" in comments, replace the word ""TODO"" with ""DONE"", and create a backup with .bak extension.","find /opt/scripts -type f -executable -name ""*"" -exec grep -Iq . {} \; -and -exec grep -n ""#.*TODO"" {} \; -print0 | \
  xargs -0 -I{} sh -c 'sed -i.bak ""s/\(#.*\)TODO/\1DONE/"" ""{}""'"
"Generate a report of disk usage per user on /home, sorted descending, and output as a JSON array.","du -sh /home/* 2>/dev/null | \
  awk '{print $2"":""$1}' | \
  while IFS="":"" read user size; do echo ""{\""user\"":\""${user#/home/}\"",\""size\"":\""$size\""}""; done | \
  jq -s 'sort_by(.size|sub(""[KMG]$"";"""";""g"")|tonumber) | reverse'"
"Recursively replace all occurrences of the IP 10.0.0.1 with 10.0.0.2 in configuration files ending with .conf, preserving original timestamps.","find /etc -type f -name ""*.conf"" -print0 | \
  xargs -0 -I{} sh -c 'cp --preserve=timestamps ""{}"" ""{}"".tmp && sed -i ""s/10\.0\.0\.1/10.0.0.2/g"" ""{}"" && rm -f ""{}"".tmp'"
"Download the latest release tarball of a GitHub repo (owner/repo), verify its SHA256 checksum from a .sha256 file in the same release, extract only the src/ directory, and move it to /opt/src.","repo=""owner/repo""
latest=$(curl -s https://api.github.com/repos/$repo/releases/latest | jq -r '.tag_name')
url=$(curl -s https://api.github.com/repos/$repo/releases/latest | jq -r '.assets[]|select(.name|endswith("".tar.gz""))|.browser_download_url')
checksum_url=$(curl -s https://api.github.com/repos/$repo/releases/latest | jq -r '.assets[]|select(.name|endswith("".sha256""))|.browser_download_url')
curl -L -o /tmp/${repo##*/}-$latest.tar.gz $url
curl -L -o /tmp/${repo##*/}-$latest.sha256 $checksum_url
cd /tmp && sha256sum -c ${repo##*/}-$latest.sha256 && \
  tar --strip-components=1 -xzvf ${repo##*/}-$latest.tar.gz ${repo##*/}-$latest/src && \
  mv src /opt/src"
"Create a Bash function that takes a directory path and prints the five largest files (by size) in that directory tree, showing size in human-readable form.","largest_files(){
  dir=${1:-.}
  find ""$dir"" -type f -printf ""%s %p\n"" | sort -nr | head -5 | numfmt --field=1 --to=iec-i --suffix=B --padding=7
}
# Usage: largest_files /var/log"
"List all TCP listening ports, the associated process name, and the user, then output as a CSV file /tmp/listening_ports.csv.","ss -tlnp | awk 'NR>1{gsub(/""/,"""",$7); split($7,a,""=""); split(a[2],b,""-""); printf ""%s,%s,%s\n"", $5, b[1], a[1]}' > /tmp/listening_ports.csv"
"Find duplicate files (identical content) under /data, keep only one copy of each set, and replace the others with hard links to the retained file.","declare -A hash_map
find /data -type f -print0 | while IFS= read -r -d '' file; do
  h=$(sha256sum ""$file"" | cut -d' ' -f1)
  if [[ -v hash_map[$h] ]]; then
    rm -f ""$file"" && ln ""${hash_map[$h]}"" ""$file""
  else
    hash_map[$h]=""$file""
  fi
done"
"Monitor /var/log/auth.log for failed SSH login attempts, extract the IP addresses, count occurrences, and alert via Slack webhook if any IP exceeds 5 attempts within 10 minutes.","tail -F /var/log/auth.log | \
  awk '/Failed password/ {print $NF}' | \
  sort | uniq -c | while read count ip; do
    if ((count>5)); then
      curl -X POST -H 'Content-type: application/json' --data ""{\""text\"":\""SSH brute force from $ip ($count attempts)\""}"" https://hooks.slack.com/services/TXXXX/BXXXX/XXXXXX
    fi
  done"
"Create a one-liner that prints the total number of lines across all .py files in the current git repository, excluding files in the .git directory.","git ls-files ""*.py"" | xargs wc -l | tail -1 | awk '{print $1}'"
"Write a Bash script that rotates logs in /var/log/myapp: keep the last 7 daily logs, compress older ones with xz, and delete logs older than 30 days.","#!/usr/bin/env bash
logdir=/var/log/myapp
cd ""$logdir""
# Rotate daily logs
for i in {7..1}; do
  if [[ -f myapp.log.$i ]]; then mv ""myapp.log.$i"" ""myapp.log.$((i+1))""; fi
done
if [[ -f myapp.log ]]; then mv myapp.log myapp.log.1; fi
# Compress logs older than 7 days
find . -maxdepth 1 -type f -name ""myapp.log.[8-9]"" -exec xz -9 {} \;
# Delete logs older than 30 days
find . -type f -name ""myapp.log.*.xz"" -mtime +30 -delete"
Extract all URLs from a large HTML file (page.html) and output a sorted list of unique domains.,"grep -Eo 'https?://[^""'\'' >]+' page.html | \
  awk -F/ '{print $3}' | sort -u"
"Create a Bash one-liner that finds all processes consuming more than 500 MB RSS memory, sorts them by memory usage descending, and prints PID, user, and command.","ps -eo pid,user,rss,command --sort=-rss | awk 'NR>1 && $3>512000 {printf ""%s\t%s\t%.1fM\t%s\n"", $1,$2,$3/1024,$4}'"
"Write a function that backs up a MySQL database, streams the dump through gzip, uploads it to an S3 bucket using awscli, and logs the operation.","backup_mysql(){
  db=$1; bucket=$2; ts=$(date +%Y%m%d%H%M%S)
  dumpfile=""${db}_$ts.sql.gz""
  mysqldump ""$db"" | gzip > ""/tmp/$dumpfile""
  aws s3 cp ""/tmp/$dumpfile"" ""s3://$bucket/"" && echo ""$(date): $db backup uploaded"" >> /var/log/mysql_backup.log
  rm -f ""/tmp/$dumpfile""
}
# Usage: backup_mysql mydb mybucket"
"Find all symbolic links under /usr/local that are broken, and replace each with a copy of the target file if it exists elsewhere in the filesystem.","find /usr/local -xtype l -print0 | while IFS= read -r -d '' link; do
  target=$(readlink ""$link"")
  real=$(find / -type f -name ""${target##*/}"" 2>/dev/null | head -1)
  if [[ -n $real ]]; then
    cp ""$real"" ""${link%/*}/""
    rm ""$link""
  fi
done"
"Create a pipeline that reads a CSV file, filters rows where column 3 > 100, adds a new column with the SHA1 of column 2, and writes the result to a new CSV.","awk -F, 'NR==1{print $0"",sha1"";next} $3>100{cmd=""echo "" $2 "" | sha1sum""; cmd|getline sha; close(cmd); sub(/ .*/,"""",sha); print $0"",""sha}' input.csv > output.csv"
"Write a Bash script that watches a directory for new .zip files, extracts them to /data/incoming, and logs the filenames and extraction status.","#!/usr/bin/env bash
in_dir=/var/watch
out_dir=/data/incoming
inotifywait -m -e create --format ""%f"" ""$in_dir"" | while read file; do
  if [[ $file == *.zip ]]; then
    if unzip -o ""$in_dir/$file"" -d ""$out_dir"" >> /var/log/unzip.log 2>&1; then
      echo ""$(date): $file extracted successfully"" >> /var/log/unzip.log
    else
      echo ""$(date): $file extraction failed"" >> /var/log/unzip.log
    fi
  fi
done"
"Generate a report of the top 10 most accessed URLs from an nginx access log, showing request count and total bytes transferred.","awk '{url[$7]++; bytes[$7]+=$10} END {for(u in url) print u, url[u], bytes[u]}' /var/log/nginx/access.log | \
  sort -k2,2nr | head -10"
Create a one-liner that lists all Docker containers that have been stopped for more than 24 hours.,"docker ps -a --filter ""status=exited"" --format ""{{.ID}} {{.CreatedAt}}"" | while read id date; do
  if (( $(date -d ""$date"" +%s) < $(date -d ""24 hours ago"" +%s) )); then echo $id; fi
done"
"Write a Bash function that accepts a list of hostnames, pings each concurrently (max 5 at a time), and returns a summary of reachable vs unreachable hosts.","ping_hosts(){
  hosts=($(printf ""%s\n"" ""$@""))
  reachable=0; unreachable=0
  semaphore=$(mktemp -u)
  mkfifo ""$semaphore""
  exec 3<>""$semaphore""
  for ((i=0;i<5;i++)); do echo >&3; done
  for h in ""${hosts[@]}""; do
    read -u3
    {
      if ping -c1 -W1 ""$h"" &>/dev/null; then
        ((reachable++))
      else
        ((unreachable++))
      fi
      echo >&3
    } &
  done
  wait
  exec 3>&-
  echo ""Reachable: $reachable, Unreachable: $unreachable""
}
# Usage: ping_hosts host1 host2 host3"
"Extract all IPv6 addresses from a text file and write them to a new file, ensuring each address is on a separate line without duplicates.","grep -Eo '([0-9a-fA-F]{1,4}:){7}[0-9a-fA-F]{1,4}' input.txt | sort -u > ipv6_addresses.txt"
"Write a Bash command that replaces all occurrences of the word ""foo"" with ""bar"" in all .md files, but only if the word appears at the start of a line.","find . -type f -name ""*.md"" -print0 | xargs -0 sed -i 's/^foo/bar/'"
"Create a script that monitors free disk space on /, sends a desktop notification when usage exceeds 90%, and writes a timestamped entry to /var/log/disk_alert.log.","#!/usr/bin/env bash
threshold=90
while sleep 300; do
  usage=$(df / | awk 'NR==2{print $5}' | tr -d '%')
  if (( usage > threshold )); then
    notify-send ""Disk Alert"" ""/ usage at ${usage}%""
    echo ""$(date): / usage ${usage}%"" >> /var/log/disk_alert.log
  fi
done"
"Generate a CSV report of all users on the system, including username, UID, GID, home directory, and shell, sorted by UID.","awk -F: 'BEGIN{print ""username,uid,gid,home,shell""} {print $1"",""$3"",""$4"",""$6"",""$7}' /etc/passwd | sort -t, -k2,2n"
"Write a Bash one-liner that finds all files larger than 1GB, prints their path, size in GB with two decimals, and last modification date.","find / -type f -size +1G -printf ""%p %s %TY-%Tm-%Td\n"" | awk '{size=$2/1024/1024/1024; printf ""%s %.2fGB %s\n"", $1, size, $3}'"
"Create a script that reads a list of URLs from urls.txt, downloads each with curl (retry up to 3 times), and logs successes and failures to separate files.","#!/usr/bin/env bash
while read -r url; do
  fname=$(basename ""$url"")
  if curl -fL --retry 3 -o ""$fname"" ""$url""; then
    echo ""$url"" >> success.log
  else
    echo ""$url"" >> failure.log
  fi
done < urls.txt"
"Write a Bash function that takes a directory and creates a tarball of all files modified in the last N days (default 7), preserving permissions.","tar_recent(){
  dir=${1:-.}
  days=${2:-7}
  tar -czf recent_$(date +%Y%m%d).tar.gz -C ""$dir"" \
    $(find ""$dir"" -type f -mtime -$days -printf ""%P "")
}
# Usage: tar_recent /var/www 3"
"Find all JavaScript files modified in the last 7 days, replace tabs with four spaces, and create a tar.gz archive preserving the directory structure.","find . -type f -name ""*.js"" -mtime -7 -print0 | xargs -0 sed -i 's/\t/    /g' && tar -czf recent_js_$(date +%Y%m%d).tar.gz $(find . -type f -name ""*.js"" -mtime -7)"
"Parse an Apache access log to show the 5 most frequent client IPs along with request counts, and output the result in JSON format.","awk '{print $1}' /var/log/apache2/access.log | sort | uniq -c | sort -rn | head -n 5 | awk '{printf ""{\""ip\"": \""%s\"", \""count\"": %d}"", $2, $1}' | jq -s '.'"
"Monitor disk usage of /var and /home every minute for 30 minutes, log timestamps and usage percentages to a file, and alert via mail if any exceed 80%.","for i in {1..30}; do ts=$(date '+%Y-%m-%d %H:%M:%S'); du -sh /var /home | awk -v t=""$ts"" '{print t, $1, $2}' >> /tmp/disk_monitor.log; if [ $(df /var | tail -1 | awk '{print $5}' | tr -d '%') -gt 80 ] || [ $(df /home | tail -1 | awk '{print $5}' | tr -d '%') -gt 80 ]; then mail -s ""Disk usage alert"" admin@example.com <<< ""Disk usage exceeded 80% at $ts""; fi; sleep 60; done"
"Write a Bash function called backup_dir that takes a directory path, creates a compressed backup named with the directory and current timestamp, and logs the operation to /var/log/backup.log.","backup_dir(){ local dir=""$1""; local ts=$(date +%Y%m%d%H%M%S); local tarfile=""${dir%/}_$ts.tar.gz""; tar -czf ""/backup/$tarfile"" -C ""$(dirname ""$dir"")"" ""$(basename ""$dir"")"" && echo ""$(date '+%Y-%m-%d %H:%M:%S') Backup created: $tarfile"" >> /var/log/backup.log; }"
"Extract all JSON objects from a mixed log file, pretty‑print them with jq, and write the results to a new file named cleaned.json.",grep -o '{[^}]*}' mixed.log | jq -s '.' > cleaned.json
"Find all symbolic links under /usr/local that are broken, list their paths, and delete them after user confirmation.","find /usr/local -xtype l -print0 | while IFS= read -r -d '' link; do echo ""Broken link: $link""; read -p ""Delete? [y/N] "" ans; if [[ $ans == [Yy] ]]; then rm ""$link""; fi; done"
"Using curl, download a JSON API endpoint, filter objects where ""status"" is ""active"", extract the ""id"" fields, and write them as a newline‑separated list to ids.txt.","curl -s https://api.example.com/items | jq -r '.[] | select(.status==""active"") | .id' > ids.txt"
"Create a one‑liner that replaces all occurrences of the word ""ERROR"" with ""WARN"" in all *.log files under /var/log, but only in files that contain the word ""CRITICAL"".","grep -l ""CRITICAL"" /var/log/*.log | xargs -r sed -i 's/ERROR/WARN/g'"
"Write a Bash script snippet that reads a CSV file of usernames and email addresses, creates a system user for each, sets a random password, and emails the credentials using mailx.","while IFS=, read -r user email; do sudo useradd -m ""$user"" && pass=$(openssl rand -base64 12) && echo ""$user:$pass"" | sudo chpasswd && echo -e ""Your account: $user\nPassword: $pass"" | mailx -s ""Your new account"" ""$email""; done < users.csv"
"Find all files larger than 100 MB in /data, compute their SHA256 checksums, and store the results in checksums.sha256, ensuring the list is sorted by file size descending.","find /data -type f -size +100M -printf ""%s %p\n"" | sort -nr | awk '{print $2}' | while read f; do sha256sum ""$f""; done > checksums.sha256"
"Using awk, print a table of the total bytes sent per IP address from an nginx access log, sorted by total bytes descending, and limit to the top 20 IPs.","awk '{bytes+=$10} {ip[$1]+=$10} END{for(i in ip) printf ""%s %d\n"", i, ip[i]}' /var/log/nginx/access.log | sort -k2 -nr | head -n 20"
"Create a Bash loop that pings a list of hosts from hosts.txt, logs the latency to ping.log, and triggers a webhook via curl if any host is unreachable for three consecutive checks.","while read host; do fail=0; for i in {1..3}; do if ping -c1 -W1 $host > /dev/null; then echo ""$(date '+%F %T') $host reachable"" >> ping.log; fail=0; break; else fail=$((fail+1)); fi; done; if [ $fail -ge 3 ]; then curl -X POST -d ""{\""host\"":\""$host\"",\""status\"":\""down\""}"" https://hooks.example.com/alert; fi; done < hosts.txt"
"Write a one‑liner that finds all .conf files under /etc, replaces any occurrence of ""Listen 80"" with ""Listen 8080"", and creates a backup of each original file with a .bak extension.","find /etc -type f -name ""*.conf"" -exec sh -c 'cp ""$1"" ""$1.bak"" && sed -i ""s/Listen 80/Listen 8080/"" ""$1""' _ {} \;"
"Generate a report of the number of files per file type (by extension) in /var/www, outputting a sorted list like ""pdf: 123"", ""jpg: 456"".","find /var/www -type f -name ""*.*"" | rev | cut -d. -f1 | rev | sort | uniq -c | awk '{print $2 "": "" $1}' | sort -t: -k2 -nr"
"Create a Bash function that accepts a git branch name, checks out the branch, rebases it onto master, runs the test suite, and if successful, pushes the branch; otherwise, aborts the rebase and returns to the previous branch.","git_sync(){ local branch=""$1""; local cur=$(git rev-parse --abbrev-ref HEAD); git checkout ""$branch"" && git rebase master && if ./run_tests.sh; then git push origin ""$branch""; else git rebase --abort && git checkout ""$cur""; fi; }"
"Using find and xargs, locate all .tmp files older than 30 days in /tmp, compress them into a single archive /var/backups/tmp_archive.tar.gz, and then delete the original files.","find /tmp -type f -name ""*.tmp"" -mtime +30 -print0 | tar --null -czf /var/backups/tmp_archive.tar.gz -T - && find /tmp -type f -name ""*.tmp"" -mtime +30 -delete"
"Parse a JSON log file where each line is a JSON object, extract entries with a ""level"" of ""error"", and write a summary of error messages count per module to error_summary.txt.","jq -r 'select(.level==""error"") | .module' log.jsonl | sort | uniq -c | awk '{print $2 "": "" $1}' > error_summary.txt"
"Write a Bash one‑liner that monitors the CPU temperature every 10 seconds for 5 minutes, logs timestamps and temperature to cpu_temp.log, and triggers an audible alert if temperature exceeds 80°C.","end=$((SECONDS+300)); while [ $SECONDS -lt $end ]; do t=$(sensors | awk '/^Package id 0:/ {print $4}' | tr -d '+°C'); echo ""$(date '+%F %T') $t"" >> cpu_temp.log; if (( $(echo ""$t > 80"" | bc -l) )); then paplay /usr/share/sounds/freedesktop/stereo/alarm-clock-elapsed.oga; fi; sleep 10; done"
"Create a Bash script that backs up MySQL databases listed in db_list.txt, compresses each dump with gzip, stores them in /backups/mysql with a timestamp, and logs successes and failures to /var/log/mysql_backup.log.","while read db; do ts=$(date +%Y%m%d%H%M%S); if mysqldump ""$db"" | gzip > /backups/mysql/${db}_$ts.sql.gz; then echo ""$(date '+%F %T') $db backup succeeded"" >> /var/log/mysql_backup.log; else echo ""$(date '+%F %T') $db backup FAILED"" >> /var/log/mysql_backup.log; fi; done < db_list.txt"
"Using sed and awk, convert a colon‑separated passwd file (/etc/passwd) into a CSV with columns: username,uid,gid,home,shell, ignoring the password field.","awk -F: '{print $1"",""$3"",""$4"",""$6"",""$7}' /etc/passwd > passwd.csv"
"Write a Bash one‑liner that finds all Docker containers stopped for more than 24 hours and removes them, logging the container IDs to /var/log/docker_cleanup.log.","docker ps -a --filter ""status=exited"" --filter ""until=24h"" -q | tee -a /var/log/docker_cleanup.log | xargs -r docker rm"
"Create a Bash function that takes a directory and a regex pattern, searches all text files for the pattern, highlights matches using grep --color, and writes a summary of file counts per match to a temporary file.","search_and_highlight(){ local dir=""$1""; local pat=""$2""; local out=$(mktemp); grep -r --include=*.{txt,log,conf} -E ""${pat}"" ""$dir"" --color=always | tee ""$out""; echo ""Matches per file:""; grep -c ""${pat}"" ""$out"" | sort -nr; }"
"Using tmux, start a new session named ""monitor"" with three panes: top in the left, tail -f /var/log/syslog in the top‑right, and iotop in the bottom‑right, then detach.",tmux new-session -d -s monitor 'top' \; split-window -h -p 50 'tail -f /var/log/syslog' \; split-window -v -p 50 'iotop -o' \; select-layout tiled
"Write a Bash one‑liner that lists all open network sockets, groups them by listening port, counts how many processes are listening on each port, and displays ports with more than one listener.","ss -tunlp | awk 'NR>1{print $5}' | cut -d: -f2 | sort | uniq -c | awk '$1>1 {print $2 "": "" $1}'"
"Create a script that reads a list of URLs from urls.txt, downloads each with curl showing a progress bar, verifies the SHA256 checksum against a provided checksums.txt file, and retries up to 2 times on failure.","while read url; do fname=$(basename ""$url""); expected=$(grep ""$fname"" checksums.txt | awk '{print $1}'); attempt=0; until [ $attempt -ge 3 ]; do curl -O --progress-bar ""$url"" && got=$(sha256sum ""$fname"" | awk '{print $1}') && if [ ""$got"" = ""$expected"" ]; then echo ""$fname OK""; break; else echo ""$fname checksum mismatch""; rm -f ""$fname""; fi; attempt=$((attempt+1)); done; done < urls.txt"
"Using perl, extract all IPv4 addresses from a large text file and output a sorted list of unique addresses to ip_list.txt.","perl -nle 'print for /\b(?:\d{1,3}\.){3}\d{1,3}\b/g' bigfile.txt | sort -u > ip_list.txt"
"Write a Bash one‑liner that monitors the size of a log file /var/log/app.log, and when it exceeds 500 MB, rotates it by renaming to app.log.1, compresses the old file, and signals the application with USR1.",size=$(stat -c%s /var/log/app.log); if [ $size -gt $((500*1024*1024)) ]; then mv /var/log/app.log /var/log/app.log.1 && gzip /var/log/app.log.1 && kill -USR1 $(pidof app_binary); fi
"Create a Bash function that accepts a directory and creates a hierarchical tree view showing file counts and total size per subdirectory, similar to ""du -h --max-depth=2"" but formatted as JSON.","dir_tree(){ local dir=""$1""; find ""$dir"" -mindepth 1 -maxdepth 2 -type d | while read sub; do count=$(find ""$sub"" -type f | wc -l); size=$(du -sh ""$sub"" | cut -f1); echo ""{\""path\"": \""${sub}\"", \""files\"": $count, \""size\"": \""$size\""}""; done | jq -s '.'; }"
"Using find and chmod, locate all executable files in /opt/scripts that are not owned by root, and change their ownership to root while preserving the executable bits.","find /opt/scripts -type f -executable ! -user root -exec chown root:{} \; -exec chmod u+x,g+x,o+x {} \;"
"Write a Bash one‑liner that extracts the domain names from a list of URLs in urls.txt, counts occurrences, and outputs the top 5 domains.",awk -F/ '{print $3}' urls.txt | sort | uniq -c | sort -nr | head -n 5
"Create a script that watches a directory for new JPEG files using inotifywait, generates a thumbnail (200x200) for each new image with ImageMagick, and moves the thumbnail to a thumbnails/ subdirectory.","inotifywait -m -e create --format ""%f"" /watch/dir | while read file; do if [[ $file == *.jpg || $file == *.jpeg ]]; then convert ""/watch/dir/$file"" -thumbnail 200x200 ""/watch/dir/thumbnails/${file%.*}_thumb.jpg""; fi; done"
"Using awk and paste, merge two CSV files (users.csv and emails.csv) on the first column (username) and output a combined CSV with columns: username,uid,email.","join -t, -1 1 -2 1 <(sort -t, -k1,1 users.csv) <(sort -t, -k1,1 emails.csv) > combined.csv"
"Write a Bash one‑liner that finds all ELF binaries under /usr/local/bin, strips them with strip, and logs the original and new file sizes to /var/log/strip.log.","find /usr/local/bin -type f -executable -exec file {} \; | grep ELF | cut -d: -f1 | while read bin; do old=$(stat -c%s ""$bin""); strip ""$bin""; new=$(stat -c%s ""$bin""); echo ""$(date '+%F %T') $bin $old->$new"" >> /var/log/strip.log; done"
"Find all files larger than 100 MiB in /var/www, compute their SHA256 checksums, and store the results in a CSV file with columns: filepath,size,sha256.","find /var/www -type f -size +100M -printf '%p,%s\n' | while IFS=, read -r path size; do checksum=$(sha256sum ""$path"" | cut -d' ' -f1); echo ""$path,$size,$checksum""; done > /tmp/large_files.csv # CSV header omitted for brevity"
"Create a Bash function named ""retry"" that runs a given command up to 5 times with exponential back‑off (1s, 2s, 4s, 8s) until it succeeds, and returns the command's exit status.","retry(){ local attempts=0 max=5 delay=1; while ((attempts<max)); do ""$@"" && return 0; ((attempts++)); echo ""Attempt $attempts failed, retrying in $delay seconds...""; sleep $delay; ((delay*=2)); done; return 1; } # Usage: retry curl -sSf https://example.com"
"Archive all modified Python (*.py) files in the last 7 days from ~/projects into a tar.gz named ""recent_py_$(date +%F).tgz"" while preserving directory structure.","tar -czf ""recent_py_$(date +%F).tgz"" -C ~/projects $(find . -type f -name '*.py' -mtime -7)"
"Parse a JSON log file /var/log/app.log (each line is a JSON object) to extract entries where ""level"" is ""error"" and ""user"" field matches regex ^admin.*, then count occurrences per ""module"" and output a sorted table.","jq -c 'select(.level==""error"" and (.user|test(""^admin"")))' /var/log/app.log | jq -r '.module' | sort | uniq -c | sort -nr | awk '{printf ""%5s %s\n"", $1, $2}' #=>   42 auth"
"Monitor CPU usage every 2 seconds for 1 minute, compute the average idle percentage, and print it with two decimal places.","awk 'NR>1{idle+=$5} END{printf ""Average idle: %.2f%%\n"", idle/NR}' <(top -b -d 2 -n 30 | grep '^%Cpu')"
"Find all symbolic links under /etc that are broken, list their paths, and replace each with a copy of the target file if it exists elsewhere (searching /usr/share), otherwise delete the link.","find /etc -xtype l | while read -r link; do target=$(readlink -f ""$link""); if [[ -e ""$target"" ]]; then cp -a ""$target"" ""$(dirname ""$link"")/$(basename ""$target"")""; rm ""$link""; elif found=$(find /usr/share -type f -samefile ""$target"" -print -quit); then cp -a ""$found"" ""$(dirname ""$link"")/$(basename ""$found"")""; rm ""$link""; else rm ""$link""; fi; done"
"Generate a report of disk usage per user in /home, showing the top 3 users by total size, formatted as a markdown table.","du -sh /home/* 2>/dev/null | sort -hr | head -3 | awk 'BEGIN{print ""| User | Size |
|------|------|""} {printf ""| %s | %s |
"", $2, $1}'"
"Using curl, download a JSON API at https://api.example.com/data, extract the field ""items"" (an array), and for each item, download the URL in its ""download_url"" field concurrently (max 5 parallel jobs), saving to ./downloads with original filenames.","curl -s https://api.example.com/data | jq -r '.items[].download_url' | xargs -n1 -P5 -I{} sh -c 'url={}; fname=$(basename ""$url""); curl -s -o ""./downloads/$fname"" ""$url""'"
"Create a one‑liner that replaces all occurrences of the word ""foo"" with ""bar"" in all *.conf files under /etc, but only if the file contains the word ""enable=true""; preserve a backup with .bak extension.",find /etc -type f -name '*.conf' -exec grep -q 'enable=true' {} \; -exec sed -i.bak 's/foo/bar/g' {} \;
"Write a Bash script that watches /var/log/syslog for new lines containing the word ""CRITICAL"", extracts the timestamp and message, and sends an email alert using mailx to admin@example.com.","#!/usr/bin/env bash
tail -F /var/log/syslog | while read -r line; do if [[ $line == *""CRITICAL""* ]]; then ts=$(echo ""$line"" | awk '{print $1"" ""$2"" ""$3}'); msg=$(echo ""$line"" | cut -d' ' -f4-); echo -e ""Subject: Critical Alert\n\n$ts – $msg"" | mailx -s 'Critical system event' admin@example.com; fi; done"
"Find all Docker containers that have been stopped for more than 48 hours and remove them, logging each removal to /var/log/docker_cleanup.log with timestamp.","docker ps -a --filter 'status=exited' --format '{{.ID}} {{.RunningFor}}' | while read -r cid age; do if [[ $age == *days* ]] && (( $(echo $age | grep -o '[0-9]\+' ) >= 2 )); then docker rm ""$cid"" && echo ""$(date +%F%T) Removed $cid (stopped $age)"" >> /var/log/docker_cleanup.log; fi; done"
"Compress all log files older than 30 days in /var/log/nginx into a single tar.gz archive named ""nginx_logs_$(date +%Y%m).tar.gz"" and delete the original files after successful compression.","find /var/log/nginx -type f -name '*.log' -mtime +30 -print0 | tar --null -czf ""nginx_logs_$(date +%Y%m).tar.gz"" --files-from=- && find /var/log/nginx -type f -name '*.log' -mtime +30 -delete"
"Using awk, compute the median of the second column in a whitespace‑separated file data.txt and print it with three decimal places.","awk '{a[NR]=$2} END{n=asort(a); if (n%2){printf ""Median: %.3f\n"", a[int((n+1)/2)];} else {printf ""Median: %.3f\n"", (a[n/2]+a[n/2+1])/2;}' data.txt"
"Create a Bash one‑liner that lists all TCP ports currently listening, groups them by the owning process name, and displays the count per process, sorted descending.","ss -tlnp | awk 'NR>1{print $NF}' | cut -d',' -f2 | sort | uniq -c | sort -nr | awk '{printf ""%5s %s\n"", $1, $2}'"
"Write a function ""json_pretty"" that takes a JSON string (or file path) and pretty‑prints it using jq, handling both cases transparently.","json_pretty(){ if [[ -f $1 ]]; then jq '.' ""$1""; else echo ""$1"" | jq '.'; fi; } # Usage: json_pretty '{""a"":1}' or json_pretty file.json"
"Search recursively for the pattern ""TODO:"" in all *.sh files under the current directory, output each match as ""filename:line_number:content"", and write the result to todo_report.txt.",grep -R --include='*.sh' -n 'TODO:' . > todo_report.txt
"Using find and xargs, change the permission of all executable files (owner executable) under /opt/scripts to 750, but only if they are larger than 1 KB.",find /opt/scripts -type f -perm -u=x -size +1k -print0 | xargs -0 chmod 750
"Generate a histogram of HTTP status codes from an access log /var/log/nginx/access.log, showing each code and its count, sorted by code.","awk '{print $9}' /var/log/nginx/access.log | sort | uniq -c | sort -n | awk '{printf ""%s %s\n"", $2, $1}'"
"Write a Bash script that monitors the size of /var/log/syslog; if it exceeds 100 MiB, rotate it by moving to syslog.1, compressing with gzip, and creating a new empty syslog file, preserving permissions.","#!/usr/bin/env bash
log=/var/log/syslog
max=$((100*1024*1024))
if (( $(stat -c%s ""$log"") > max )); then
  mv ""$log"" ""$log.1""
  gzip ""$log.1""
  touch ""$log""
  chown syslog:adm ""$log""
  chmod 640 ""$log""
fi"
Extract all unique domain names from a list of URLs in urls.txt and write them alphabetically to domains.txt.,awk -F/ '{print $3}' urls.txt | sed 's/^www\.//' | sort -u > domains.txt
"Using sed, convert a CSV file data.csv with Windows line endings (CRLF) to Unix line endings, and replace any empty fields with the string ""N/A"".","sed -i 's/\r$//' data.csv; sed -i 's/,,/,N\/A,/g; s/,$/,N\/A/' data.csv"
"Create a Bash one‑liner that prints the current Git branch name and the number of staged files, formatted as ""branch (X staged)"".","git rev-parse --abbrev-ref HEAD | awk -v staged=$(git diff --name-only --cached | wc -l) '{print $0"" (""staged"" staged)""}'"
"Write a command that lists all users with UID >= 1000 who have not logged in within the last 90 days, using /var/log/lastlog, and outputs their usernames sorted alphabetically.","awk -F: '$3>=1000 {print $1}' /etc/passwd | while read -r user; do lastlog -u ""$(id -u $user)"" | awk 'NR==2 && $4==""**Never logged in**"" {print $1}' ; done | sort -u"
"Using ffmpeg, batch‑convert all .mov videos in ~/videos to .mp4 with H.264 video codec and AAC audio, preserving original filenames, and store them in ~/converted.","mkdir -p ~/converted; for f in ~/videos/*.mov; do ffmpeg -i ""$f"" -c:v libx264 -c:a aac ""~/converted/$(basename ""${f%.*}"").mp4""; done"
"Write a Bash function ""port_check"" that takes a host and a list of ports, tests each port with nc (timeout 2s), and returns a summary like ""80:open, 443:closed"".","port_check(){ local host=$1; shift; local result=(); for p in ""$@""; do if nc -z -w2 ""$host"" ""$p""; then result+=(""$p:open""); else result+=(""$p:closed""); fi; done; IFS=,; echo ""${result[*]}""; } # Usage: port_check example.com 80 443 22"
"Find all Git repositories under /srv, and for each, fetch the latest changes from origin and prune any deleted remote branches, logging repository path and any errors to /var/log/git_sync.log.","find /srv -type d -name .git -prune -print0 | while IFS= read -r -d '' gitdir; do repo=$(dirname ""$gitdir""); echo ""Syncing $repo"" >> /var/log/git_sync.log; (cd ""$repo"" && git fetch --prune origin) >> /var/log/git_sync.log 2>&1; done"
"Using perl, replace any IPv4 address in a text file config.cfg with the placeholder ""0.0.0.0"" while preserving the rest of the file.","perl -pi -e 's/\b(?:\d{1,3}\.){3}\d{1,3}\b/0.0.0.0/g' config.cfg"
Create a Bash one‑liner that prints the total number of lines of code (excluding blank lines and comments) in all *.py files under the current directory.,find . -name '*.py' -print0 | xargs -0 cat | grep -vE '^(\s*$|\s*#)' | wc -l
"Write a command that monitors the number of open file descriptors for the process named ""postgres"" every 5 seconds, logs the count with timestamp to /var/log/postgres_fds.log, and alerts via syslog if the count exceeds 1024.","while :; do count=$(lsof -c postgres | wc -l); echo ""$(date +%F%T) $count"" >> /var/log/postgres_fds.log; if (( count>1024 )); then logger -p user.warn ""postgres open fds > 1024: $count""; fi; sleep 5; done &"
"Using awk, generate a CSV report from /proc/meminfo showing total, free, and available memory in megabytes, with a header line.","awk 'BEGIN{print ""Total,Free,Available""} /MemTotal:/ {total=$2} /MemFree:/ {free=$2} /MemAvailable:/ {avail=$2} END{printf ""%.2f,%.2f,%.2f\n"", total/1024, free/1024, avail/1024}' /proc/meminfo"
"Write a Bash script that backs up MySQL databases listed in an array DB_LIST to /backup/mysql, compresses each dump with gzip, and rotates backups keeping only the last 7 days.","#!/usr/bin/env bash
DB_LIST=(db1 db2 db3)
backup_dir=/backup/mysql
mkdir -p ""$backup_dir""
for db in ""${DB_LIST[@]}""; do mysqldump ""$db"" | gzip > ""$backup_dir/${db}_$(date +%F).sql.gz""; done
find ""$backup_dir"" -type f -mtime +7 -delete"
"Using find and stat, list the 10 most recently modified regular files under /var/www/html, showing size (human readable), modification time, and full path.","find /var/www/html -type f -printf '%T@ %p\n' | sort -nr | head -10 | while read -r ts path; do stat -c '%y %s %n' ""$path"" | awk '{printf ""%s %s %s\n"", $1"" ""$2, $3, $4}'; done"
"Create a Bash one‑liner that replaces all occurrences of the pattern ""VERSION=\d+\.\d+"" in *.env files with the current date in YYYYMMDD format, using sed.","date=$(date +%Y%m%d); find . -name '*.env' -print0 | xargs -0 -I{} sed -i ""s/VERSION=[0-9]\+\.[0-9]\+/VERSION=$date/g"" {}"
"Parse JSON logs from /var/log/app.json, extract entries where ""level"" is ""error"", count occurrences per service, and output a sorted table.","jq -r '.[] | select(.level==""error"") | [.service, .message] | @tsv' /var/log/app.json \
  | cut -f1 \
  | sort \
  | uniq -c \
  | sort -nr"
"Monitor CPU usage every 5 seconds for 1 minute, calculate the average, and send an alert via mail if the average exceeds 80%.","#!/usr/bin/env bash
samples=12
sum=0
for i in $(seq 1 $samples); do
  cpu=$(top -bn1 | grep ""%Cpu"" | awk '{print 100-$8}')
  sum=$(echo ""$sum + $cpu"" | bc)
  sleep 5
done
avg=$(echo ""scale=2; $sum / $samples"" | bc)
if (( $(echo ""$avg > 80"" | bc -l) )); then
  echo ""Average CPU usage $avg% exceeds threshold"" | mail -s ""CPU Alert"" admin@example.com
fi"
"Recursively replace all occurrences of the string ""foo"" with ""bar"" in *.conf files under /etc, but skip files larger than 1 MiB.","find /etc -type f -name ""*.conf"" -size -1M -print0 | \
  xargs -0 sed -i 's/foo/bar/g'"
"List the top 10 processes by memory usage, display PID, user, %MEM, and command, and write the output to a timestamped CSV file in /tmp.","ps -eo pid,user,%mem,command --sort=-%mem | head -n 11 | \
  awk 'NR==1{print ""PID,User,%MEM,Command"";next} {print $1"",""$2"",""$3"",""$4}' > /tmp/processes_$(date +%Y%m%d_%H%M%S).csv"
"Find all duplicate files (identical content) under /home, and delete the older copies, keeping the newest one based on modification time.","#!/usr/bin/env bash
find /home -type f -exec md5sum {} + | \
  sort | uniq -w32 -D | awk '{print $2}' | \
  xargs -I{} stat -c ""%Y %n"" {} | sort -nr | awk 'NR>1{print $2}' | xargs -d '\n' rm -v"
"Create a weekly backup of /srv/data, excluding any .tmp files, compress with pigz, and rotate backups keeping only the last 4 weeks.","#!/usr/bin/env bash
backup_dir=/backup
week=$(date +%Y-%V)
mkdir -p ""$backup_dir""
find /srv/data -type f ! -name ""*.tmp"" -print0 | \
  tar --null -cvf - --files-from=- | pigz > ""$backup_dir/data_backup_${week}.tar.gz""
# Rotate
ls -1t ""$backup_dir""/data_backup_*.tar.gz | tail -n +5 | xargs -d '\n' rm -v"
"Watch a log file in real time, filter lines containing ""WARN"" or ""ERROR"", prepend a timestamp, and send each matching line to a remote syslog server via logger.","tail -F /var/log/application.log | \
  grep -E ""WARN|ERROR"" | \
  while IFS= read -r line; do
    logger -n syslog.example.com -P 514 -t app ""$(date '+%Y-%m-%d %H:%M:%S') $line""
  done"
"Generate a report of disk usage per user on /home, showing total size in human‑readable form, and email the report to root.","#!/usr/bin/env bash
report=$(du -sh /home/* | sort -hr)
echo -e ""Disk usage per user:\n$report"" | mail -s ""Home Disk Usage Report"" root"
"Extract all HTTP status codes from an Apache access log, count occurrences of each code, and output a JSON object mapping code to count.","awk '{print $9}' /var/log/apache2/access.log | \
  sort | uniq -c | awk '{print $2"":""$1}' | \
  jq -R 'split("":"") | { (.[0]): (.[1]|tonumber) }' | jq -s add"
"Create a function ""backup_mysql"" that dumps all MySQL databases, compresses the dump with gzip, encrypts it with OpenSSL AES‑256, and stores it in /var/backups with a date‑stamp.","backup_mysql(){
  dump_file=""/tmp/mysql_$(date +%Y%m%d_%H%M%S).sql""
  mysqldump --all-databases > ""$dump_file""
  gzip ""$dump_file""
  openssl enc -aes-256-cbc -salt -in ""${dump_file}.gz"" -out ""/var/backups/mysql_${dump_file##*/}.gz.enc"" -k ""$MYSQL_BACKUP_PASS""
  rm -f ""${dump_file}.gz""
}"
"List all open network sockets, group them by remote IP, count how many connections each IP has, and display the top 5 IPs.","ss -tunap | awk 'NR>1{print $6}' | cut -d"":"" -f1 | sort | uniq -c | sort -nr | head -n5"
"Monitor a directory for new files using inotifywait, and when a new file appears, compute its SHA256 checksum and append the result to /var/log/checksums.log.","#!/usr/bin/env bash
inotifywait -m /watched/dir -e create --format ""%w%f"" | \
  while read newfile; do
    sha256sum ""$newfile"" >> /var/log/checksums.log
  done"
"Find all Docker containers that have been exited for more than 24 hours and remove them, then prune unused images.","docker ps -a --filter ""status=exited"" --filter ""until=24h"" -q | xargs -r docker rm
docker image prune -f"
"Generate a CSV of all users with UID >= 1000, showing username, UID, GID, home directory, and shell, sorted by UID.","awk -F: '($3>=1000){print $1"",""$3"",""$4"",""$6"",""$7}' /etc/passwd | sort -t, -k2,2n"
"Create a one‑liner that prints the current Git branch name, the short commit hash, and whether there are uncommitted changes (""dirty"" or ""clean"").","branch=$(git rev-parse --abbrev-ref HEAD); hash=$(git rev-parse --short HEAD); status=$(git status --porcelain | wc -l); dirty=$( [ $status -eq 0 ] && echo clean || echo dirty ); echo ""$branch $hash $dirty"""
"Search recursively for files containing the regex ""TODO\([A-Z]+\)"" and replace each occurrence with ""DONE\1"" using perl, but only in files under src/ that are not larger than 500 KB.",find src/ -type f -size -500k -print0 | xargs -0 perl -pi -e 's/TODO\(([A-Z]+)\)/DONE\1/g'
"List the 5 most recent git commits that modified files in the ""docs/"" directory, showing commit hash, author, date, and subject.",git log -n 5 --pretty=format:'%h %an %ad %s' --date=short -- docs/
"Create a bash function ""retry"" that runs a given command up to 5 times with exponential backoff (1s,2s,4s,8s) until it succeeds, returning the command's exit status.","retry(){
  local max=5; local i=0; local delay=1
  while (( i < max )); do
    ""$@"" && return 0
    ((i++))
    sleep $delay
    ((delay*=2))
  done
  return 1
}"
"Find all JPEG images larger than 2 MiB in /pictures, create thumbnails of 200×200 pixels using ImageMagick, and store them in /pictures/thumbs preserving the original directory structure.","#!/usr/bin/env bash
src=/pictures
dst=/pictures/thumbs
find ""$src"" -type f -name ""*.jpg"" -size +2M | while read img; do
  rel=${img#${src}/}
  thumb_dir=$(dirname ""$dst/$rel"")
  mkdir -p ""$thumb_dir""
  convert ""$img"" -thumbnail 200x200 ""$dst/$rel""
 done"
"Extract all IPv4 addresses from a mixed log file, count unique occurrences, and output the top 10 most frequent IPs.","grep -oE '\b([0-9]{1,3}\.){3}[0-9]{1,3}\b' mixed.log | sort | uniq -c | sort -nr | head -n10"
"Write a script that reads a list of URLs from urls.txt, downloads each with curl (max 3 retries, 10 s timeout), saves to /tmp/downloads, and logs successes and failures to download.log.","#!/usr/bin/env bash
mkdir -p /tmp/downloads
while read -r url; do
  fname=$(basename ""$url"")
  if curl -m 10 --retry 3 -o ""/tmp/downloads/$fname"" ""$url""; then
    echo ""$(date +%F_%T) SUCCESS $url"" >> download.log
  else
    echo ""$(date +%F_%T) FAIL $url"" >> download.log
  fi
done < urls.txt"
"List all systemd services that failed to start in the last boot, showing unit name and the last 5 lines of their journal logs.","systemctl --failed --no-legend | awk '{print $1}' | while read svc; do
  echo ""=== $svc ===""
  journalctl -u ""$svc"" -b -n 5
  echo
 done"
"Create a tarball of /opt/app, but exclude any .git directories and files larger than 100 MiB, then compute and display its SHA512 checksum.","tar --exclude='*.git' --exclude='*/.git' --exclude='*' --files-from=<(find /opt/app -type f ! -size +100M) -czf /tmp/app.tar.gz -C /opt/app .
sha512sum /tmp/app.tar.gz"
"Find all running processes owned by root that have open network sockets, and print PID, command, and listening ports in a table.","ps -u root -o pid,comm | while read pid cmd; do
  ports=$(ss -ltnp | awk -v p=$pid '$NF~p{print $5}' | cut -d"":"" -f2 | paste -sd "","" -)
  [ -n ""$ports"" ] && printf ""%5s %-20s %s\n"" ""$pid"" ""$cmd"" ""$ports""
done"
"Write a one‑liner that prints the number of lines added, deleted, and total changed files in the last git commit.","git show --stat HEAD | awk '/files changed/ {added+=$4; deleted+=$6} END {print ""Added:"",added,""Deleted:"",deleted,""Files changed:"",NR}'"
"Monitor free memory every 10 seconds, and if it drops below 200 MiB, write a warning with timestamp to /var/log/mem_alert.log and send a desktop notification via notify-send.","while :; do
  free_k=$(awk '/MemAvailable/ {print $2}' /proc/meminfo)
  if (( free_k < 200*1024 )); then
    msg=""Low memory: $(($free_k/1024)) MiB remaining""
    echo ""$(date '+%F %T') $msg"" >> /var/log/mem_alert.log
    notify-send ""Memory Alert"" ""$msg""
  fi
  sleep 10
done"
"Find all ELF binaries under /usr/bin that are not stripped, and strip them in place after creating a backup with .bak extension.","#!/usr/bin/env bash
find /usr/bin -type f -executable -exec file {} + | grep 'ELF' | grep -v 'stripped' | cut -d: -f1 | while read bin; do
  cp -p ""$bin"" ""${bin}.bak""
  strip --strip-unneeded ""$bin""
 done"
"Generate a report of the top 10 largest files on the filesystem, showing size in human‑readable form and full path, and save it to /tmp/top10_large_files.txt.","find / -xdev -type f -printf ""%s %p\n"" 2>/dev/null | sort -nr | head -n10 | numfmt --field=1 --to=iec-i --suffix=B --padding=7 > /tmp/top10_large_files.txt"
"Create a bash script that synchronizes two directories (src and dest) using rsync, preserving permissions, deleting extraneous files in dest, and logs the operation to /var/log/rsync_sync.log with timestamps.","#!/usr/bin/env bash
src=/data/src
dest=/data/dest
log=/var/log/rsync_sync.log
rsync -a --delete ""$src/"" ""$dest/"" >> ""$log"" 2>&1
echo ""$(date '+%F %T') Sync completed"" >> ""$log"""
"Find all Python virtual environments (directories containing a ""bin/activate"" file) under /home, and print the Python version used in each environment.","#!/usr/bin/env bash
find /home -type f -path ""*/bin/activate"" -print0 | while IFS= read -r -d '' act; do
  env_dir=$(dirname ""$act"")
  py_version=$(""$env_dir/python"" --version 2>&1)
  echo ""$(realpath ""$env_dir"") : $py_version""
done"
Write a command that prints the total number of lines of code (excluding blank lines and comments) for all *.c and *.h files in the current project.,"find . -type f \( -name ""*.c"" -o -name ""*.h"" \) -exec cat {} + | \
  grep -vE '^\s*(//|/\*|\*|$)' | wc -l"
"Create a cron job that runs a backup script at 2 AM on the first day of each month, ensuring that any output is mailed to admin@example.com.","0 2 1 * * /usr/local/bin/monthly_backup.sh | mail -s ""Monthly Backup Log"" admin@example.com"
"Find all services that are enabled but not currently running, and start them automatically.","systemctl list-unit-files --type=service --state=enabled | awk 'NR>1{print $1}' | while read svc; do
  if ! systemctl is-active --quiet ""$svc""; then
    systemctl start ""$svc""
  fi
done"
"Extract all URLs from a large HTML file, deduplicate them, and write the list to urls_extracted.txt sorted alphabetically.","grep -oE 'https?://[^""'\'' >]+' large.html | sort -u > urls_extracted.txt"
"Create a Bash function named backup_mysql that dumps all MySQL databases, encrypts the dump with GPG using a given key, compresses it with xz, and stores it in /backups with a timestamped filename.","backup_mysql(){
  local ts=$(date +%F_%H-%M-%S)
  local dump=/tmp/mysql_all_$ts.sql
  mysqldump --all-databases --single-transaction --quick --lock-tables=false > ""$dump""
  gpg --yes --batch -r ""$1"" -o ""$dump.gpg"" -e ""$dump""
  xz -9 ""$dump.gpg""
  mv ""$dump.gpg.xz"" /backups/mysql_all_$ts.sql.gpg.xz
  rm -f ""$dump""
}
# Usage: backup_mysql recipient@example.com"
"Recursively search /etc for configuration files (ending with .conf) that contain the string 'Password' (case‑insensitive), replace the password value with 'REDACTED' using sed, and write changes back in‑place.","find /etc -type f -name '*.conf' -print0 | xargs -0 grep -i -l 'Password' | while IFS= read -r file; do
  sed -i -E 's/(Password[[:space:]]*=[[:space:]]*).*/\1REDACTED/I' ""$file""
done"
"Monitor /var/log/auth.log in real time, count failed SSH login attempts per IP in the last 10 minutes, and output the top 3 offending IPs.","awk '/Failed password/ && $1 > strftime(""%b %d %H:%M:%S"", systime()-600) {print $11}' /var/log/auth.log | sort | uniq -c | sort -nr | head -n 3"
"Generate a tarball of all files in /home that were modified in the last 24 hours, excluding any hidden files or directories, and encrypt it with OpenSSL AES‑256 using a password prompt.",find /home -type f -mtime -1 ! -path '*/.*' -print0 | tar --null -cvf - --files-from - | openssl enc -aes-256-cbc -salt -out /tmp/recent_home_$(date +%F).tar.gz.enc
"Write a one‑liner that extracts all URLs from a large JSON file (data.json) using jq, deduplicates them, and saves the list to urls.txt.","jq -r '..|strings|select(test(""https?://""))' data.json | sort -u > urls.txt"
"Create a Bash loop that pings a list of hosts from hosts.txt every 30 seconds, logs latency to /var/log/ping.log with timestamps, and triggers a webhook if any host is unreachable for 3 consecutive attempts.","while :; do
  while IFS= read -r host; do
    if ping -c1 -W1 ""$host"" >/dev/null; then
      echo ""$(date +%F_%T) $host OK"" >> /var/log/ping.log
      echo 0 > ""/tmp/${host}_fail""
    else
      echo ""$(date +%F_%T) $host FAIL"" >> /var/log/ping.log
      cnt=$(cat ""/tmp/${host}_fail"" 2>/dev/null || echo 0)
      cnt=$((cnt+1))
      echo $cnt > ""/tmp/${host}_fail""
      if ((cnt>=3)); then
        curl -s -X POST -d ""{\""host\"":\""$host\"", \""status\"":\""down\""}"" http://example.com/webhook
      fi
    fi
  done < hosts.txt
  sleep 30
done"
"Using find and xargs, locate all executable files under /opt/scripts that have not been accessed in the last 180 days and move them to /opt/archived with their original directory structure preserved.",find /opt/scripts -type f -executable -atime +180 -print0 | cpio -pdm /opt/archived
"Write a Bash function that takes a directory path, calculates the SHA‑256 hash of each regular file inside it (recursively), stores the results in a JSON object mapping relative paths to hashes, and prints the JSON.","hash_dir(){
  local base=""$1""
  echo '{'
  find ""$base"" -type f -print0 | while IFS= read -r -d '' file; do
    rel=${file#${base}/}
    hash=$(sha256sum ""$file"" | awk '{print $1}')
    printf ""  \""%s\"": \""%s\""%s\n"" ""$rel"" ""$hash"" ""$( [ ""$file"" = ""$(find ""$base"" -type f -print0 | tail -z -n1)"" ] && echo '' || echo ',' )""
  done
  echo '}'
}
# Usage: hash_dir /path/to/dir"
"Extract all JPEG images from a PDF file (document.pdf) and save them into a directory named images/, preserving original resolution.",mkdir -p images && pdfimages -j document.pdf images/img
"Create a cron‑compatible one‑liner that rotates logs in /var/log/myapp/, keeping only the most recent 7 compressed archives, and deletes any files older than 30 days.",find /var/log/myapp/ -type f -name '*.log.*.gz' -mtime +30 -delete && ls -1t /var/log/myapp/*.log.*.gz | tail -n +8 | xargs -d '\n' rm -f
"Write a Bash script that watches for new files in /incoming using inotifywait, validates that they are valid JSON with jq, moves valid files to /processed, and logs invalid ones to /var/log/invalid_json.log.","#!/usr/bin/env bash
inotifywait -m -e close_write --format '%w%f' /incoming | while read -r file; do
  if jq empty ""$file"" >/dev/null 2>&1; then
    mv ""$file"" /processed/
  else
    echo ""$(date +%F_%T) Invalid JSON: $file"" >> /var/log/invalid_json.log
    mv ""$file"" /processed/invalid/
  fi
done"
"Using awk, parse the Apache access log /var/log/apache2/access.log to compute the total bytes transferred per virtual host (field 1 is host, field 10 is bytes), and output the top 5 hosts.","awk '{host=$1; bytes=$10} END{for(h in host)print h,bytes}' /var/log/apache2/access.log | sort -k2 -nr | head -n5"
"Generate a Bash one‑liner that replaces all occurrences of the IP address 192.168.1.100 with 10.0.0.5 in all .conf files under /etc, but only if the file contains the word 'gateway'.",grep -rl 'gateway' /etc/*.conf | xargs -r sed -i 's/192\.168\.1\.100/10.0.0.5/g'
"Create a function that accepts a Git repository URL, clones it into /tmp, runs a Docker build using the Dockerfile at the repo root, tags the image with the repo name and current commit SHA, and pushes it to registry.example.com.","dockerize_repo(){
  local repo=$1
  local dir=$(mktemp -d)
  git clone ""$repo"" ""$dir""
  pushd ""$dir"" >/dev/null
  local sha=$(git rev-parse --short HEAD)
  local name=$(basename ""$repo"" .git)
  docker build -t registry.example.com/${name}:${sha} .
  docker push registry.example.com/${name}:${sha}
  popd >/dev/null
  rm -rf ""$dir""
}
# Usage: dockerize_repo https://github.com/user/project.git"
"Write a Bash one‑liner that lists all users on the system who have not logged in for more than 90 days, using /var/log/lastlog, and disables their accounts with usermod.","while IFS=: read -r user _ uid _ _ _ _; do
  if ((uid>=1000)); then
    last=$(lastlog -u ""$user"" | awk 'NR==2 {print $4,$5,$6}')
    if [[ ""$last"" == '**Never logged in**' ]] || (( $(date -d ""$last"" +%s) < $(date -d '-90 days' +%s) )); then
      usermod -L ""$user""
    fi
  fi
done < <(cut -d: -f1,3 /etc/passwd)"
"Using find, locate all symbolic links under /usr/local that point to non‑existent targets and delete them.",find /usr/local -xtype l -delete
"Create a Bash pipeline that reads a CSV file (data.csv), filters rows where column 3 > 100, converts the result to JSON array of objects with keys col1..colN, and writes to filtered.json.","awk -F',' 'NR==1{for(i=1;i<=NF;i++)h[i]=$i;next} $3>100{printf ""%s"", (NR==2?""["":""""); printf ""{""; for(i=1;i<=NF;i++) printf ""\""%s\"": \""%s\""%s"", h[i], $i, (i==NF?"""":"" , ""); printf ""}""; if(!getline) printf ""]""; else printf "",""}' data.csv > filtered.json"
"Write a Bash function that monitors a directory (/var/spool/queue) for new files, processes each file by sending its contents via HTTP POST to https://api.example.com/ingest, moves successfully sent files to /var/spool/processed, and retries failed ones up to 3 times with exponential backoff.","process_queue(){
  inotifywait -m -e close_write --format '%w%f' /var/spool/queue | while read -r file; do
    attempts=0
    while ((attempts<3)); do
      if curl -s -X POST -H 'Content-Type: text/plain' --data-binary ""@$file"" https://api.example.com/ingest; then
        mv ""$file"" /var/spool/processed/
        break
      else
        ((attempts++))
        sleep $((2**attempts))
      fi
    done
    if ((attempts==3)); then
      mv ""$file"" /var/spool/failed/
    fi
  done
}
# Run in background: process_queue &"
"Using perl, replace any occurrence of dates in MM/DD/YYYY format in all .txt files under /data with ISO format YYYY‑MM‑DD, editing files in‑place.",find /data -type f -name '*.txt' -print0 | xargs -0 perl -i -pe 's/(\d{2})\/(\d{2})\/(\d{4})/$3-\$1-\$2/g'
"Create a Bash one‑liner that prints the total number of TCP connections in each state (ESTABLISHED, LISTEN, TIME_WAIT, etc.) on the system.","ss -tan | awk 'NR>1{print $1}' | sort | uniq -c | awk '{print $2"":""$1}'"
"Write a command that extracts the ""Authorization"" header from every request in an nginx access log (/var/log/nginx/access.log), hashes each token with SHA‑256, and stores unique hashes in auth_hashes.txt.","awk -F'""' '{for(i=1;i<=NF;i++) if($i ~ /Authorization:/) print $i}' /var/log/nginx/access.log | sed -n 's/.*Authorization: Bearer \([^ ]*\).*/\1/p' | sha256sum | cut -d' ' -f1 | sort -u > auth_hashes.txt"
"Using jq, merge multiple JSON configuration files (config.d/*.json) into a single JSON object, where later files override earlier keys, and write the result to merged_config.json.",jq -s 'reduce .[] as $item ({}; . * $item)' config.d/*.json > merged_config.json
"Write a Bash script that backs up all PostgreSQL databases, streams the dump through gzip, uploads the compressed stream directly to an S3 bucket (my-backups) using aws s3 cp, and logs the operation.","#!/usr/bin/env bash
log=/var/log/pg_backup.log
pg_dumpall | gzip | aws s3 cp - s3://my-backups/pg_backup_$(date +%F_%H-%M-%S).sql.gz >> ""$log"" 2>&1"
"Create a one‑liner that finds all files in /var/www that contain the string 'TODO' (case‑insensitive), replaces it with 'DONE', and creates a git commit with message 'Replace TODOs'. Assume the directory is a git repo.",git -C /var/www grep -Il 'TODO' | xargs -r sed -i 's/TODO/DONE/Ig' && git -C /var/www add . && git -C /var/www commit -m 'Replace TODOs'
"Find all regular files larger than 100 MiB in /var/www, compute their SHA‑256 checksums, and write a JSON array of objects {""path"":...,""size"":...,""sha256"":...} to /tmp/large_files.json.","find /var/www -type f -size +100M -print0 | while IFS= read -r -d '' file; do size=$(stat -c%s ""$file""); checksum=$(sha256sum ""$file"" | cut -d' ' -f1); printf '{""path"":""%s"",""size"":%s,""sha256"":""%s""},' ""$file"" ""$size"" ""$checksum""; done | sed 's/,$//' | awk 'BEGIN{print ""[""} {print} END{print ""]""}' > /tmp/large_files.json"
"Extract all lines containing ""ERROR"" from /var/log/syslog, group them by the day (YYYY‑MM‑DD), count per day, and display the top 5 days with most errors.",grep -i 'ERROR' /var/log/syslog | awk '{print $1}' | cut -d' ' -f1 | sort | uniq -c | sort -nr | head -5
"Write a Bash function called backup_dir that takes a directory path, creates a compressed tarball named <dirname>_$(date +%F).tar.gz, streams it over SSH to backup@example.com:/backups, and logs success or failure to /var/log/backup.log.","backup_dir(){
  local src=""$1""
  local base=$(basename ""$src"")
  local tarball=""${base}_$(date +%F).tar.gz""
  if tar -czf - -C ""$(dirname ""$src"")"" ""$base"" | ssh backup@example.com ""cat > /backups/$tarball""; then
    echo ""$(date +%F-%T) SUCCESS: $src backed up as $tarball"" >> /var/log/backup.log
  else
    echo ""$(date +%F-%T) FAILURE: $src backup failed"" >> /var/log/backup.log
  fi
}"
"Recursively search /etc for files containing the JSON key ""password"" (case‑insensitive), replace its value with ""REDACTED"" using jq, and preserve original file timestamps.","find /etc -type f -name '*.json' -print0 | while IFS= read -r -d '' f; do
  if grep -iq '""password""' ""$f""; then
    tmp=$(mktemp)
    jq '(.[]|select(has(""password""))).password = ""REDACTED""' ""$f"" > ""$tmp"" && mv ""$tmp"" ""$f""
    touch -r ""$f"" ""$f""
  fi
done"
"Monitor CPU usage every 5 seconds for 1 minute, calculate the average user and system percentages, and output them in a JSON object.","end=$((SECONDS+60)); sum_user=0; sum_sys=0; count=0;
while [ $SECONDS -lt $end ]; do
  read _ user sys _ < <(top -bn1 | grep '^%Cpu' | awk -F',' '{print $1,$2}')
  user=$(echo $user | awk -F':' '{print $2}')
  sys=$(echo $sys | awk -F':' '{print $2}')
  sum_user=$(echo ""$sum_user + $user"" | bc)
  sum_sys=$(echo ""$sum_sys + $sys"" | bc)
  ((count++))
  sleep 5
done
avg_user=$(echo ""scale=2; $sum_user/$count"" | bc)
avg_sys=$(echo ""scale=2; $sum_sys/$count"" | bc)
echo ""{\""average_user\"": $avg_user, \""average_system\"": $avg_sys}"""
"Find all executable scripts in /opt/scripts that have a shebang line not pointing to /usr/bin/bash, and replace the shebang with /usr/bin/bash, creating a backup with .bak extension.","find /opt/scripts -type f -executable -name '*.sh' -print0 | while IFS= read -r -d '' s; do
  if head -n1 ""$s"" | grep -q '^#!' && ! head -n1 ""$s"" | grep -q '^#!/usr/bin/bash'; then
    cp ""$s"" ""$s.bak""
    sed -i '1s|^#!.*|#!/usr/bin/bash|' ""$s""
  fi
done"
"Using curl, download the latest release asset named ""app-linux-amd64.tar.gz"" from the GitHub API for repo ""owner/repo"", verify its SHA‑256 against the value in the release JSON, extract it to /opt/app, and restart the systemd service app.service.","api_url='https://api.github.com/repos/owner/repo/releases/latest'
json=$(curl -sL ""$api_url"")
url=$(echo ""$json"" | jq -r '.assets[] | select(.name==""app-linux-amd64.tar.gz"") | .browser_download_url')
expected_sha=$(echo ""$json"" | jq -r '.assets[] | select(.name==""app-linux-amd64.tar.gz"") | .hashes.sha256')
curl -L -o /tmp/app.tar.gz ""$url""
actual_sha=$(sha256sum /tmp/app.tar.gz | cut -d' ' -f1)
if [ ""$actual_sha"" = ""$expected_sha"" ]; then
  tar -xzf /tmp/app.tar.gz -C /opt/app && systemctl restart app.service
else
  echo ""SHA mismatch: expected $expected_sha, got $actual_sha"" >&2
fi"
"Create a Bash one‑liner that lists the top 10 IP addresses by number of connections in the last hour from the system's netstat output, ignoring IPv6 and showing counts.","netstat -ntu | awk 'NR>2 && $5 ~ /:[0-9]+$/ {split($5, a, "":""); print a[1]}' | sort | uniq -c | sort -nr | head -10"
"Write a script that watches /var/log/auth.log for failed SSH login attempts, extracts the offending IPs, adds them to /etc/hosts.deny using the format ""sshd: <ip>"", but only if they are not already present, and sends an email alert.","#!/usr/bin/env bash
log=/var/log/auth.log
while sleep 30; do
  ips=$(grep 'Failed password' ""$log"" | awk '{print $(NF-3)}' | sort -u)
  for ip in $ips; do
    if ! grep -q ""sshd: $ip"" /etc/hosts.deny; then
      echo ""sshd: $ip"" >> /etc/hosts.deny
      echo ""Blocked SSH brute‑force from $ip"" | mail -s ""SSH Blocked"" admin@example.com
    fi
  done
done"
"Find all symbolic links under /usr/local that are broken, and delete them after prompting the user for confirmation (y/n).","find /usr/local -xtype l -print0 | while IFS= read -r -d '' link; do
  read -p ""Delete broken link $link? [y/N] "" ans
  case ""$ans"" in
    [Yy]*) rm ""$link"";;
    *) echo ""Skipped $link"";;
  esac
done"
"Generate a CSV report of disk usage per user on /home, showing username, total size in GiB, and number of files, sorted by size descending.","printf 'user,size_gb,files\n' > /tmp/user_disk_report.csv
for dir in /home/*; do
  [ -d ""$dir"" ] || continue
  user=$(basename ""$dir"")
  size=$(du -sBG ""$dir"" | cut -f1 | tr -d 'G')
  files=$(find ""$dir"" -type f | wc -l)
  printf '%s,%s,%s\n' ""$user"" ""$size"" ""$files"" >> /tmp/user_disk_report.csv
done
sort -t',' -k2 -nr /tmp/user_disk_report.csv -o /tmp/user_disk_report.csv"
"Write a Bash function called json_merge that takes two JSON files and merges them shallowly (top‑level keys from the second overwrite the first) using jq, outputting the result to stdout.","json_merge(){
  jq -s 'reduce .[] as $item ({}; . * $item)' ""$1"" ""$2""
}"
"Create a pipeline that reads a list of URLs from urls.txt, fetches each with curl (max 5 concurrent connections), follows redirects, extracts the HTTP status code and final URL, and writes a tab‑separated file results.tsv with columns: original_url, final_url, status_code.","cat urls.txt | xargs -n1 -P5 -I{} bash -c 'orig=""{}""; resp=$(curl -Ls -o /dev/null -w ""%{url_effective} % {http_code}"" ""$orig""); echo -e ""${orig}\t${resp}""' > results.tsv"
"Find all Docker containers that have been exited for more than 24 hours, remove them, and log their IDs and names to /var/log/docker_cleanup.log with timestamps.","docker ps -a --filter 'status=exited' --format '{{.ID}} {{.Names}} {{.RunningFor}}' | while read id name since; do
  if [[ ""$since"" =~ days? ]]; then
    days=$(echo ""$since"" | grep -o '[0-9]\+');
    if [ ""$days"" -ge 1 ]; then
      docker rm ""$id"" && echo ""$(date +%F-%T) REMOVED $id $name"" >> /var/log/docker_cleanup.log
    fi
  fi
done"
"Write a one‑liner that prints the total number of lines of code (excluding blank lines and comments) for all *.py files under the current directory, using wc, grep, and find.",find . -name '*.py' -type f -print0 | xargs -0 cat | grep -vE '^(\s*$|\s*#)' | wc -l
"Create a Bash script that monitors a directory /var/spool/print for new PDF files, converts each to PNG using ImageMagick's convert, moves the PNGs to /var/www/html/prints, and archives the original PDFs to /var/spool/print/archive with a timestamped filename.","#!/usr/bin/env bash
in_dir=/var/spool/print
out_dir=/var/www/html/prints
archive_dir=/var/spool/print/archive
inotifywait -m -e close_write --format '%w%f' ""$in_dir"" | while read file; do
  if [[ ""$file"" == *.pdf ]]; then
    base=$(basename ""$file"" .pdf)
    convert ""$file"" ""$out_dir/${base}.png""
    mv ""$file"" ""$archive_dir/${base}_$(date +%F_%T).pdf""
  fi
done"
"Write a command that lists all systemd services that failed to start in the last boot, along with the timestamp of the failure, sorted newest first.","journalctl -b -u '*'.service --no-pager | grep -i 'failed' | awk -F'[][]' '{print $2,$3}' | sort -r"
"Using awk, process /proc/meminfo to compute and print the percentage of free memory (MemFree / MemTotal * 100) with two decimal places.","awk '/MemTotal:/ {total=$2} /MemFree:/ {free=$2} END {printf ""Free memory: %.2f%%\n"", (free/total)*100}' /proc/meminfo"
"Create a Bash function called rotate_logs that takes a directory and a max count N, compresses logs older than 7 days with gzip, keeps only the newest N compressed logs, and deletes the rest.","rotate_logs(){
  dir=""$1""
  max=$2
  find ""$dir"" -type f -name '*.log' -mtime +7 -exec gzip {} \;
  compressed=$(ls -1t ""$dir""/*.log.gz 2>/dev/null)
  count=0
  for f in $compressed; do
    ((count++))
    if [ $count -gt $max ]; then
      rm -f ""$f""
    fi
  done
}"
"Write a one‑liner that prints the 5 most common file extensions (including the dot) in the current directory tree, along with their counts, sorted descending.",find . -type f -name '*.*' -printf '%f\n' | rev | cut -d'.' -f1 | rev | sort | uniq -c | sort -nr | head -5
"Create a Bash script that reads a CSV file users.csv (columns: username,email,quota), creates a Linux user for each entry (if not exists), sets their mail address in /etc/aliases, and applies a disk quota using setquota. Log successes and failures to /var/log/user_provision.log.","#!/usr/bin/env bash
log=/var/log/user_provision.log
while IFS=, read -r user email quota; do
  if id ""$user"" &>/dev/null; then
    echo ""$(date) SKIP: $user exists"" >> ""$log""
    continue
  fi
  if useradd -m ""$user""; then
    echo ""$email"" >> /etc/aliases && newaliases
    setquota -u ""$user"" 0 ""$quota"" 0 0 -a
    echo ""$(date) SUCCESS: $user created with quota $quota"" >> ""$log""
  else
    echo ""$(date) FAIL: could not create $user"" >> ""$log""
  fi
done < users.csv"
"Write a pipeline that takes a list of package names from packages.txt, checks if each is installed (dpkg -l), and outputs a JSON object with two arrays: ""installed"" and ""missing"".","installed=(); missing=(); while read -r pkg; do
  if dpkg -l ""$pkg"" &>/dev/null; then
    installed+=(""$pkg"")
  else
    missing+=(""$pkg"")
  fi
done < packages.txt
jq -n --argjson inc ""${installed[@]}"" --argjson miss ""${missing[@]}"" '{installed: $inc, missing: $miss}'"
"Create a Bash one‑liner that finds all files under /var/www that have been modified in the last 24 hours, computes their MD5 hashes, and writes a manifest file manifest.md5 with lines ""<hash>  <relative_path>"".","find /var/www -type f -mtime -1 -print0 | while IFS= read -r -d '' f; do md5sum ""$f"" | sed ""s|$PWD/||""; done > manifest.md5"
"Write a script that, for each running Docker container, extracts its IP address (from docker inspect), pings it once, and records the latency (or timeout) to /tmp/container_latency.log with timestamps.","#!/usr/bin/env bash
log=/tmp/container_latency.log
docker ps -q | while read cid; do
  name=$(docker inspect --format '{{.Name}}' ""$cid"" | sed 's|^/||')
  ip=$(docker inspect -f '{{range .NetworkSettings.Networks}}{{.IPAddress}}{{end}}' ""$cid"")
  if ping -c1 -W1 ""$ip"" &>/dev/null; then
    rtt=$(ping -c1 -W1 ""$ip"" | grep 'time=' | awk -F'time=' '{print $2}' | cut -d' ' -f1)
    echo ""$(date +%F-%T) $name $ip $rtt ms"" >> ""$log""
  else
    echo ""$(date +%F-%T) $name $ip timeout"" >> ""$log""
  fi
done"
"Extract all JSON objects from a mixed‑format log file, pretty‑print each with jq, and write them to separate files named by the ""timestamp"" field inside each object (ISO‑8601, e.g. 2023-08-01T12:34:56Z).","awk 'BEGIN{RS=""\n""} /\{.*\}/{print}' mixed.log | jq -c '.' | while read -r obj; do ts=$(echo ""$obj"" | jq -r '.timestamp' | tr ':""' '_' ); echo ""$obj"" | jq '.' > ""log_${ts}.json""; done"
"Recursively replace all occurrences of the word ""ERROR"" with ""WARN"" in *.conf files under /etc/app, but only in files that contain the string ""critical"" somewhere in the file.",grep -rl 'critical' /etc/app --include='*.conf' | xargs sed -i 's/ERROR/WARN/g'
"Create a tar.gz archive of all modified Python (.py) files in the last 24 hours from the current directory, preserving permissions, and store it as backup_$(date +%F).tgz.","find . -type f -name '*.py' -mtime -1 -print0 | tar --null -czvf ""backup_$(date +%F).tgz"" --files-from=-"
"Monitor CPU usage every 5 seconds for 1 minute, compute the average user and system percentages, and print them formatted to two decimal places.","duration=60; interval=5; samples=$((duration/interval)); total_user=0; total_sys=0; for i in $(seq 1 $samples); do read -r _ user sys _ < <(top -bn1 | grep '^%Cpu' | awk -F',' '{print $1,$2}'); total_user=$(echo ""$total_user + $user"" | bc); total_sys=$(echo ""$total_sys + $sys"" | bc); sleep $interval; done; avg_user=$(echo ""scale=2; $total_user/$samples"" | bc); avg_sys=$(echo ""scale=2; $total_sys/$samples"" | bc); echo ""Average User: $avg_user%  Average System: $avg_sys%"""
"Find all symbolic links under /opt that are broken, and replace each with a copy of the target file if the target exists elsewhere under /opt, otherwise delete the link.","find /opt -xtype l | while read -r link; do target=$(readlink -f ""$link""); if [ -e ""$target"" ]; then cp -a ""$target"" ""$(dirname ""$link"")/$(basename ""$target"")""; rm ""$link""; else rm ""$link""; fi; done"
"Generate a CSV report of disk usage per user on /home, showing username, total size in GB, and number of files, sorted by size descending.","du -sh /home/* | sort -hr | awk '{printf ""%s,%0.2f,\n"", $2, $1/1024/1024}' > /tmp/disk_report.csv"
"Download the latest release tarball of a GitHub repository (owner/repo) using the GitHub API, verify its SHA256 checksum from the releases API, and extract it to /opt/repo_latest.","repo='owner/repo'; api_url=""https://api.github.com/repos/$repo/releases/latest""; url=$(curl -s $api_url | jq -r '.assets[] | select(.name|endswith("".tar.gz"")) .browser_download_url'); checksum=$(curl -s $api_url | jq -r '.assets[] | select(.name|endswith(""SHA256SUMS"")) .browser_download_url' | xargs curl -s | awk '{print $1}'); curl -L -o /tmp/latest.tar.gz ""$url""; echo ""$checksum  /tmp/latest.tar.gz"" | sha256sum -c - && mkdir -p /opt/repo_latest && tar -xzf /tmp/latest.tar.gz -C /opt/repo_latest"
"Create a function named ""rotate_logs"" that takes a directory and a max count N, compresses any *.log files older than 7 days, keeps only the N most recent compressed logs, and deletes the rest.","rotate_logs(){ dir=""$1""; max=""$2""; find ""$dir"" -type f -name '*.log' -mtime +7 -exec gzip {} \;; find ""$dir"" -type f -name '*.log.gz' | sort -r | tail -n +$((max+1)) | xargs -r rm -f; }"
"List all processes owned by root that have open network sockets in the LISTEN state, showing PID, command, and listening port.","ss -ltnp | awk '/LISTEN/ && /root/ {split($5, a, "":""); printf ""%s %s %s\n"", $6, $7, a[2]}'"
"Find duplicate files (by content) under /srv/data, and replace all but one copy with hard links to the retained file, preserving the original directory structure.","find /srv/data -type f -print0 | sort -z | xargs -0 sha1sum | sort -k1,1 | awk 'prev==$1{print $2} {prev=$1}' | while read -r dup; do orig=$(find /srv/data -type f -exec sha1sum {} + | grep ""^$1"" | head -1 | cut -d' ' -f3); ln -f ""$orig"" ""$dup""; done"
"Monitor /var/log/syslog for lines containing the word ""FAIL"" and, for each occurrence, send an email with the full line to admin@example.com, but throttle to at most one email per minute.","tail -F /var/log/syslog | grep --line-buffered 'FAIL' | while read -r line; do now=$(date +%s); if [ -z ""$LAST"" ] || (( now - LAST >= 60 )); then echo ""$line"" | mail -s 'Syslog FAIL detected' admin@example.com; LAST=$now; fi; done"
"Replace every occurrence of a UUID (format 8-4-4-4-12 hex) in all *.txt files under /data with a newly generated UUID, preserving the rest of the file content.","find /data -type f -name '*.txt' -print0 | xargs -0 -I{} bash -c 'sed -i -E ""s/[0-9a-fA-F]{8}(-[0-9a-fA-F]{4}){3}-[0-9a-fA-F]{12}/$(uuidgen)/g"" ""{}""'"
"Create a one‑liner that prints the number of lines, words, and characters in each .md file in the current directory, formatted as ""filename: L lines, W words, C chars"".","for f in *.md; do [ -e ""$f"" ] || continue; stats=$(wc ""$f""); echo ""$f: $(echo $stats | awk '{print $1"" lines,"", $2"" words,"", $3"" chars""}')""; done"
"Generate a histogram of HTTP status codes from an access.log file, showing each code and its count, sorted descending.","awk '{print $9}' access.log | sort | uniq -c | sort -nr | awk '{printf ""%s %s\n"", $2, $1}'"
"Write a Bash function ""backup_mysql"" that dumps all databases to /backup/mysql/YYYYMMDD_HHMM.sql.gz, rotates backups keeping only the last 7 days, and logs the operation to /var/log/backup_mysql.log.","backup_mysql(){ ts=$(date +%Y%m%d_%H%M); dump=""/backup/mysql/${ts}.sql.gz""; mkdir -p /backup/mysql; mysqldump --all-databases | gzip > ""$dump"" && echo ""$(date): Backup saved to $dump"" >> /var/log/backup_mysql.log; find /backup/mysql -type f -mtime +7 -delete; }"
"Find all ELF binaries in /usr/local/bin that are not stripped, and strip them in place, printing the filename before stripping.","find /usr/local/bin -type f -exec file {} \; | grep 'ELF' | grep -v 'stripped' | cut -d: -f1 | while read -r bin; do echo ""Stripping $bin""; strip --strip-all ""$bin""; done"
"List the top 10 most frequently occurring IP addresses in /var/log/nginx/access.log, ignoring any private address ranges (10.*, 172.16.*‑172.31.*, 192.168.*).",awk '{print $1}' /var/log/nginx/access.log | grep -vE '^10\.|^172\.(1[6-9]|2[0-9]|3[0-1])\.|^192\.168\.' | sort | uniq -c | sort -nr | head -10
"Create a temporary SSH tunnel that forwards local port 8080 to remote host db.example.com:5432 via jump host jump.example.com, and automatically close it after 5 minutes.",ssh -f -N -L 8080:db.example.com:5432 user@jump.example.com -o ExitOnForwardFailure=yes && sleep 300 && pkill -f 'ssh -f -N -L 8080:db.example.com:5432'
"Extract all URLs from a large HTML file, deduplicate them, and write the sorted list to urls.txt.","grep -oE '(http|https)://[^""'""' >]+' large.html | sort -u > urls.txt"
"Find all files larger than 100 MiB under /var/lib, compute their SHA256 checksums in parallel (max 4 jobs), and write results to checksums.sha256.",find /var/lib -type f -size +100M -print0 | xargs -0 -n1 -P4 sha256sum > checksums.sha256
"Create a cron job that runs a script /usr/local/bin/cleanup.sh at 2 am on the first day of each month, but only if the system load average over the last 5 minutes is below 0.5.","(crontab -l 2>/dev/null; echo ""0 2 1 * * [ \$(awk '{print (\$1<0.5)}' /proc/loadavg) -eq 1 ] && /usr/local/bin/cleanup.sh"") | crontab -"
"Write a one‑liner that prints the total number of lines of code (excluding blank lines and comments) for all .go files in the current repository, using only standard Unix tools.",find . -name '*.go' -print0 | xargs -0 cat | grep -vE '^(\s*$|\s*//)' | wc -l
"Synchronize the contents of /srv/www to a remote SFTP server (sftp.example.com) under /backup/www, preserving permissions, and log any errors to /var/log/sftp_sync.log.",rsync -avz -e 'ssh' /srv/www/ user@sftp.example.com:/backup/www/ 2>> /var/log/sftp_sync.log
"Identify all users on the system who have not logged in for more than 90 days and lock their accounts, printing the usernames that were locked.","while IFS=: read -r user _ uid _ _ _ _; do [ $uid -ge 1000 ] && lastlog -u ""$user"" | awk 'NR==2{print $4}' | grep -q '^Never$\|$(date -d ""90 days ago"" +%b)'; if [ $? -eq 0 ]; then usermod -L ""$user"" && echo ""$user""; fi; done < /etc/passwd"
"Parse a CSV file (data.csv) with a header row, extract the column named ""email"", deduplicate, and write to emails.txt, handling commas inside quoted fields.","awk -F',' 'NR==1{for(i=1;i<=NF;i++) if($i==""email"") col=i} NR>1{gsub(/^""|""$/,"""",$col); print $col}' data.csv | sort -u > emails.txt"
"Generate a PNG heatmap of CPU usage over the past hour using gnuplot, reading data from /tmp/cpu.log (timestamp CPU% per line).","gnuplot -persist <<'EOF'
set terminal png size 800,400
set output '/tmp/cpu_heatmap.png'
set xdata time
set timefmt ""%H:%M:%S""
set format x ""%H:%M""
set yrange [0:100]
plot '/tmp/cpu.log' using 1:2 with lines title 'CPU%'
EOF"
"Find all Git repositories under /home, and for each repository, fetch the latest changes from origin, prune stale branches, and write a summary (repo path, new commits count) to /tmp/git_summary.txt.","find /home -type d -name '.git' -prune -print | while read -r gitdir; do repo=$(dirname ""$gitdir""); cd ""$repo""; before=$(git rev-list --count HEAD); git fetch --prune origin; after=$(git rev-list --count HEAD); new=$((after-before)); echo ""$repo: $new new commits"" >> /tmp/git_summary.txt; done"
"Create a Bash alias ""psmem"" that lists all processes sorted by resident memory usage, showing PID, user, RSS (in MB), and command, formatted in columns.","alias psmem='ps -eo pid,user,rss,command --sort=-rss | awk ""{printf \""%6s %10s %6.1f MB %s\n\"", \$1, \$2, \$3/1024, \$4}""'"
"Detect if any .conf file under /etc has duplicate keys (same key appearing more than once), and output the filename and duplicated key names.","find /etc -type f -name '*.conf' -print0 | while IFS= read -r -d '' file; do awk -F'=' 'NF{if(seen[$1]++) print FILENAME "": duplicate key "" $1}' ""$file""; done"
"Compress all log files older than 30 days in /var/log/nginx, but keep the most recent compressed file for each log type (e.g., access.log, error.log).","find /var/log/nginx -type f -name '*.log' -mtime +30 -print0 | while IFS= read -r -d '' f; do gzip -c ""$f"" > ""${f}.gz"" && rm ""$f""; done; for base in access error; do ls -t /var/log/nginx/${base}.log.*.gz | tail -n +2 | xargs -r rm -f; done"
"Write a script that watches a directory /incoming for new .tar.gz files, verifies each archive's integrity with tar -tzf, extracts it to /data, and moves the archive to /processed upon success.","inotifywait -m -e close_write --format '%w%f' /incoming | while read -r file; do if [[ $file == *.tar.gz ]]; then if tar -tzf ""$file"" >/dev/null 2>&1; then tar -xzf ""$file"" -C /data && mv ""$file"" /processed/; else echo ""Corrupt archive: $file"" >&2; fi; fi; done"
"Recursively search /etc for configuration files (*.conf) containing the string ""timeout"" (case‑insensitive), display the filename, line number, and the matching line, and write the output to /tmp/timeout_refs.log.","grep -Ri ""timeout"" /etc --include='*.conf' -n > /tmp/timeout_refs.log"
"Create a tar.gz archive of all .log files in /var/log older than 30 days, preserving their directory structure, and store it as /backup/old_logs_$(date +%Y%m%d).tgz.",find /var/log -type f -name '*.log' -mtime +30 -print0 | tar --null -czvf /backup/old_logs_$(date +%Y%m%d).tgz --files-from=-
"Write a Bash function named rotate_logs that takes a directory path, compresses all .log files older than 7 days using gzip, and deletes any .gz files older than 30 days. Show the function definition.","rotate_logs(){
  local dir=""$1""
  find ""$dir"" -type f -name '*.log' -mtime +7 -exec gzip {} \; 
  find ""$dir"" -type f -name '*.gz' -mtime +30 -delete
}"
"Using curl and jq, fetch the latest release tag name from the GitHub API for the repository ""stedolan/jq"" and print it.",curl -s https://api.github.com/repos/stedolan/jq/releases/latest | jq -r '.tag_name'
"Monitor CPU usage every 5 seconds for 1 minute, calculate the average user% and system% across the interval, and print the result as ""User: X%, System: Y%"".","end=$((SECONDS+60)); sum_user=0; sum_sys=0; count=0; while [ $SECONDS -lt $end ]; do
  read _ user sys _ < <(top -bn1 | grep '^%Cpu' | awk -F',' '{print $1,$2}')
  sum_user=$(echo ""$sum_user $user"" | awk '{print $1+$2}')
  sum_sys=$(echo ""$sum_sys $sys"" | awk '{print $1+$2}')
  ((count++))
  sleep 5
done
avg_user=$(echo ""$sum_user $count"" | awk '{print $1/$2}')
avg_sys=$(echo ""$sum_sys $count"" | awk '{print $1/$2}')
echo ""User: ${avg_user}% , System: ${avg_sys}%"""
"Find all symbolic links under /opt that point to non‑existent targets and delete them, printing each deleted link path.",find /opt -xtype l -print -exec rm {} \;
"List the top 5 processes by resident memory usage, showing PID, command name, and RSS in MB, sorted descending.","ps -eo pid,comm,rss --sort=-rss | head -n 6 | awk 'NR>1{printf ""%s %s %.2fMB\n"", $1, $2, $3/1024}'"
"Write a one‑liner that reads /var/log/auth.log, extracts all failed SSH login attempts, and outputs a count per source IP address, sorted by most frequent first.",awk '/Failed password/ {print $11}' /var/log/auth.log | sort | uniq -c | sort -nr
"Create a temporary named pipe, launch a background process that writes the current date to it every second, and in the foreground read and display only the first 5 timestamps before cleaning up.","tmpfifo=$(mktemp -u); mkfifo ""$tmpfifo"" && {
  while :; do date; sleep 1; done > ""$tmpfifo"" &
  head -n 5 < ""$tmpfifo""
  kill $! 2>/dev/null
  rm -f ""$tmpfifo""
}"
"Create a function named backup_dir that takes a directory path, creates a gzipped tarball named with the directory base name and current timestamp, stores it in /backup, and logs the operation to /var/log/backup.log with date and size.","backup_dir(){
  dir=""$1""
  base=$(basename ""$dir"")
  ts=$(date +%Y%m%d_%H%M%S)
  tarball=""/backup/${base}_${ts}.tar.gz""
  tar -czf ""$tarball"" -C ""$(dirname ""$dir"")"" ""$base""
  size=$(du -h ""$tarball"" | cut -f1)
  echo ""$(date +'%Y-%m-%d %H:%M:%S') BACKUP $dir -> $tarball ($size)"" >> /var/log/backup.log
}"
"Find all regular files larger than 100M in /var/www, compute their SHA256 checksums in parallel (max 4 jobs), and write filename:checksum pairs to checksums.txt.","find /var/www -type f -size +100M -print0 |
  xargs -0 -n1 -P4 sh -c 'sha256sum ""$0""' | tee checksums.txt"
"Monitor /var/log/auth.log for failed SSH login attempts, extract the IP address, count occurrences per IP, and display the top 5 offending IPs in real time (updates every 30 seconds).","while true; do
  grep ""Failed password"" /var/log/auth.log |
    awk '{for(i=1;i<=NF;i++) if($i==""from"") print $(i+1)}' |
    sort | uniq -c | sort -nr | head -n 5
  sleep 30
done"
"Replace all occurrences of the word ""ERROR"" with ""WARN"" in all .log files under /opt/app, but keep a backup of original files with .bak extension.","find /opt/app -type f -name ""*.log"" -exec sed -i.bak 's/ERROR/WARN/g' {} +"
"Generate a CSV report of disk usage per user on /home directories, showing USER, TOTAL_SIZE_MB, and sort descending by size.","du -sm /home/* | awk -F'/' '{print $3"",""$1}' | sort -t',' -k2 -nr > /tmp/disk_report.csv"
Create a one-liner that finds all symbolic links in /usr/local/bin that point to non-existent files and removes them.,find /usr/local/bin -type l ! -exec test -e {} \; -print -delete
"Write a script that pings a list of hosts from hosts.txt, logs reachable hosts to reachable.log and unreachable to unreachable.log with timestamps.","while read host; do
  if ping -c1 -W2 ""$host"" &>/dev/null; then
    echo ""$(date +'%Y-%m-%d %H:%M:%S') $host reachable"" >> reachable.log
  else
    echo ""$(date +'%Y-%m-%d %H:%M:%S') $host unreachable"" >> unreachable.log
  fi
done < hosts.txt"
"Extract all IPv4 addresses from the output of ifconfig, deduplicate them, and store in a file called ips.txt.","ifconfig | grep -oE '([0-9]{1,3}\.){3}[0-9]{1,3}' | sort -u > ips.txt"
"Download the latest release tarball of a GitHub repo (owner/repo) using the GitHub API, verify its SHA256 checksum from the releases API, and extract it to /opt/repo.","repo=""owner/repo""
latest=$(curl -s ""https://api.github.com/repos/$repo/releases/latest"" | jq -r '.tag_name')
url=$(curl -s ""https://api.github.com/repos/$repo/releases/latest"" | jq -r '.assets[] | select(.name|endswith("".tar.gz"")) .browser_download_url')
checksum=$(curl -s ""https://api.github.com/repos/$repo/releases/latest"" | jq -r '.assets[] | select(.name|endswith("".sha256"")) .browser_download_url' | xargs curl -sL)
curl -L -o /tmp/repo.tar.gz ""$url""
echo ""$checksum  /tmp/repo.tar.gz"" | sha256sum -c -
mkdir -p /opt/repo && tar -xzf /tmp/repo.tar.gz -C /opt/repo"
"Find all files under /etc that contain the string ""PasswordAuthentication no"" and replace it with ""PasswordAuthentication yes"" while preserving original file permissions and timestamps.","find /etc -type f -exec grep -Iq . {} \; -and -exec grep -l ""PasswordAuthentication no"" {} \; | while read f; do
  perm=$(stat -c %a ""$f"")
  ts=$(stat -c %y ""$f"")
  sed -i 's/PasswordAuthentication no/PasswordAuthentication yes/' ""$f""
  chmod $perm ""$f""
  touch -d ""$ts"" ""$f""
done"
"Write a one-liner that lists the top 3 directories consuming the most disk space under /var, showing size in human readable form.",du -h --max-depth=1 /var | sort -hr | head -n 3
"Create a Bash function called json_pretty that reads a JSON string from stdin and pretty-prints it using jq, handling invalid JSON with an error message.","json_pretty(){
  if ! jq . >/dev/null 2>&1 <<<""$(cat)""; then
    echo ""Error: Invalid JSON"" >&2
    return 1
  fi
  jq .
}"
"Monitor CPU usage every 5 seconds and log to cpu.log only when usage exceeds 80%, including timestamp and load average.","while true; do
  load=$(awk '{print $1}' /proc/loadavg)
  cpu=$(echo ""$load 1"" | awk '{printf ""%.0f"", $1*100}')
  if [ $cpu -gt 80 ]; then
    echo ""$(date +'%Y-%m-%d %H:%M:%S') CPU=$cpu%"" >> cpu.log
  fi
  sleep 5
done"
"Find all .conf files under /etc, replace any occurrence of ""Listen 80"" with ""Listen 8080"", and create a diff patch file named conf_changes.patch showing all modifications.","find /etc -type f -name ""*.conf"" -print0 |
  xargs -0 -I{} sh -c 'sed -n ""s/Listen 80/Listen 8080/p"" {} && sed -i ""s/Listen 80/Listen 8080/g"" {}' |
  diff -u /dev/null - > conf_changes.patch"
"Write a script that rotates logs in /var/log/myapp: keep the last 7 compressed archives, compress the current log, and truncate the original file.","log=/var/log/myapp/app.log
  gzip -c ""$log"" > ""$log.$(date +%Y%m%d).gz""
  : > ""$log""
  ls -1t /var/log/myapp/app.log.*.gz | tail -n +8 | xargs -r rm --"
"Using awk, parse /var/log/syslog to extract timestamps and messages for entries with severity ""error"", then output in JSON array format.","awk '/error/ {printf ""{\""timestamp\"": \""%s %s\"", \""message\"": \""%s\""},\n"", $1, $2, substr($0, index($0,$3))}' /var/log/syslog | sed '$ s/,$//' | awk 'BEGIN{print ""[""} {print} END{print ""]""}'"
"Find all Docker containers that have been exited for more than 24 hours and remove them, logging container IDs to removed_containers.log.","docker ps -a --filter ""status=exited"" --format ""{{.ID}} {{.RunningFor}}"" |
  awk -v now=""$(date +%s)"" '{if ($2 ~ /day/ && $3+0 >= 1) print $1}' |
  while read cid; do
    docker rm ""$cid"" && echo ""$(date +'%Y-%m-%d %H:%M:%S') $cid"" >> removed_containers.log
done"
"Create a pipeline that reads a CSV file users.csv, filters rows where the age column >30, converts the result to JSON objects (one per line) using jq, and writes to users_over_30.jsonl.","csvcut -c 1,2,3 users.csv | awk -F',' '$3>30 {print}' |
  jq -R -s 'split(""\n"") | .[] | select(length>0) | split("","") | {name: .[0], email: .[1], age: (.[2]|tonumber)}' > users_over_30.jsonl"
"Write a one-liner that lists all open network ports along with the owning process name, sorted by port number.","ss -tulpn | awk 'NR>1 {print $5"" ""$7}' | sort -t':' -k2,2n"
"Create a Bash script that backs up MySQL databases: dump each database to a separate .sql file, compress them into a single tar.gz, and upload to an S3 bucket using aws cli.","#!/usr/bin/env bash
DBS=$(mysql -e 'SHOW DATABASES;' -s --skip-column-names | grep -vE '(information_schema|performance_schema|mysql|sys)')
mkdir -p /tmp/db_backups
for db in $DBS; do
  mysqldump ""$db"" > ""/tmp/db_backups/${db}.sql""
done
tar -czf /tmp/all_dbs_$(date +%Y%m%d).tar.gz -C /tmp/db_backups .
aws s3 cp /tmp/all_dbs_$(date +%Y%m%d).tar.gz s3://my-backup-bucket/"
"Find all JPEG images under /photos larger than 5MB, resize them to a maximum width of 1920px while preserving aspect ratio using ImageMagick, and overwrite the originals.","find /photos -type f -name ""*.jpg"" -size +5M -print0 |
  xargs -0 -I{} mogrify -resize 1920x ""{}"""
"Write a command that extracts the domain names from a list of URLs in urls.txt, counts unique domains, and outputs the top 10 most frequent domains.",awk -F/ '{print $3}' urls.txt | sort | uniq -c | sort -nr | head -n 10
"Create a Bash function that takes a directory and a pattern, searches for files matching the pattern, computes their line count, and returns the total lines across all matches.","total_lines(){
  dir=""$1""
  pat=""$2""
  find ""$dir"" -type f -name ""$pat"" -exec wc -l {} + | awk 'END{print $1}'
}"
"Monitor /proc/meminfo for changes in Available memory, and whenever it drops below 500MB, send an email alert using mailx with the current free memory snapshot.","while true; do
  avail=$(awk '/MemAvailable/ {print $2}' /proc/meminfo)
  if [ $avail -lt $((500*1024)) ]; then
    echo ""Available memory low: ${avail}kB"" | mailx -s ""Memory Alert"" admin@example.com
  fi
  sleep 60
done"
"Write a one-liner that lists all Git repositories under /srv/git, shows the latest commit hash and author for each repository's default branch.","find /srv/git -maxdepth 2 -type d -name "".git"" -execdir git -C ""{}"" rev-parse --abbrev-ref HEAD \; -execdir git -C ""{}"" log -1 --pretty=format:'%h %an' \;"
"Create a pipeline that reads a large log file, extracts JSON objects embedded in lines, pretty-prints them with jq, and writes to json_logs.txt, handling malformed JSON gracefully.","grep -o '{.*}' large.log |
  while read line; do
    echo ""$line"" | jq . 2>/dev/null || echo ""Malformed JSON: $line"" >> errors.log
  done > json_logs.txt"
"Find all users with UID >=1000, list their home directories, and create a tar archive per user named <username>_home.tar.gz in /backups, preserving permissions.","awk -F: '$3>=1000 {print $1"":""$6}' /etc/passwd | while IFS=: read user home; do
  tar -czpf ""/backups/${user}_home.tar.gz"" -C ""$home"" .
done"
"Write a Bash script that monitors a directory for newly created .csv files using inotifywait, processes each new file by converting it to parquet using csv2parquet, and moves the result to /data/parquet.","#!/usr/bin/env bash
inotifywait -m -e create --format ""%w%f"" /data/csv |
  while read file; do
    if [[ $file == *.csv ]]; then
      csv2parquet ""$file"" ""${file%.csv}.parquet""
      mv ""${file%.csv}.parquet"" /data/parquet/
    fi
  done"
"Generate a report of the number of files per file type (by extension) in /var/www, sorted descending, and output as a markdown table.","find /var/www -type f | sed -n 's/.*\.\([^./]*\)$/\1/p' | sort | uniq -c | sort -nr |
  awk 'BEGIN{print ""| Extension | Count |""; print ""|-----------|-------|""} {printf ""| %s | %d |\n"", $2, $1}' > /tmp/file_type_report.md"
"Create a Bash one-liner that prints the current git branch name and the number of uncommitted changes (added, modified, deleted) in the repository.",git rev-parse --abbrev-ref HEAD && git status --porcelain | wc -l
"Write a command that extracts all email addresses from a set of .txt files in /emails, removes duplicates, validates format with a regex, and stores the clean list in clean_emails.txt.","grep -rhoE '[A-Za-z0-9._%+-]+@[A-Za-z0-9.-]+\.[A-Za-z]{2,}' /emails/*.txt | sort -u > clean_emails.txt"
"Create a Bash function that takes a URL, downloads the file with curl showing a progress bar, verifies its MD5 checksum against a provided value, and returns success or failure.","download_verify(){
  url=""$1""
  expected_md5=""$2""
  fname=$(basename ""$url"")
  curl -# -O ""$url""
  actual_md5=$(md5sum ""$fname"" | awk '{print $1}')
  if [ ""$actual_md5"" = ""$expected_md5"" ]; then
    echo ""Checksum OK""
    return 0
  else
    echo ""Checksum mismatch""
    return 1
  fi
}"
"Write a one‑liner that finds all JPEG files larger than 5 MiB in /home, extracts their EXIF creation date using exiftool, and renames the files to YYYY-MM-DD_HH-MM-SS_originalname.jpg.","find /home -type f -iname ""*.jpg"" -size +5M -print0 |\n  xargs -0 -I{} sh -c '\n    ts=$(exiftool -DateTimeOriginal -s3 ""{}"" 2>/dev/null | head -1 |\n         sed ""s/[: ]/-/g"")\n    if [ -n ""$ts"" ]; then\n      dir=$(dirname ""{}"")\n      base=$(basename ""{}"")\n      mv ""{}"" ""$dir/${ts}_$base""\n    fi'"
"Generate a Bash script that reads a JSON file containing an array of URLs, fetches each URL with curl (max 3 retries, 5 s timeout), saves the HTTP status and content length to a CSV file, and logs failures to stderr.","#!/usr/bin/env bash\njson_file=""urls.json""\ncsv_out=""results.csv""\necho ""url,status,length"" > ""$csv_out""\njq -r '.[]' ""$json_file"" | while read -r url; do\n  attempt=0\n  success=0\n  while (( attempt < 3 )); do\n    ((attempt++))\n    resp=$(curl -s -w ""%{http_code} %{size_download}"" -o /dev/null --max-time 5 ""$url"")\n    code=$(echo ""$resp"" | awk '{print $1}')\n    size=$(echo ""$resp"" | awk '{print $2}')\n    if [[ $code -ge 200 && $code -lt 300 ]]; then\n      echo ""\""$url\"",$code,$size"" >> ""$csv_out""\n      success=1\n      break\n    fi\n  done\n  if (( success == 0 )); then\n    echo ""Failed to fetch $url after $attempt attempts"" >&2\n  fi\ndone"
"Create a Bash one‑liner that lists all processes consuming more than 200 MiB RSS, groups them by user, and prints a summary table with columns USER, COUNT, TOTAL_RSS_MB.","ps -eo user,rss --no-headers |\n  awk '$2>204800 {rss[$1]+=$2; cnt[$1]++} END {printf ""%s\t%s\t%s\n"",""USER"",""COUNT"",""TOTAL_RSS_MB""; for (u in cnt) printf ""%s\t%d\t%.2f\n"",u,cnt[u],rss[u]/1024}'"
"Write a Bash function that takes a directory path and creates a tar.gz archive of all files modified in the last 7 days, preserving permissions and timestamps, and prints the archive size in human‑readable form.","#!/usr/bin/env bash\narchive_recent() {\n  dir=""$1""\n  archive=""$(basename ""$dir"")_$(date +%Y%m%d).tar.gz""\n  find ""$dir"" -type f -mtime -7 -print0 |\n    tar --null -czvf ""$archive"" --no-recursion -T -\n  du -h ""$archive""\n}\n# Usage: archive_recent /path/to/dir"
"Provide a Bash pipeline that extracts all IPv4 addresses from a syslog file, counts occurrences, filters out any address that appears fewer than 10 times, and outputs the result sorted descending as ""count IP"".","grep -Eo '([0-9]{1,3}\.){3}[0-9]{1,3}' /var/log/syslog |\n  sort | uniq -c |\n  awk '$1>=10 {print $1, $2}' |\n  sort -nr"
"Write a Bash script that monitors CPU usage every 5 seconds for 1 minute, logs the timestamp and %idle to a file, then computes the average idle percentage and prints it.","#!/usr/bin/env bash\nlogfile=""cpu_idle.log""\nend=$((SECONDS+60))\nwhile (( SECONDS < end )); do\n  idle=$(mpstat 1 1 | awk '/Average/ {print 100-$NF}')\n  printf ""%s %.2f\n"" ""$(date +%H:%M:%S)"" ""$idle"" >> ""$logfile""\n  sleep 5\n  done\navg=$(awk '{sum+=$2} END {print sum/NR}' ""$logfile"")\necho ""Average CPU idle: $avg%"""
"Create a one‑liner that finds all symbolic links under /usr/lib that are broken, prints their paths, and deletes them after user confirmation.","find /usr/lib -xtype l -print0 |\n  xargs -0 -I{} sh -c 'echo ""Broken link: {}""; read -p ""Delete? [y/N] "" ans; [ ""$ans"" = ""y"" ] && rm -v ""{}""'"
"Write a Bash command that reads a CSV file with columns ""date,value"", filters rows where the date is within the last 30 days, computes the sum of the ""value"" column, and prints the result.","csvfile=""data.csv""\nawk -F, -v today=$(date +%s) 'NR>1 {\n  cmd=""date -d ""$1"" +%s""; cmd|getline ts; close(cmd);\n  if (today - ts <= 30*24*3600) sum+=$2\n} END {print sum}' ""$csvfile"""
"Provide a Bash function that accepts a list of Git repository URLs, clones each into a temporary directory, runs ""git log --since='1 month ago' --pretty=oneline"" to count commits per repo, then outputs a table of REPO_URL and COMMIT_COUNT.","#!/usr/bin/env bash\ncount_commits() {\n  while read -r repo; do\n    tmp=$(mktemp -d)\n    git clone --depth 1 ""$repo"" ""$tmp"" > /dev/null 2>&1\n    cd ""$tmp""\n    cnt=$(git rev-list --count --since='1 month ago' HEAD)\n    echo -e ""${repo}\t${cnt}""\n    cd - > /dev/null\n    rm -rf ""$tmp""\n  done\n}\n# Usage: echo -e ""https://github.com/user/repo1.git\nhttps://github.com/user/repo2.git"" | count_commits"
"Write a Bash one‑liner that uses find to locate all files named ""config.yaml"" under /etc, extracts the value of the ""version"" key using yq, and prints ""path: version"" for each file.","find /etc -type f -name ""config.yaml"" -print0 |\n  xargs -0 -I{} sh -c 'ver=$(yq e "".version"" ""{}"" 2>/dev/null); echo ""{}: $ver""'"
"Create a Bash script that reads a list of hostnames from a file, pings each host concurrently (max 10 parallel jobs), and writes reachable hosts to reachable.txt and unreachable to unreachable.txt.","#!/usr/bin/env bash\nhosts_file=""hosts.txt""\nmax_jobs=10\nsem(){ while (( $(jobs -r | wc -l) >= max_jobs )); do sleep 0.1; done; }\nwhile read -r host; do\n  sem\n  ping -c 1 -W 2 ""$host"" &> /dev/null && echo ""$host"" >> reachable.txt || echo ""$host"" >> unreachable.txt &\ndone < ""$hosts_file""\nwait"
"Write a Bash pipeline that extracts the HTTP method and URL from an nginx access log, counts how many times each method was used per URL, and outputs the top 3 URLs with the highest GET request counts.","awk '{print $6,$7}' /var/log/nginx/access.log |\n  sed -E 's/""([A-Z]+) (.+) HTTP.*/\1 \2/' |\n  sort | uniq -c |\n  awk '$1>0 {print $2,$3,$1}' |\n  sort -k3,3nr |\n  awk '$1==""GET"" {print $2,$3}' |\n  head -3"
"Provide a Bash function that takes a directory and creates a checksum manifest file (SHA256) for all regular files, then verifies the manifest and prints any mismatched files.","#!/usr/bin/env bash\nmake_manifest() {\n  dir=""$1""\n  manifest=""$dir/manifest.sha256""\n  find ""$dir"" -type f -exec sha256sum {} + > ""$manifest""\n}\nverify_manifest() {\n  manifest=""$1""\n  cd ""$(dirname ""$manifest"")""\n  sha256sum -c ""$(basename ""$manifest"")"" 2>&1 | grep -v ""OK$"" || echo ""All files verified.""\n}\n# Usage: make_manifest /path/to/dir && verify_manifest /path/to/dir/manifest.sha256"
"Write a Bash one‑liner that monitors disk usage of /var, and when it exceeds 80% sends a JSON payload with hostname, timestamp, and usage percent to a remote webhook via curl.","df -h /var | awk 'NR==2{gsub(/%/,"""",$5); if($5>80){printf ""{\""host\"": \""%s\"", \""time\"": \""%s\"", \""usage\"": %s}"" , system(""hostname""), strftime(""%Y-%m-%dT%H:%M:%S""), $5}}' |\n  curl -X POST -H ""Content-Type: application/json"" -d @- https://example.com/webhook"
"Create a Bash script that watches for new Docker containers starting, logs the container ID, image name, and start time to a CSV file, and rotates the log daily using logrotate syntax.","#!/usr/bin/env bash\nlogfile=""/var/log/docker_containers.csv""\n# Ensure header exists\n[[ -f $logfile ]] || echo ""container_id,image,start_time"" > $logfile\n\nwhile docker events --filter 'event=start' --format '{{.ID}} {{.Image}} {{.Time}}' --since 0s; do\n  docker events --filter 'event=start' --format '{{.ID}},{{.Image}},{{.Time}}' | while IFS=, read -r id img ts; do\n    echo ""${id},${img},$(date -d @${ts} +%Y-%m-%dT%H:%M:%S)"" >> $logfile\n  done\n  sleep 1\ndone &\n# Logrotate config (place in /etc/logrotate.d/docker_containers)\ncat <<'EOF' > /etc/logrotate.d/docker_containers\n/var/log/docker_containers.csv {\n    daily\n    rotate 7\n    compress\n    missingok\n    notifempty\n}\nEOF"
"Write a Bash command that lists all installed packages (dpkg) that have a newer version available (apt list --upgradable), extracts the package name and candidate version, and outputs a markdown table.","apt list --upgradable 2>/dev/null | tail -n +2 |\n  awk -F/ '{printf ""| %s | %s |\n"", $1, $2}' |\n  sed '1i| Package | Candidate Version |\n|---|---|'"
"Provide a Bash one‑liner that reads a large JSON array from stdin, streams each object to jq to extract the ""id"" and ""status"" fields, and writes them as CSV rows to output.csv without loading the entire array into memory.","jq -r '.[] | [.id, .status] | @csv' > output.csv"
"Create a Bash function that takes a directory and replaces all occurrences of the string ""TODO"" with ""DONE"" in all *.md files, but only if the file was modified in the last 2 days.","#!/usr/bin/env bash\nreplace_todo() {\n  dir=""$1""\n  find ""$dir"" -type f -name ""*.md"" -mtime -2 -exec sed -i 's/TODO/DONE/g' {} +\n}\n# Usage: replace_todo /path/to/docs"
"Write a Bash script that generates a histogram of HTTP response codes from an Apache log, using awk to count each code and then printing a simple bar chart with '*' characters.","#!/usr/bin/env bash\nlog=/var/log/apache2/access.log\nawk '{print $9}' ""$log"" |\n  sort | uniq -c |\n  awk '{printf ""%s %s %s\n"", $2, $1, sprintf(""%*s"", $1, """").gsub(/ /,""*"")}'"
Create a symbolic link from /opt/app/bin to /usr/local/bin/app,$ ln -s /opt/app/bin /usr/local/bin/app
Display the current date in ISO-8601 format,"$ date -I
2024-05-18"
Show only the PID of the process named nginx,"$ pgrep nginx
1234
1235"
Concatenate file1.txt file2.txt and save as combined.txt,$ cat file1.txt file2.txt > combined.txt
Print the last 3 commands you ran,"$ history | tail -n3
  501  ls
  502  cd /tmp
  503  history | tail -n3"
Find every occurrence of TODO in Python files recursively,"$ grep -R --include='*.py' TODO .
./main.py:# TODO: refactor this function
./utils.py:# TODO: add docstrings"
Show the amount of free RAM in megabytes,"$ free -m | awk '/^Mem:/ {print $7}'
742"
List USB devices connected to the system,"$ lsusb
Bus 001 Device 002: ID 8087:0024 Intel Corp. Integrated Rate Matching Hub
Bus 001 Device 003: ID 046d:c52b Logitech, Inc. Unifying Receiver"
Create a new user called deploy with no home directory,$ sudo useradd -M deploy
Print the MD5 hash of image.iso,"$ md5sum image.iso
d41d8cd98f00b204e9800998ecf8427e  image.iso"
Show the last reboot time,"$ last reboot | head -n1
reboot   system boot  5.15.0-105 Wed May 15 08:12   still running"
Recursively remove all __pycache__ directories starting from current folder,$ find . -type d -name '__pycache__' -exec rm -rf {} +
Display the number of CPUs available,"$ nproc
8"
List active systemd services that failed,"$ systemctl --failed
  UNIT           LOAD   ACTIVE SUB    DESCRIPTION
● fail2ban.service loaded failed failed Fail2Ban Service"
Convert all uppercase letters to lowercase in file.txt and save as file_lower.txt,$ tr '[:upper:]' '[:lower:]' < file.txt > file_lower.txt
Show network interfaces with IP addresses,"$ ip -br addr
lo               UNKNOWN        127.0.0.1/8 ::1/128
eth0             UP             10.0.0.5/24"
Compress a folder backup/ into backup.xz using maximum compression,$ tar -cf - backup/ | xz -9 > backup.xz
Print the 5th line of /etc/hosts,"$ sed -n '5p' /etc/hosts
127.0.1.1 myhost"
Count the number of directories in the current path recursively,"$ find . -type d | wc -l
42"
Show the difference between local and remote master branch in Git,"$ git diff origin/master..HEAD --stat
 src/main.py | 12 +++++++++---
 1 file changed, 9 insertions(+), 3 deletions(-)"
List all services listening on port 8080,"$ lsof -i :8080
COMMAND   PID USER   FD   TYPE DEVICE SIZE/OFF NODE NAME
node     9876 alex   22u  IPv6 123456      0t0  TCP *:http-alt (LISTEN)"
Create a 1 GB file filled with zeros called dummy.bin,"$ dd if=/dev/zero of=dummy.bin bs=1M count=1024
1024+0 records in
1024+0 records out
1073741824 bytes (1.1 GB, 1.0 GiB) copied, 2.34 s, 459 MB/s"
Show the oldest file in the current directory,"$ ls -tr | head -n1
oldnote.txt"
Print every unique IP that appears in access.log,"$ awk '{print $1}' access.log | sort -u
192.168.1.10
192.168.1.42
10.0.0.5"
Show current directory,"pwd
/home/alice/projects"
List files in long format,"ls -l
total 12
drwxr-xr-x 2 alice alice 4096 Jun 21 09:14 docs
-rw-r--r-- 1 alice alice  825 Jun 21 09:14 readme.md"
Count lines in file.txt,"wc -l file.txt
42 file.txt"
Find all PNG images recursively,"find . -type f -iname '*.png'
./icons/logo.png
./assets/bg.png"
Create a backup tarball of src/,tar czf src_backup.tar.gz src
Show disk usage in human-readable form,"df -h
Filesystem      Size  Used Avail Use% Mounted on
/dev/sda1        50G   30G   17G  64% /"
Show running processes with CPU sorted,"ps aux --sort=-%cpu | head
USER       PID %CPU %MEM    VSZ   RSS TTY      STAT START   TIME COMMAND
root      1234  5.2  2.1 125000 44000 ?        Ss   09:00   0:03 systemd"
Replace foo with bar in all .txt files,sed -i 's/foo/bar/g' *.txt
Download a file with resume support,wget -c https://example.com/data.iso
Show last 20 log lines and follow,tail -n 20 -f /var/log/syslog
Create nested directories,mkdir -p reports/2024/june
List open ports numerically,ss -tuln
Make script.sh executable,chmod +x script.sh
Show environment variable HOME,"echo $HOME
/home/alice"
Count unique IPs in access.log,"awk '{print $1}' access.log | sort -u | wc -l
1523"
Rename spaces to underscores in filenames,"for f in *\ *; do mv ""$f"" ""${f// /_}""; done"
Extract only first column from CSV,"cut -d, -f1 data.csv"
Show hidden files including . and ..,ls -la
Check if host is reachable,"ping -c 3 8.8.8.8
3 packets transmitted, 3 received, 0% packet loss"
Show current shell,"echo $0
bash"
Sort and remove duplicates from file,sort -u names.txt > unique_names.txt
Display size of current directory,"du -sh .
1.2G ."
Kill process using port 8080,kill $(lsof -t -i:8080)
Show last reboot time,"last reboot | head -1
reboot   system boot  5.15.0-105 Wed Jun 21 08:30   still running"
Create empty file with timestamp,touch backup_$(date +%F).tar
Show difference between two directories,"diff -qr dir1/ dir2/
Only in dir1/: config.json
Files dir1/app.js and dir2/app.js differ"
Convert DOS to Unix line endings,dos2unix file.txt
Show largest 10 files under /var,find /var -type f -exec du -b {} + | sort -nr | head -10
Run command every 5 seconds,watch -n 5 free -h
Merge two PDFs,pdfunify cover.pdf body.pdf output.pdf
List users with UID above 1000,"awk -F: '$3>=1000 {print $1}' /etc/passwd
alice
bob"
Show last 5 commands,"history | tail -5
  496  git push
  497  docker ps
  498  ls
  499  pwd
  500  history | tail -5"
Create 1G test file,dd if=/dev/zero of=bigfile.img bs=1M count=1024
Show number of CPUs,"nproc
8"
Extract tarball to specific folder,tar xzf archive.tar.gz -C /opt/software
List files modified in last hour,find . -type f -mmin -60
Show battery status,"cat /sys/class/power_supply/BAT0/capacity
87"
Reverse lines in file,tac file.txt > reversed.txt
Show UUID of partition,"blkid /dev/sda1
/dev/sda1: UUID=""a1b2c3d4"" TYPE=""ext4"""
Count total files in directory,"find . -type f | wc -l
1847"
Show current memory usage,"free -m
              total  used  free  shared  buff/cache
Mem:           7982  4123   234     120        3625"
Create compressed backup with date,tar czf backup_$(date +%F_%H-%M).tar.gz /etc
List installed Debian packages,"dpkg -l | grep '^ii' | wc -l
847"
Show default gateway,"ip route | grep default
default via 192.168.1.1 dev eth0"
Convert JSON to CSV with jq,"jq -r '[.id,.name,.age] | @csv' users.json > users.csv"
Show last SSH logins,"last -n 10 | grep 'still logged'
alice   pts/0        192.168.1.5     Wed Jun 21 09:00   still logged in"
Create multiple empty files,touch {a..z}.log
Show inode of file,"stat -c %i readme.md
131094"
List services using systemd,"systemctl list-units --type=service --state=running | wc -l
42"
Create empty file named backup.log,touch backup.log
Recursively find all .py files,"find . -type f -name '*.py'
./train.py
./eval.py"
Replace foo with bar in place,sed -i 's/foo/bar/g' file.txt
Download file with resume,wget -c https://example.com/data.tgz
Make script executable,chmod +x deploy.sh
Show disk usage human readable,"df -h
Filesystem      Size  Used Avail Use% Mounted on
/dev/sda1        50G   30G   18G  63% /"
Gzip all log files,gzip *.log
Extract tar.gz,tar -xzf archive.tar.gz
Show listening ports,ss -tulpn
Kill process on port 8080,fuser -k 8080/tcp
Create 1G empty file,fallocate -l 1G dummy.img
Show last 20 lines,tail -n 20 syslog
Rename all JPEGs to lowercase,"for f in *.JPEG; do mv ""$f"" ""${f%.JPEG}.jpeg""; done"
Show largest directory sizes,du -h --max-depth=1 | sort -hr | head -10
Create nested dirs,mkdir -p build/linux/x86_64
Show PID of command,"pidof nginx
1234"
Remove empty directories recursively,find . -type d -empty -delete
Show memory usage,"free -m
              total  used  free shared buff/cache
Mem:           8192  4096  2048   512       2048"
Show hidden files,"ls -a
.  ..  .config  .bashrc  public"
Create backup with timestamp,tar -czf backup_$(date +%F).tar.gz /etc
Show file type,"file image.iso
image.iso: ISO 9660 CD-ROM filesystem data"
Convert CSV to TSV,"tr ',' '\t' < data.csv > data.tsv"
Show open files by user,"lsof -u alex | wc -l
152"
Monitor log live,tail -f /var/log/nginx/access.log
Random 8-char password,"openssl rand -base64 6
aX9zL7bB"
Show package info,"apt-cache show nginx | grep Version
Version: 1.18.0-0ubuntu1.2"
Count files in dir,"find . -maxdepth 1 -type f | wc -l
17"
Show environment variables,"env | grep PATH
PATH=/usr/local/bin:/usr/bin:/bin"
Create swap file,sudo dd if=/dev/zero of=/swapfile bs=1M count=2048 && sudo chmod 600 /swapfile && sudo mkswap /swapfile && sudo swapon /swapfile
Show UUID of disks,"blkid
/dev/sda1: UUID=""3f5a-7b8c"" TYPE=""ext4"""
Sort by human numbers,"du -sh * | sort -h
4.0K readme.md
52M videos
1.2G dataset"
Show diff side-by-side,diff -y file1.txt file2.txt
Create Python venv,python3 -m venv venv && source venv/bin/activate
Show cron jobs,"crontab -l
0 2 * * * /usr/local/bin/backup.sh"
Find SUID binaries,find /usr/bin -perm -4000 -type f 2>/dev/null
Show routing table,"ip route
default via 192.168.1.1 dev eth0 proto dhcp"
Convert encoding,iconv -f ISO-8859-1 -t UTF-8 old.txt > new.txt
Show USB devices,"lsusb
Bus 001 Device 002: ID 8087:0024 Intel Corp. Integrated Rate Matching Hub"
Create checksums,sha256sum *.iso > checksums.sha256
Count processes per user,"ps hax -o user | sort | uniq -c
   45 root
   12 alex"
Show symlinks,"find /usr/bin -type l -ls
   0 lrwxrwxrwx 1 root root 6 May  3  /usr/bin/python -> python3"
Batch resize images,"for i in *.jpg; do convert ""$i"" -resize 800x800\> ""resized_$i""; done"
Show me how to list files in the current directory,"$ ls
file1.txt  file2.log  scripts/  notes.md"
Create a new directory called backups,$ mkdir backups
How do I copy a file named report.pdf to the backups folder,$ cp report.pdf backups/
What command deletes a file named old.log,$ rm old.log
Rename file draft.txt to final.txt,$ mv draft.txt final.txt
Display the contents of readme.md,$ cat readme.md
Show the first 10 lines of data.csv,$ head data.csv
Show the last 20 lines of /var/log/syslog,$ tail -n 20 /var/log/syslog
Count the number of lines in input.txt,"$ wc -l input.txt
42"
Search for the word ERROR in log.txt,"$ grep ERROR log.txt
2023-05-01 12:00:01 ERROR Connection failed"
How to find all .jpg files in the current tree,$ find . -type f -name '*.jpg'
Sort file names.txt alphabetically,$ sort names.txt
Remove duplicate lines from sorted.txt,$ uniq sorted.txt
Create an empty file called .env,$ touch .env
Show current directory path,"$ pwd
/home/user/project"
Kill process with PID 1234,$ kill 1234
Show free disk space,"$ df -h
/dev/sda1        50G   20G   30G  40% /"
Download https://example.com/file.zip,$ curl -O https://example.com/file.zip
Extract archive.tar.gz,$ tar -xzvf archive.tar.gz
Create compressed backup of project/,$ tar -czvf project.tar.gz project/
Change owner of file.txt to user:group,$ sudo chown user:group file.txt
Set variable VERSION to 1.2.3,$ VERSION=1.2.3
Print Hello World,"$ echo ""Hello World""
Hello World"
"Create a file with text ""config""","$ echo ""config"" > settings.conf"
Append line to log.txt,"$ echo ""Done"" >> log.txt"
Show current date,"$ date
Mon May  1 14:22:03 UTC 2023"
Show calendar of current month,$ cal
List open network ports,$ ss -tulpn
Check if host google.com is reachable,"$ ping -c 3 google.com
64 bytes from 142.250.185.78: icmp_seq=1 ttl=117 time=12.3 ms"
SSH to server 192.168.1.10,$ ssh user@192.168.1.10
Secure copy file.zip to remote /tmp,$ scp file.zip user@host:/tmp/
Show current user,"$ whoami
user"
List users currently logged in,$ who
Show last 10 commands,$ history | tail -10
Repeat last command starting with git,$ !git
Repeat previous command with sudo,$ sudo !!
Create alias ll for ls -la,$ alias ll='ls -la'
Show all defined aliases,"$ alias
alias ll='ls -la'
alias gs='git status'"
Run command every 2 seconds,$ watch -n 2 df -h
Find files modified in last 24 hours,$ find . -type f -mtime -1
Replace foo with bar in file.txt,$ sed -i 's/foo/bar/g' file.txt
Extract second column from csv,"$ awk -F, '{print $2}' data.csv"
Count occurrences of word in file,"$ grep -o 'word' file.txt | wc -l
17"
Show lines 5 to 15 of file,"$ sed -n '5,15p' file.txt"
List files sorted by size,$ ls -lS
Create a backup of file.txt,cp file.txt file.txt.bak
Find all Python files recursively,"find . -name '*.py'
./src/main.py
./tests/test_utils.py"
Print yesterday’s date,"date -d yesterday +%F
2023-05-20"
Kill process using port 3000,kill -9 $(lsof -t -i:3000)
Extract tar.gz archive,tar -xzf archive.tar.gz
Show last 20 lines of log,tail -n 20 /var/log/syslog
Replace foo with bar in file,sed -i 's/foo/bar/g' file.txt
Create empty file quickly,touch newfile
List empty directories,"find . -type d -empty
./empty_folder"
Count occurrences of word,"grep -o 'ERROR' log.txt | wc -l
17"
Batch rename jpg to jpeg,"for f in *.jpg; do mv ""$f"" ""${f%.jpg}.jpeg""; done"
Show open ports numerically,netstat -tulpn | grep LISTEN
Sort and remove duplicates,sort -u names.txt > unique_names.txt
Print first column from CSV,"awk -F, '{print $1}' data.csv"
Compress folder with zip,zip -r backup.zip folder/
Check battery status,"cat /sys/class/power_supply/BAT0/capacity
87"
Get public IP,"curl -s ifconfig.me
203.0.113.45"
Show size of directory,"du -sh node_modules/
312M    node_modules/"
Create symlink,ln -s /var/www/html ~/html
Print calendar for current month,"cal
     May 2023
Su Mo Tu We Th Fr Sa
    1  2  3  4  5  6
 7  8  9 10 11 12 13"
Remove lines containing DEBUG,grep -v DEBUG app.log > clean.log
Show UUID of disk,"blkid /dev/sdb1
/dev/sdb1: UUID=""a1b2c3d4-e5f6-7890-abcd-ef1234567890"" TYPE=""ext4"""
Count files in current dir,"ls -1 | wc -l
23"
List processes using most memory,ps aux --sort=-%mem | head -n 6
Backup MySQL database,mysqldump -u root -p mydb > mydb_$(date +%F).sql
Print random 8-char password,"openssl rand -base64 6
kZ3vLq"
Check SSL cert expiry,"echo | openssl s_client -connect example.com:443 2>/dev/null | openssl x509 -noout -dates | grep notAfter
notAfter=Aug  5 12:00:00 2024 GMT"
Show git log oneline last 5,"git log --oneline -5
a1b2c3d Fix header bug
d4e5f6g Add tests
7h8i9j0 Update docs"
List services with systemctl,"systemctl list-units --type=service --state=running | grep ssh
sshd.service    loaded active running OpenSSH server daemon"
Search history for ssh,"history | grep ssh
  42  ssh user@server.com"
Mirror website with wget,wget --mirror --convert-links --adjust-extension --page-requisites --no-parent https://example.com
Convert epoch to human date,"date -d @1684683900
2023-05-21 09:45:00"
List installed packages Debian,"dpkg -l | grep nginx
ii  nginx-common  1.18.0-6ubuntu2 all  small, powerful, scalable web/proxy server"
Create a backup archive,"tar czf backup.tar.gz /var/www
(no output)"
Show disk usage of /home,"du -sh /home
12G     /home"
Count unique IPs in log,"awk '{print $1}' access.log | sort -u | wc -l
352"
Show listening TCP ports,"ss -lnt
State   Recv-Q Send-Q Local Address:Port   Peer Address:Port
LISTEN  0      128    0.0.0.0:22           0.0.0.0:*"
Extract archive to folder,"tar xf archive.tar -C extracted/
(no output)"
Show last 20 commands,"history | tail -20
 2001  git push
 2002  docker ps…"
Sync files to remote server,"rsync -avz ./site/ user@server:/var/www/
sending incremental file list…"
Show size of each subdir,"du -h --max-depth=1
4.0G    ./node_modules
1.2G    ./uploads"
Delete lines matching pattern,"grep -v TODO tasks.txt > tmp && mv tmp tasks.txt
(no output)"
Monitor log in real time,"tail -f /var/log/app.log
[2024-06-12 10:05:01] INFO: …"
Show biggest files,"find . -type f -exec du -h {} + | sort -rh | head -5
2.3G ./dump.sql
1.8G ./video.mp4"
Create user with home,"useradd -m alice
(no output)"
Change owner recursively,"chown -R www-data:www-data /var/www
(no output)"
Merge PDFs with Ghostscript,"gs -dBATCH -dNOPAUSE -q -sDEVICE=pdfwrite -sOutputFile=merged.pdf 1.pdf 2.pdf
(no output)"
Convert EOL to Unix,"dos2unix windows.txt
dos2unix: converting file windows.txt to Unix format…"
List open files by user,"lsof -u alice | wc -l
87"
Show systemd service status,"systemctl status nginx
● nginx.service - A high performance web server
Active: active (running) since …"
Rename with date suffix,"cp report.csv report_$(date +%F).csv
(no output)"
Find broken symlinks,"find . -type l -xtype l
./old_link
./missing_link"
Generate random password,"openssl rand -base64 12
q7R+fpTqY3dG"
Show memory usage per process,"ps aux --sort=-%mem | head -5
USER PID %MEM RSS
root 1234 15.2 500M"
Download youtube audio,"yt-dlp -x --audio-format mp3 https://youtu.be/abcd
[download] Destination: song.m4a
[ffmpeg] Correcting container…"
List setuid binaries,"find /usr/bin -perm -4000
/usr/bin/passwd
/usr/bin/sudo"
Show cron jobs for user,"crontab -l
0 3 * * * /home/user/backup.sh"
Create encrypted zip,"zip -e secure.zip secrets.txt
Enter password: ****
Verify password: ****"
Show HTTP headers,"curl -I https://example.com
HTTP/1.1 200 OK
Content-Type: text/html
Content-Length: 1234"
Show GPU temperature,"nvidia-smi --query-gpu=temperature.gpu --format=csv,noheader
52"
List USB devices,"lsusb | grep SanDisk
Bus 002 Device 007: ID 0781:5583 SanDisk Corp."
Create dummy file of 1G,"dd if=/dev/zero of=dummy.img bs=1M count=1024
1024+0 records in
1024+0 records out
1073741824 bytes (1.1 GB) copied…"
Show failed SSH attempts,"sudo journalctl -u sshd --since ""1 hour ago"" | grep 'Failed password'
Jun 12 09:45:45 srv sshd[3125]: Failed password for root…"
Convert video to MP4,"ffmpeg -i input.avi -c:v libx264 -crf 23 output.mp4
frame= 4523 fps=180 q=-1.0 Lsize=  23456kB time=00:03:00.10"
Show kernel modules,"lsmod | grep nvme
nvme                   45056  1
nvme_core             131072  2 nvme"
List active network interfaces,"ip -br addr | grep UP
eth0   UP   192.168.1.10/24
wlan0  UP   10.0.0.5/24"
Show me the current working directory.,"pwd
/home/user/projects"
List all files in the current directory.,"ls
file1.txt  file2.sh  folder"
Display the contents of a text file named readme.txt.,"cat readme.txt
This is a sample readme file."
Create an empty file called log.txt.,touch log.txt
Remove a file named temp.txt.,rm temp.txt
Copy file1.txt to backup.txt.,cp file1.txt backup.txt
Move file2.sh into the scripts folder.,mv file2.sh scripts/
Make a new directory named docs.,mkdir docs
Delete an empty directory named old.,rmdir old
Show the first 10 lines of /etc/passwd.,"head /etc/passwd
root:x:0:0:root:/root:/bin/bash
daemon:x:1:1:daemon:/usr/sbin:/usr/sbin/nologin"
Show the last 5 lines of /var/log/syslog.,"tail -n 5 /var/log/syslog
2023-10-01 12:00:00 ubuntu systemd[1]: Started Daily apt upgrade.
2023-10-01 12:00:01 ubuntu systemd[1]: Finished Daily apt upgrade."
Count lines in data.csv.,"wc -l data.csv
42"
Find all .png files under /home/user.,"find /home/user -name '*.png'
/home/user/pics/logo.png
/home/user/wallpaper.png"
Search for the word 'error' in log.txt.,"grep 'error' log.txt
2023-10-01 12:00:03 error: connection failed"
Sort the file names.txt alphabetically.,"sort names.txt
Alice
Bob
Charlie"
Show unique entries in sorted.txt.,"sort sorted.txt | uniq
apple
banana
cherry"
Download https://example.com/file.zip.,"wget https://example.com/file.zip
--2023-10-01 12:00:04--  https://example.com/file.zip
Saving to: file.zip"
Extract archive.tar.gz.,tar -xzf archive.tar.gz
Show disk usage of /home in human-readable format.,"du -h /home
4.0K /home/user/docs
1.2G /home/user/videos"
Display free memory.,"free -h
              total  used  free
Mem:           8G   3G    5G"
Show running processes of user alice.,"ps -u alice
  PID TTY     TIME CMD
 1234 ?   00:00:01 bash"
Kill process with PID 5678.,kill 5678
Make script.sh executable.,chmod +x script.sh
Change owner of file.txt to alice:alice.,chown alice:alice file.txt
Create a symbolic link lib.so pointing to /usr/lib/libreal.so.,ln -s /usr/lib/libreal.so lib.so
Show environment variable HOME.,"echo $HOME
/home/alice"
Export a new variable PORT=3000.,export PORT=3000
Print 'Hello World' ten times.,for i in {1..10}; do echo 'Hello World'; done
Create 100 empty files named test1.txt to test100.txt.,touch test{1..100}.txt
Rename all .jpeg to .jpg in current folder.,"for f in *.jpeg; do mv ""$f"" ""${f%.jpeg}.jpg""; done"
Show the size of biggest file in current directory.,"ls -S | head -1 | xargs du -h
2.3M video.mp4"
Count occurrences of the word 'the' in article.txt case-insensitive.,"grep -oi 'the' article.txt | wc -l
73"
Concatenate all csv files into merged.csv without headers from second file onward.,head -1 first.csv > merged.csv; tail -n +2 *.csv >> merged.csv
List directories only in /var/log.,"find /var/log -maxdepth 1 -type d
/var/log
/var/log/nginx"
Show the 15th line of config.yml.,"sed -n '15p' config.yml
port: 8080"
Replace all 'foo' with 'bar' in file.txt in-place.,sed -i 's/foo/bar/g' file.txt
Create a compressed archive of folder project into project.tar.xz.,tar -cJf project.tar.xz project
Monitor a log file in real-time.,"tail -f /var/log/app.log
2023-10-01 12:00:05 INFO: Server started"
Show the IP address of eth0.,"ip addr show eth0 | grep inet | awk '{print $2}' | cut -d/ -f1
192.168.1.42"
Scan local network 192.168.1.0/24 for active hosts.,"nmap -sn 192.168.1.0/24
Nmap scan report for 192.168.1.1
Host is up (0.005s latency)."
Create a ramdisk of 512M mounted at /mnt/ram.,mkdir -p /mnt/ram && mount -t tmpfs -o size=512M tmpfs /mnt/ram
List open ports listening on IPv4.,"ss -l4 | grep LISTEN
tcp  LISTEN 0 128 0.0.0.0:22"
Check if host example.com is reachable.,"ping -c 3 example.com
3 packets transmitted, 3 received, 0% packet loss"
Trace route to google.com.,"traceroute google.com
 1  192.168.1.1  1.2 ms
 2  10.0.0.1  5.3 ms"
Show current shell options.,"echo $-
himBHs"
Set shell option to exit on error.,set -e
Source env vars from .env file.,set -a; source .env; set +a
Run a command every 5 seconds and highlight changes.,watch -n 5 -d df -h
Convert all Windows line endings to Unix in place.,find . -type f -exec dos2unix {} \;
Show disk usage of /var,"du -sh /var
3.2G	/var"
Replace foo with bar in-place,sed -i 's/foo/bar/g' file.txt
Show last 20 lines of syslog,sudo tail -n 20 /var/log/syslog
Show biggest files in /var/log,sudo find /var/log -type f -exec du -h {} + | sort -hr | head -10
Show open ports,ss -tulpn
Create empty file,touch newfile.txt
Search for pattern recursively,grep -R 'TODO' src/
Show current git branch,"git branch --show-current
main"
Compress folder with tar,tar -czf backup.tar.gz folder/
List users on system,cut -d: -f1 /etc/passwd
Show size of directory contents,du -h --max-depth=1 | sort -hr
Create symbolic link,ln -s /var/www/html/html ~/www
Print environment variable,"echo $HOME
/home/user"
Count running services,"systemctl list-units --type=service --state=running | wc -l
23"
Show last boot time,"who -b
         system boot  2023-04-15 08:12"
Download and extract in one go,curl -sL https://github.com/user/repo/archive/main.tar.gz | tar -xz
Find files modified in last 24h,find . -type f -mtime -1
Batch convert PNG to JPEG,mogrify -format jpg *.png
Show kernel version,"uname -r
5.15.0-25-generic"
Create RAM disk 1G,sudo mkdir -p /mnt/ram && sudo mount -t tmpfs -o size=1G tmpfs /mnt/ram
Show failed systemd services,systemctl --failed
Count files in directory,"find . -maxdepth 1 -type f | wc -l
17"
Secure copy with compression,scp -C file.txt user@remote:/tmp/
Show current PATH,"echo $PATH
/usr/local/sbin:/usr/local/bin:/usr/sbin:/usr/bin:/sbin:/bin"
Create encrypted tar,tar -czf - secret/ | gpg -c > secret.tar.gz.gpg
Show network interfaces,"ip -br addr
lo               UNKNOWN        127.0.0.1/8
eth0             UP             192.168.1.5/24"
List packages installed by size,"dpkg-query -Wf '${Installed-Size}	${Package}
' | sort -n"
Batch rename with sequential numbers,"a=1; for i in *.jpg; do mv ""$i"" ""img_$(printf %04d $a).jpg""; ((a++)); done"
Show CPU temperature,"sensors
coretemp-isa-0000
Adapter: ISA adapter
Package id 0:  +45.0°C  (high = +80.0°C, crit = +100.0°C)"
Create swap file 2G,sudo dd if=/dev/zero of=/swapfile bs=1M count=2048 && sudo chmod 600 /swapfile && sudo mkswap /swapfile && sudo swapon /swapfile
Show largest installed packages,"pacman -Qi | awk '/^Name/{n=$3} /^Installed Size/{print $4$5,n}' | sort -hr | head -10"
Watch for file changes,watch -n 1 'ls -l file.txt'
