config,quant,k,prompt,command,expected,exact_match,formatting,syntax_valid,overall
Q4_K_M:0,Q4_K_M,0,"Convert the image ""photo.png"" to a JPEG with 80% quality using ImageMagick.",convert photo.png -quality 80 photo.jpg,convert photo.png -quality 80 photo.jpg,True,True,True,5
Q4_K_M:0,Q4_K_M,0,"Using find, locate all .sh files that contain the string ""TODO"", replace it with ""DONE"" in‑place, and create a backup of each modified file with a .bak extension.","find . -type f -name ""*.sh"" -exec grep -l ""TODO"" {} \; | while read -r file; do
  grep -l ""TODO"" ""$file"" | xargs -r sed -i.bak 's/TODO/DONE/g'
done","find . -type f -name ""*.sh"" -exec grep -l ""TODO"" {} + | while read -r f; do cp ""$f"" ""$f.bak""; sed -i 's/TODO/DONE/g' ""$f""; done",False,True,True,3
Q4_K_M:0,Q4_K_M,0,"Download a file with progress bar and resume capability from ""https://example.com/large.iso"".",wget --progress=bar --continue https://example.com/large.iso,wget -c https://example.com/large.iso,False,True,True,3
Q4_K_M:0,Q4_K_M,0,Sort the contents of unsorted.txt alphabetically and remove duplicates.,sort -u unsorted.txt,sort -u unsorted.txt > sorted_unique.txt,False,True,True,5
Q4_K_M:0,Q4_K_M,0,Show the 10 most recent entries in the system journal,journalctl -n 10,journalctl -n 10 --no-pager,False,True,True,4
Q4_K_M:0,Q4_K_M,0,Show the current load averages,cat /proc/loadavg,cat /proc/loadavg,True,True,True,5
Q4_K_M:0,Q4_K_M,0,Create RAM disk 1G,sudo mount -t tmpfs -o size=1G tmpfs /mnt/ramdisk,sudo mkdir -p /mnt/ram && sudo mount -t tmpfs -o size=1G tmpfs /mnt/ram,False,True,True,3
Q4_K_M:0,Q4_K_M,0,Create alias ll for ls -la,alias ll='ls -la',$ alias ll='ls -la',False,True,True,5
Q4_K_M:0,Q4_K_M,0,Display the first 10 lines of a file named data.log,head -n 10 data.log,head -n 10 data.log,True,True,True,5
Q4_K_M:0,Q4_K_M,0,"Download a file from ""https://example.com/file.tar.gz"" using wget",wget https://example.com/file.tar.gz,wget https://example.com/file.tar.gz,True,True,True,5
Q4_K_M:0,Q4_K_M,0,Find all Python files that contain the string 'TODO',"grep -rl ""TODO"" --include=""*.py"" .","grep -R ""TODO"" --include='*.py' .
./module/utils.py:# TODO: refactor this function",False,True,True,5
Q4_K_M:0,Q4_K_M,0,"Create a command that monitors /var/log/syslog for lines containing the word ""CRITICAL"", extracts the timestamp and the message, and sends an email alert with the extracted info to admin@example.com using sendmail.","tail -F /var/log/syslog | grep --line-buffered ""CRITICAL"" | while read -r line; do ts=$(echo ""$line"" | awk '{print $1"" ""$2"" ""$3}'); msg=$(echo ""$line"" | awk '{print $4"" ""$5"" ""$6"" ""$7"" ""$8"" ""$9"" ""$10"" ""$11"" ""$12"" ""$13"" ""$14"" ""$15"" ""$16"" ""$17"" ""$18"" ""$19"" ""$20"" ""$21"" ""$22"" ""$2","tail -F /var/log/syslog | grep --line-buffered 'CRITICAL' | while read -r line; do
  ts=$(echo ""$line"" | awk '{print $1"" ""$2"" ""$3}')
  msg=$(echo ""$line"" | cut -d' ' -f4-)
  printf ""Subject: Critical alert\n\nTime: %s\nMessage: %s\n"" ""$ts"" ""$msg"" | sendmail admin@example.com
done &",False,True,False,1
Q4_K_M:0,Q4_K_M,0,Create a user called alice with a home directory and bash shell,useradd -m -s /bin/bash alice,sudo useradd -m -s /bin/bash alice,False,True,True,4
Q4_K_M:0,Q4_K_M,0,"Show the last 20 lines of the Apache access log, but only the IP addresses.",tail -n 20 /var/log/apache2/access.log | awk '{print $1}',tail -n 20 /var/log/apache2/access.log | awk '{print $1}',True,True,True,5
Q4_K_M:0,Q4_K_M,0,"List the 10 largest files in /home, sorted descending.",find /home -type f -exec du -h {} + | sort -rh | head -n 10,find /home -type f -exec du -h {} + | sort -rh | head -n 10,True,True,True,5
Q4_K_M:0,Q4_K_M,0,Extend a LVM logical volume,lvextend -L +500M /dev/vg_example/lv_example,lvextend -L +100M /dev/vg_example/lv_example,False,True,True,3
Q4_K_M:0,Q4_K_M,0,"Using perl, replace any occurrence of dates in MM/DD/YYYY format in all .txt files under /data with ISO format YYYY‑MM‑DD, editing files in‑place.",perl -pi -e 's/(\d{2})\/(\d{2})\/(\d{4})/$3-$2-$1/g' /data/*.txt,find /data -type f -name '*.txt' -print0 | xargs -0 perl -i -pe 's/(\d{2})\/(\d{2})\/(\d{4})/$3-\$1-\$2/g',False,True,True,3
Q4_K_M:0,Q4_K_M,0,Show the current user and their groups,id -a,id,False,True,True,5
Q4_K_M:0,Q4_K_M,0,Show the last login time for the current user,lastlog,last -n 1 $(whoami),False,True,True,3
Q4_K_M:0,Q4_K_M,0,Show the current shell's process ID,"echo $$
12345",echo $$,False,True,True,4
Q4_K_M:0,Q4_K_M,0,Create a new system group named 'example',groupadd example,groupadd example,True,True,True,5
Q4_K_M:0,Q4_K_M,0,"Show the 3 most frequently occurring words in ""book.txt"" (ignore case, strip punctuation).",tr -cs '[:alnum:]' '\n' < book.txt | tr '[:upper:]' '[:lower:]' | sort | uniq -c | sort -rn | head -n 3,"tr -c ""[:alnum:]"" ""\n"" < book.txt | tr '[:upper:]' '[:lower:]' | sort | uniq -c | sort -nr | head -n 3",False,True,True,4
Q4_K_M:0,Q4_K_M,0,"Using sed, transform a configuration file /etc/app.conf by commenting out any line that starts with ""debug="" and appending a new line ""debug=off"" at the end of the file, all in-place.",sed -i '/^debug=/s/^/#/' /etc/app.conf && echo 'debug=off' >> /etc/app.conf,sed -i '/^debug=/s/^/#/' /etc/app.conf && echo 'debug=off' >> /etc/app.conf,True,True,True,5
Q4_K_M:0,Q4_K_M,0,"Show the difference between two directories dirA and dirB, ignoring empty files.",diff -qr dirA dirB,"diff -qr dirA dirB | grep -v ""Only in""",False,True,True,3
Q4_K_M:0,Q4_K_M,0,Create a 1 GB file filled with zeros named zero.bin.,dd if=/dev/zero of=zero.bin bs=1M count=1024,dd if=/dev/zero of=zero.bin bs=1M count=1024,True,True,True,5
Q4_K_M:0,Q4_K_M,0,Create a new group,groupadd YOUR_GROUP,groupadd newgroup,False,True,True,5
Q4_K_M:0,Q4_K_M,0,"Kill all processes named ""node""",pkill node,pkill node,True,True,True,5
Q4_K_M:0,Q4_K_M,0,Print the current working directory in bold text using ANSI escape codes.,"echo -e ""\033[1m$(pwd)\033[0m""","printf ""\e[1m$(pwd)\e[0m\n""",False,True,True,4
Q4_K_M:0,Q4_K_M,0,"Create a Bash function that takes a directory and a file extension, calculates the total size of all files with that extension, and prints the size in megabytes with three decimal places.","size_of_ext(){ dir=""$1""; ext=""$2""; find ""$dir"" -type f -name ""*.$ext"" -exec du -sm {} + | awk '{s+=$1} END {print s"" MB""}'; }","total_size() {
  local dir=""$1""
  local ext=""$2""
  local bytes=$(find ""$dir"" -type f -name ""*.$ext"" -printf ""%s\n"" | awk '{total+=$1} END {print total}')
  printf ""Total size: %.3f MB\n"" ""$(echo ""scale=6; $bytes/1024/1024"" | bc)""
}",False,True,True,3
Q4_K_M:0,Q4_K_M,0,Create a new git repository in the current directory,git init,git init,True,True,True,5
Q4_K_M:0,Q4_K_M,0,"Show the top 10 lines of the output of ""dmesg"" that contain the word ""usb""",dmesg | grep usb | head -n 10,dmesg | grep -i usb | head -n 10,False,True,True,3
Q4_K_M:0,Q4_K_M,0,Count the number of lines in input.txt,wc -l < input.txt,"$ wc -l input.txt
42",False,True,True,5
Q4_K_M:0,Q4_K_M,0,Create a new archive 'archive.tar' from a directory 'example',tar -cvf archive.tar example,tar -cvf archive.tar example,True,True,True,5
Q4_K_M:0,Q4_K_M,0,Check whether the port 3306 is listening on the local machine.,ss -tlnp | grep ':3306 ',ss -tuln | grep ':3306',False,True,True,4
Q4_K_M:0,Q4_K_M,0,"Merge the branch ""dev"" into the current branch without fast‑forward",git merge dev,git merge --no-ff dev,False,True,True,2
Q4_K_M:0,Q4_K_M,0,Show last 20 lines of syslog,$ tail -n 20 /var/log/syslog,sudo tail -n 20 /var/log/syslog,False,True,True,4
Q4_K_M:0,Q4_K_M,0,Show the file type of the file 'example.txt',file example.txt,file example.txt,True,True,True,5
Q4_K_M:0,Q4_K_M,0,Show the IP address and hostname of the machine,hostname -I,hostname -I && hostname,False,True,True,3
Q4_K_M:0,Q4_K_M,0,"Provide a Bash one‑liner that reads a large JSON array from stdin, streams each object to jq to extract the ""id"" and ""status"" fields, and writes them as CSV rows to output.csv without loading the entire array into memory.","jq -r '.""id"" + "","" + .status' | tr ',' '\n' > output.csv","jq -r '.[] | [.id, .status] | @csv' > output.csv",False,True,True,1
Q4_K_M:0,Q4_K_M,0,"Find and replace the string ""VERSION=1.0"" with ""VERSION=2.0"" in all ""Makefile"" files recursively.","find . -type f -name ""Makefile"" -exec sed -i 's/VERSION=1.0/VERSION=2.0/g' {} \;","find . -type f -name ""Makefile"" -exec sed -i 's/VERSION=1\.0/VERSION=2.0/g' {} +",False,True,True,3
Q4_K_M:0,Q4_K_M,0,Show the total number of files in the current directory and its subdirectories,find . -type f | wc -l,find . -type f | wc -l,True,True,True,5
Q4_K_M:0,Q4_K_M,0,"Find all Docker containers that have been exited for more than 24 hours and remove them, then output the IDs of removed containers.","docker ps -a --filter ""status=exited"" --format ""{{.ID}} {{.RunningFor}}"" | while read -r id time; do if [[ $time == *""days""* ]]; then days=$(echo $time | grep -o '[0-9]\+'); if (( days > 24 )); then docker rm ""$id""; echo ""Removed: $id""; fi; fi; done","ids=$(docker ps -a --filter 'status=exited' --filter 'exited=24h' -q); [ -n ""$ids"" ] && docker rm $ids && echo ""Removed containers: $ids"" || echo ""No containers to remove""",False,True,True,3
Q4_K_M:0,Q4_K_M,0,Extract the third column from a space‑separated file and sort it uniquely,cut -d' ' -f3 YOUR_FILE | sort -u,cut -d' ' -f3 data.txt | sort -u,False,True,True,5
Q4_K_M:0,Q4_K_M,0,Print the number of CPU cores,nproc,nproc,True,True,True,5
Q4_K_M:0,Q4_K_M,0,"Download the file https://example.com/archive.tar.gz and save it as /tmp/archive.tar.gz, showing a progress bar.",wget --progress=bar https://example.com/archive.tar.gz -O /tmp/archive.tar.gz,curl -L --progress-bar https://example.com/archive.tar.gz -o /tmp/archive.tar.gz,False,True,True,5
Q4_K_M:0,Q4_K_M,0,"Search recursively for the pattern ""TODO"" in the src/ directory and show line numbers","grep -Rn ""TODO"" src/","grep -R ""TODO"" -n src/",False,True,True,5
Q4_K_M:0,Q4_K_M,0,Start a system service named 'service_name',systemctl start service_name,systemctl start service_name,True,True,True,5
Q4_K_M:0,Q4_K_M,0,Add a user named 'example' to a group named 'example',usermod -aG example example,usermod -aG example example,True,True,True,5
Q4_K_M:0,Q4_K_M,0,Find all files larger than 100 MB in /var and list their sizes in a human‑readable format.,find /var -type f -size +100M -exec du -h {} +,"find /var -type f -size +100M -exec ls -lh {} + | awk '{print $5, $9}'",False,True,True,5
Q4_K_M:0,Q4_K_M,0,Change the permissions of the directory /var/www to 750 recursively.,chmod -R 750 /var/www,chmod -R 750 /var/www,True,True,True,5
Q4_K_M:0,Q4_K_M,0,Show the IP addresses of all network interfaces,ip -brief address,ip -brief address,True,True,True,5
Q4_K_M:0,Q4_K_M,0,"Using find, locate all executable files in /usr/local/bin that have been modified in the last week, and create a tar archive named recent_bins.tar containing them while preserving permissions.",find /usr/local/bin -type f -executable -mtime -7 -print0 | tar --null -czf recent_bins.tar -T -,find /usr/local/bin -type f -executable -mtime -7 -print0 | tar --null -cvf recent_bins.tar --files-from=-,False,True,True,5
Q4_K_M:0,Q4_K_M,0,"Using awk, compute the average response time from an Nginx access log assuming the response time is the last field in each line.",awk '{sum+=$NF} END {print sum/NR}' /var/log/nginx/access.log,"awk '{sum+=$NF; cnt++} END {if (cnt>0) printf ""Average response time: %.3f\n"", sum/cnt}' /var/log/nginx/access.log",False,True,True,4
Q4_K_M:0,Q4_K_M,0,"Append the line 'alias ll=""ls -la""' to ~/.bashrc","echo 'alias ll=""ls -la""' >> ~/.bashrc","echo 'alias ll=""ls -la""' >> ~/.bashrc",True,True,True,5
Q4_K_M:0,Q4_K_M,0,List all Docker images that are not currently used by any container (dangling).,"docker images --filter ""dangling=true"" --format ""{{.Repository}}:{{.Tag}}""",docker images -f dangling=true,False,True,True,4
Q4_K_M:0,Q4_K_M,0,"Decompress ""archive.gz"" and write output to ""archive""",gunzip archive.gz,gunzip -c archive.gz > archive,False,True,True,3
Q4_K_M:0,Q4_K_M,0,"Create a temporary file and write ""Hello World"" into it, then display its path","tmpfile=$(mktemp) && echo ""Hello World"" > ""$tmpfile"" && echo ""$tmpfile""","tmpfile=$(mktemp) && echo ""Hello World"" > ""$tmpfile"" && echo ""$tmpfile""",True,True,True,5
Q4_K_M:0,Q4_K_M,0,"Convert all spaces at the beginning of lines in ""script.sh"" to tabs (assuming 4 spaces per tab).","sed -i 's/^ \{4,\}/\t/' script.sh",expand -t 4 -i script.sh > script_tmp.sh && mv script_tmp.sh script.sh,False,True,True,2
Q4_K_M:0,Q4_K_M,0,Show the current firewall rules using iptables,sudo iptables -L -n,sudo iptables -L -v -n,False,True,True,4
Q4_K_M:0,Q4_K_M,0,"Create a new virtual environment named ""venv"" using Python 3",python3 -m venv venv,python3 -m venv venv,True,True,True,5
Q4_K_M:0,Q4_K_M,0,"Check the syntax of the Bash script ""deploy.sh"" without executing it.",bash -n deploy.sh,bash -n deploy.sh,True,True,True,5
Q4_K_M:0,Q4_K_M,0,"Find all services that are enabled but not currently running, and start them automatically.","systemctl list-units --type=service --state=enabled --no-legend | awk '{print $1}' | while read svc; do if ! systemctl is-active --quiet ""$svc""; then systemctl enable ""$svc""; fi; done","systemctl list-unit-files --type=service --state=enabled | awk 'NR>1{print $1}' | while read svc; do
  if ! systemctl is-active --quiet ""$svc""; then
    systemctl start ""$svc""
  fi
done",False,True,True,2
Q4_K_M:0,Q4_K_M,0,"List the top 10 IP addresses accessing the Apache access log, sorted by request count, and output the result as a JSON array of objects with fields ""ip"" and ""hits"".","awk '{ips[$1]++} END {for (ip in ips) print ""{ip:""ip"",hits:""ips[ip]""}""}' /var/log/apache2/access.log | jq -s -c 'split(""\n"")[:-1] | map({ip:.ip,hits:.hits})'","#!/usr/bin/env bash
awk '{print $1}' /var/log/apache2/access.log | sort | uniq -c | sort -nr | head -10 \
    | awk '{print ""{\""ip\"": \""""$2""\"", \""hits\"": ""$1""}""}' \
    | jq -s '.'",False,True,True,3
Q4_K_M:0,Q4_K_M,0,"Use sed to replace all occurrences of a specific string in a file, and then use diff to compare the original and modified files",sed 's/YOUR_PATTERN/YOUR_REPLACEMENT/g' YOUR_FILE > YOUR_FILE.tmp && diff YOUR_FILE YOUR_FILE.tmp,sed 's/old_string/new_string/g' file.txt > modified_file.txt; diff file.txt modified_file.txt,False,True,True,5
Q4_K_M:0,Q4_K_M,0,"Create a command that finds all files larger than 1 GiB, moves them to /mnt/large_files preserving directory structure, and logs the original and new paths to /var/log/large_file_moves.log.","#!/usr/bin/env bash
find / -type f -size +1G -print0 | while IFS= read -r -d '' file; do
  rel=${file#/}
  dest=""/mnt/large_files/$rel""
  mkdir -p ""$(dirname ""$dest"")""
  mv ""$file"" ""$dest"" && echo ""$(date +%F_%T) $file -> $dest"" >> /var/log/large_file_moves.log
done","find / -type f -size +1G -print0 | while IFS= read -r -d '' f; do rel=${f#/}; dest=""/mnt/large_files/$rel""; mkdir -p ""$(dirname ""$dest"")"" && mv ""$f"" ""$dest"" && echo ""$(date +%F_%T) $f -> $dest"" >> /var/log/large_file_moves.log; done",False,True,True,5
Q4_K_M:0,Q4_K_M,0,"Generate a report of disk usage per user on /home, sorted descending, and output as a JSON array.","printf '['; find /home -type f -printf '%u %s\n' | sort | uniq -c | sort -nr | while read -r cnt user size; do printf '{""user"":""%s"",""size"":%s,""files"":%s},'; done; printf ']';","du -sh /home/* 2>/dev/null | \
  awk '{print $2"":""$1}' | \
  while IFS="":"" read user size; do echo ""{\""user\"":\""${user#/home/}\"",\""size\"":\""$size\""}""; done | \
  jq -s 'sort_by(.size|sub(""[KMG]$"";"""";""g"")|tonumber) | reverse'",False,True,True,1
Q4_K_M:0,Q4_K_M,0,"Write a Bash script that generates a histogram of HTTP response codes from an Apache log, using awk to count each code and then printing a simple bar chart with '*' characters.","#!/usr/bin/env bash
awk '{print $9}' /var/log/apache2/access.log | sort | uniq -c | while read count code; do
  printf ""%s %s | "", $code, $(printf '%04d' $count)
  for ((i=0;i<$count;i++)); do echo -n '*'; done
  echo
done","#!/usr/bin/env bash\nlog=/var/log/apache2/access.log\nawk '{print $9}' ""$log"" |\n  sort | uniq -c |\n  awk '{printf ""%s %s %s\n"", $2, $1, sprintf(""%*s"", $1, """").gsub(/ /,""*"")}'",False,True,True,4
Q4_K_M:0,Q4_K_M,0,List the files in a package named 'example',dpkg -L example,dpkg -L example,True,True,True,5
Q4_K_M:0,Q4_K_M,0,"Show detailed information of files in the /var/log directory, sorted by size descending.",find /var/log -type f -exec du -h {} + | sort -hr,ls -lhS /var/log,False,True,True,4
Q4_K_M:0,Q4_K_M,0,Schedule a one‑time system shutdown at 23:30 today.,shutdown -h now,sudo shutdown -h 23:30,False,True,True,2
Q4_K_M:0,Q4_K_M,0,"Using only bash and coreutils, generate a progress bar that shows the copy progress of a 5 GiB file src.bin to /mnt/backup/src.bin, updating every second.","#!/usr/bin/env bash
size=$(stat -c%s src.bin)
start=$(date +%s)
while read -r -d '' -t 1; do
  elapsed=$(($(date +%s)-start))
  speed=$((size/elapsed))
  printf ""\rCopying %s/%s at %s/s"" $(du -sb src.bin | cut -f1) $size $speed
  sleep 1
done < <(pv src.bin > /mnt/backup/src.bin)","{ dd if=src.bin of=/mnt/backup/src.bin bs=4M status=none & pid=$!; while kill -0 $pid 2>/dev/null; do copied=$(stat --format=%s /mnt/backup/src.bin 2>/dev/null || echo 0); percent=$(( copied*100/5368709120 )); printf ""\rProgress: [%-50s] %3d%%"" $(printf ""#""{1..$((percent/2))}) $percent; sleep 1; done; wait $pid; echo; }",False,True,True,1
Q4_K_M:0,Q4_K_M,0,"Print the contents of ""data.json"" with syntax highlighting using ""jq""",jq . data.json,"jq . data.json
{
  ""name"": ""example"",
  ""value"": 42
}",False,True,True,5
Q4_K_M:0,Q4_K_M,0,Remove the directory temp_dir and all its contents without prompting,rm -rf temp_dir,rm -rf temp_dir,True,True,True,5
Q4_K_M:0,Q4_K_M,0,"Write a Bash one‑liner that lists all users on the system who have not logged in for more than 90 days, using /var/log/lastlog, and disables their accounts with usermod.","awk -F: '$3>=500 {print $1}' /etc/passwd | while read user; do lastlog -u ""$user"" | awk 'NR==2 && $3<$(date -d ""90 days ago"" +%s) {print $1}' | while read uid; do usermod -L ""$user""; done; done","while IFS=: read -r user _ uid _ _ _ _; do
  if ((uid>=1000)); then
    last=$(lastlog -u ""$user"" | awk 'NR==2 {print $4,$5,$6}')
    if [[ ""$last"" == '**Never logged in**' ]] || (( $(date -d ""$last"" +%s) < $(date -d '-90 days' +%s) )); then
      usermod -L ""$user""
    fi
  fi
done < <(cut -d: -f1,3 /etc/passwd)",False,True,True,1
Q4_K_M:0,Q4_K_M,0,"List all Docker images sorted by size, showing the top 5","docker images --format ""{{.Repository}} {{.Tag}} {{.Size}}"" | sort -hr | head -n 5","docker images --format ""{{.Repository}}:{{.Tag}} {{.Size}}"" | sort -k2 -h | tail -n 5",False,True,True,3
Q4_K_M:0,Q4_K_M,0,"Copy the local file report.pdf to the remote host /tmp directory using scp, preserving timestamps.",scp -p report.pdf user@remote:/tmp,scp -p report.pdf user@example.com:/tmp/,False,True,True,3
Q4_K_M:0,Q4_K_M,0,Extract the contents of a compressed archive named 'archive.tar.gz',tar -xzf archive.tar.gz,tar -xzvf archive.tar.gz,False,True,True,4
Q4_K_M:0,Q4_K_M,0,Create a new file named 'example.txt' and write 'Hello World' to it,echo 'Hello World' > example.txt,echo 'Hello World' > example.txt,True,True,True,5
Q4_K_M:0,Q4_K_M,0,Generate a random UUID and print it.,uuidgen,uuidgen,True,True,True,5
Q4_K_M:0,Q4_K_M,0,"Write a Bash one-liner that lists the 5 largest files in /var/www, showing size in human readable format and full path, sorted descending.",find /var/www -type f -exec du -h {} + | sort -rh | head -n 5,"#!/usr/bin/env bash
find /var/www -type f -exec du -h {} + | sort -hr | head -5",False,True,True,4
Q4_K_M:0,Q4_K_M,0,"Write a Bash one‑liner that prints the number of CPUs, total memory in GB, and the system uptime in days, formatted as JSON.","printf '{""cpus"": %d, ""mem_gb"": %.2f, ""uptime_days"": %.2f}\n' ""$(nproc)"" ""$(awk '/MemTotal/ {printf ""%.2f"", $2/1024/1024}' /proc/meminfo)"" ""$(awk '/Uptime/ {print $1}' /proc/uptime | cut -d. -f1 | bc -l)""","printf '{""cpus"":%d,""memory_gb"":%.2f,""uptime_days"":%.2f}\n' ""$(nproc)"" ""$(awk '/MemTotal/ {printf $2/1024/1024}' /proc/meminfo)"" ""$(awk '{print $1/86400}' /proc/uptime)""",False,True,True,4
Q4_K_M:0,Q4_K_M,0,"Create a Bash function that accepts a git branch name, checks out the branch, rebases it onto master, runs the test suite, and if successful, pushes the branch; otherwise, aborts the rebase and returns to the previous branch.","git_branch_rebase(){ local branch=""$1""; git checkout ""$branch"" && git rebase master && if ./run_tests.sh; then git push origin ""$branch""; else git rebase --abort; git checkout ""$branch""; fi }","git_sync(){ local branch=""$1""; local cur=$(git rev-parse --abbrev-ref HEAD); git checkout ""$branch"" && git rebase master && if ./run_tests.sh; then git push origin ""$branch""; else git rebase --abort && git checkout ""$cur""; fi; }",False,True,True,3
Q4_K_M:0,Q4_K_M,0,Create a zip archive of the 'example' directory,zip -r example.zip example,zip -r example.zip example,True,True,True,5
Q4_K_M:0,Q4_K_M,0,"Create a pipeline that reads a large log file, extracts JSON objects embedded in lines, pretty-prints them with jq, and writes to json_logs.txt, handling malformed JSON gracefully.",grep -a '{' large.log | grep -a '}' | jq -c . 2>/dev/null | tee json_logs.txt,"grep -o '{.*}' large.log |
  while read line; do
    echo ""$line"" | jq . 2>/dev/null || echo ""Malformed JSON: $line"" >> errors.log
  done > json_logs.txt",False,True,True,2
Q4_K_M:0,Q4_K_M,0,"Using curl, download the latest release tarball of jq from GitHub API, verify its SHA256 checksum against the value returned by the API, and extract it to ~/tools/jq_latest/ if verification succeeds.","api_url=""https://api.github.com/repos/jqlang/jq/releases/latest""
latest_url=$(curl -s ""$api_url"" | jq -r '.assets[] | select(.name|endswith("".tar.gz"")) .browser_download_url')
curl -L -o jq.tar.gz ""$latest_url""
expected_checksum=$(curl -s ""$api_url"" | jq -r '.assets[] | select(.name|endswith("".sha256"")) .browser_download_url' | xargs curl -sL)
actual_checksum=$(sha256sum jq.tar.gz | awk '{print $1}')
if [ ""$expected_checksum","url=$(curl -s https://api.github.com/repos/stedolan/jq/releases/latest | jq -r '.assets[] | select(.name|test(""jq-.*\.tar\.gz"")) | .browser_download_url'); checksum=$(curl -s https://api.github.com/repos/stedolan/jq/releases/latest | jq -r '.assets[] | select(.name|test(""jq-.*\.tar\.gz\.sha256"")) | .browser_download_url' | xargs curl -sL); curl -L -o /tmp/jq.tar.gz ""$url""; echo ""$checksum  /tmp/jq.tar.gz"" | sha256sum -c - && mkdir -p ~/tools/jq_latest && tar -xzf /tmp/jq.tar.gz -C ~/tools/jq_latest",False,True,False,1
Q4_K_M:0,Q4_K_M,0,"Create a pipeline that reads a CSV of user data, filters rows where age > 30, extracts the email column, removes duplicates, and writes them to emails.txt.","awk -F',' '$3>30 {print $4}' users.csv | sort -u > emails.txt","awk -F',' '$3>30 {print $5}' users.csv | sort -u > emails.txt",False,True,True,3
Q4_K_M:0,Q4_K_M,0,Display the current bash version.,echo $BASH_VERSION,echo $BASH_VERSION,True,True,True,5
Q4_K_M:0,Q4_K_M,0,Check the disk information,df -h,lsblk,False,True,True,5
Q4_K_M:0,Q4_K_M,0,Create a new directory named 'test',mkdir test,mkdir test,True,True,True,5
Q4_K_M:0,Q4_K_M,0,"Create a symbolic link named ""latest"" pointing to ""release_v2.3""",ln -s release_v2.3 latest,ln -s release_v2.3 latest,True,True,True,5
Q4_K_M:0,Q4_K_M,0,Display the current user's groups as a space‑separated list.,groups,id -Gn,False,True,True,5
Q4_K_M:0,Q4_K_M,0,"Find all ELF binaries in /usr/local/bin that are not owned by root, change their ownership to root:root, and set the setuid bit, logging each change to /var/log/setuid_changes.log.","find /usr/local/bin -type f -executable -perm -4000 -exec ls -l {} \; | while read -r line; do bin=$(echo ""$line"" | awk '{print $9}'); if [ $(stat -c %U ""$bin"") != ""root"" ]; then chown root:root ""$bin"" && chmod u+s ""$bin"" && echo ""$(date +%F_%T) Changed $bin to root:root and set setuid"" >> /var/log/setuid_changes.log; fi; done","#!/usr/bin/env bash
find /usr/local/bin -type f -executable -exec file {} \; | grep -i ELF | cut -d: -f1 | while read -r bin; do
  if [ $(stat -c %U ""$bin"") != ""root"" ]; then
    chown root:root ""$bin""
    chmod u+s ""$bin""
    echo ""$(date '+%F %T') Modified $bin"" >> /var/log/setuid_changes.log
  fi
done",False,True,True,1
Q4_K_M:0,Q4_K_M,0,"Write a Bash one‑liner that extracts all IPv4 addresses from access.log, counts occurrences, and prints the top 5 attackers.",awk '{print $1}' access.log | sort | uniq -c | sort -nr | head -n5,"awk '{for(i=1;i<=NF;i++) if($i ~ /([0-9]{1,3}\.){3}[0-9]{1,3}/) print $i}' access.log | sort | uniq -c | sort -nr | head -5",False,True,True,1
Q4_K_M:0,Q4_K_M,0,Extract the tar.gz archive backup.tar.gz into /opt/backup,tar -xzvf backup.tar.gz -C /opt/backup,tar -xzf backup.tar.gz -C /opt/backup,False,True,True,4
Q4_K_M:0,Q4_K_M,0,"Download the file from ""https://example.com/file.txt"" and save it as ""file.txt"".",curl -L -o file.txt https://example.com/file.txt,curl -L -o file.txt https://example.com/file.txt,True,True,True,5
Q4_K_M:0,Q4_K_M,0,"Write a pipeline that reads a list of URLs from urls.txt, downloads each with curl (max 3 retries, 10s timeout), computes its SHA256, and writes ""<url> <sha256>"" to checksums.txt, skipping URLs that fail after retries.","while read -r url; do\n  for i in {1..3}; do\n    if curl -m 10 --retry 3 --retry-delay 5 -sSL ""$url"" -o ""$(basename ""$url"")""; then\n      sha256sum ""$(basename ""$url"")"" | awk '{print \""$url $1\""}' >> checksums.txt;\n      break;\n    fi;\n  done;\ndone < urls.txt","while read -r url; do sha=$(curl -sSf --retry 3 --max-time 10 ""$url"" | sha256sum | awk '{print $1}') && echo ""$url $sha"" >> checksums.txt; done < urls.txt",False,True,False,2
Q4_K_M:0,Q4_K_M,0,"Create a new user ""devuser"" with a home directory and default shell /bin/bash.",useradd -m -s /bin/bash devuser,sudo useradd -m -s /bin/bash devuser,False,True,True,3
Q4_K_M:0,Q4_K_M,0,Change the permissions of a file named 'file.txt' to 'rwxr-x',chmod 755 file.txt,chmod 755 file.txt,True,True,True,5
Q4_K_M:0,Q4_K_M,0,"Using find and chmod, locate all executable files in /opt/scripts that are not owned by root, and change their ownership to root while preserving the executable bits.",find /opt/scripts -type f -perm -111 ! -user root -exec chmod 755 {} \;,"find /opt/scripts -type f -executable ! -user root -exec chown root:{} \; -exec chmod u+x,g+x,o+x {} \;",False,True,True,2
Q4_K_M:0,Q4_K_M,0,"Replace every occurrence of a UUID (format 8-4-4-4-12 hex) in all *.txt files under /data with a newly generated UUID, preserving the rest of the file content.","find /data -type f -name ""*.txt"" -exec sed -i ""s/([0-9a-fA-F]{8}-[0-9a-fA-F]{4}-[0-9a-fA-F]{4}-[0-9a-fA-F]{4}-[0-9a-fA-F]{12})/\1/g"" {} +","find /data -type f -name '*.txt' -print0 | xargs -0 -I{} bash -c 'sed -i -E ""s/[0-9a-fA-F]{8}(-[0-9a-fA-F]{4}){3}-[0-9a-fA-F]{12}/$(uuidgen)/g"" ""{}""'",False,True,True,2
Q4_K_M:0,Q4_K_M,0,Append the contents 'Hello World' to a file named 'file.txt',echo 'Hello World' >> file.txt,echo 'Hello World' >> file.txt,True,True,True,5
Q4_K_M:0,Q4_K_M,0,"Using curl, download a JSON API at https://api.example.com/data, extract the field ""items"" (an array), and for each item, download the URL in its ""download_url"" field concurrently (max 5 parallel jobs), saving to ./downloads with original filenames.","curl -s https://api.example.com/data | jq -r '.items[] | ""\(.download_url) \(.filename)""' | xargs -n1 -P5 -I{} bash -c 'curl -s -L ""{}"" -o ""./downloads/$(basename ""{}"")""'","curl -s https://api.example.com/data | jq -r '.items[].download_url' | xargs -n1 -P5 -I{} sh -c 'url={}; fname=$(basename ""$url""); curl -s -o ""./downloads/$fname"" ""$url""'",False,True,True,2
Q4_K_M:0,Q4_K_M,0,Find all symbolic links in /usr/local that are broken.,find /usr/local -xtype l,find /usr/local -xtype l,True,True,True,5
Q4_K_M:0,Q4_K_M,0,Print the first 3 fields of /etc/passwd separated by commas,"cut -d: -f1,3,5 /etc/passwd | tr ':' ','","cut -d: -f1,2,3 /etc/passwd | tr ':' ','",False,True,True,2
Q4_K_M:0,Q4_K_M,0,Find all symbolic links in the current directory and list their targets,find . -type l -exec readlink {} \;,find . -type l -ls,False,True,True,5
Q4_K_M:0,Q4_K_M,0,"Create a tarball of the current directory and upload it to a remote server using curl, then verify the upload by checking the file size","tar -czf archive.tar.gz . && curl -T archive.tar.gz user@example.com:password@remote.example.com/upload && curl -s -o size.txt https://remote.example.com/upload/size.txt && echo ""Uploaded file size: $(cat size.txt) bytes""",tar -czf archive.tar.gz . && curl -T archive.tar.gz http://example.com/upload && curl http://example.com/upload/archive.tar.gz | tar -tzf - | wc -c,False,True,True,3
Q4_K_M:0,Q4_K_M,0,Limit the output of ls to the first 20 entries using head.,ls | head -n 20,ls | head -n 20,True,True,True,5
Q4_K_M:0,Q4_K_M,0,Schedule a daily backup at 2 am using cron (edit crontab),"(crontab -l 2>/dev/null; echo ""0 2 * * * /usr/local/bin/backup.sh"") | crontab -","(crontab -l ; echo ""0 2 * * * /usr/local/bin/daily_backup.sh"") | crontab -",False,True,True,4
Q4_K_M:0,Q4_K_M,0,Display the current swap usage in megabytes.,"free -m | awk '/Swap/ {print $3"" MB used""}'","free -m | awk '/Swap/ {print $3"" MB used, ""$4"" MB free""}'",False,True,True,4
Q4_K_M:0,Q4_K_M,0,Set the system date to 2025‑12‑31 23:59:00 (requires root).,"sudo date -s ""2025-12-31 23:59:00""","sudo date -s ""2025-12-31 23:59:00""",True,True,True,5
Q4_K_M:0,Q4_K_M,0,"Check the syntax of an Nginx configuration file ""/etc/nginx/nginx.conf""",nginx -t -c /etc/nginx/nginx.conf,sudo nginx -t -c /etc/nginx/nginx.conf,False,True,True,4
Q4_K_M:0,Q4_K_M,0,Create a compressed tar archive of the folder src,tar -czf archive.tar.gz src,tar -czvf src.tar.gz src/,False,True,True,5
Q4_K_M:0,Q4_K_M,0,Create a script to download a list of URLs using curl and save them to a specific directory,"mkdir -p ~/downloads && curl -s -L -o ~/downloads/$(basename ""$1"") ""$1""",while IFS= read -r url; do curl -o /downloads/${url##*/} $url; done < url_list.txt,False,True,True,3
Q4_K_M:0,Q4_K_M,0,Count how many files are in each subdirectory of the current folder and display the result.,"find . -maxdepth 1 -type d | xargs -I{} echo ""{}: $(find {} -type f | wc -l)""","for d in */; do echo -n ""$d: ""; find ""$d"" -type f | wc -l; done",False,True,True,4
Q4_K_M:0,Q4_K_M,0,Sort a file named 'file.txt' in ascending order,sort file.txt,sort file.txt,True,True,True,5
Q4_K_M:0,Q4_K_M,0,Create a new archive 'archive1.tar' from the files 'file1' and 'file2',tar -cvf archive1.tar file1 file2,tar cvf archive1.tar file1 file2,False,True,True,5
Q4_K_M:0,Q4_K_M,0,"Count the number of lines, words, and characters in file.txt",wc file.txt,wc file.txt,True,True,True,5
Q4_K_M:0,Q4_K_M,0,Print the environment variables,printenv,env,False,True,True,5
Q4_K_M:0,Q4_K_M,0,Restart a service on a systemd-based system,systemctl restart service_name,systemctl restart service,False,True,True,5
Q4_K_M:0,Q4_K_M,0,Batch convert PNG to JPEG,"for f in *.png; do convert ""$f"" ""${f%.png}.jpg""; done",mogrify -format jpg *.png,False,True,True,4
Q4_K_M:0,Q4_K_M,0,"Find all git repositories under /srv, and for each repository print the current branch and the number of uncommitted changes.","find /srv -type d -name .git -prune -print0 | xargs -0 -I{} git -C {} rev-parse --abbrev-ref HEAD 2>/dev/null | while IFS= read -r branch; do repo=$(dirname ""{}""); cd ""$repo"" || continue; changes=$(git status --porcelain | wc -l); echo ""$repo $branch $changes""; done","find /srv -type d -name .git -prune -print | while read gitdir; do repo=$(dirname ""$gitdir""); echo -n ""$repo: ""; (cd ""$repo"" && git rev-parse --abbrev-ref HEAD && git status --porcelain | wc -l | awk '{print $1"" uncommitted changes""}'); done",False,True,True,4
Q4_K_M:0,Q4_K_M,0,Display the current process's environment variables,printenv,printenv,True,True,True,5
Q4_K_M:0,Q4_K_M,0,"Find all empty directories under ""/var/www"" and delete them",find /var/www -type d -empty -delete,find /var/www -type d -empty -delete,True,True,True,5
Q4_K_M:0,Q4_K_M,0,"Replace the first occurrence of ""apple"" with ""orange"" on each line of ""fruits.txt"" and write the result to ""fruits_new.txt"".","sed -i '0,/apple/s//orange/' fruits.txt",sed 's/apple/orange/' fruits.txt > fruits_new.txt,False,True,True,2
Q4_K_M:0,Q4_K_M,0,Display the first 5 columns of a CSV file using awk,"awk -F',' 'NR>1 {print $1,$2,$3,$4,$5}' YOUR_FILE","awk -F',' '{print $1,$2,$3,$4,$5}' data.csv",False,True,True,4
Q4_K_M:0,Q4_K_M,0,"Create a Bash function that takes a git branch name, checks out the branch, rebases it onto origin/main, runs the test suite (make test), and if successful, pushes the branch; otherwise, aborts and returns to the previous branch.","git_rebase_push(){ local branch=""$1""; git checkout ""$branch"" && git rebase origin/main && make test && git push origin ""$branch"" || { git rebase --abort; git checkout ""$branch""; }; }","git_rebase_and_push() {
  local branch=$1 prev=$(git rev-parse --abbrev-ref HEAD)
  git checkout ""$branch"" && git fetch origin && git rebase origin/main && make test && git push origin ""$branch"" || { git rebase --abort; git checkout ""$prev""; }
}",False,True,True,4
Q4_K_M:0,Q4_K_M,0,Display the last 5 commands from the shell history,history | tail -n 5,history | tail -n 5,True,True,True,5
Q4_K_M:0,Q4_K_M,0,"Using grep and perl, replace every occurrence of a MAC address in a log file with the string ""[REDACTED]"" and write the result to a new file.",grep -oE '[0-9A-Fa-f]{2}[:-][0-9A-Fa-f]{2}[:-][0-9A-Fa-f]{2}[:-][0-9A-Fa-f]{2}[:-][0-9A-Fa-f]{2}' log.txt | perl -pe 's/([0-9A-Fa-f]{2}[:-]){5}/[REDACTED]/g' > redacted_log.txt,perl -pe 's/([0-9A-Fa-f]{2}:){5}[0-9A-Fa-f]{2}/[REDACTED]/g' /var/log/network.log > /var/log/network_redacted.log,False,True,True,2
Q4_K_M:0,Q4_K_M,0,Copy a directory named 'dir' to a remote server named 'server',scp -r dir user@server:/path/to/destination,scp -r dir server:dir,False,True,True,1
Q4_K_M:0,Q4_K_M,0,"Recursively replace all occurrences of the word ""ERROR"" with ""WARN"" in *.conf files under /etc/app, but only in files that contain the string ""critical"" somewhere in the file.","find /etc/app -type f -name ""*.conf"" -exec grep -Iq ""critical"" {} \; -print0 | xargs -0 -r sed -i 's/ERROR/WARN/g'",grep -rl 'critical' /etc/app --include='*.conf' | xargs sed -i 's/ERROR/WARN/g',False,True,True,4
Q4_K_M:0,Q4_K_M,0,Display the last 5 git commits that modified src/main.c,git -C /path/to/repo log -5 -- src/main.c,git log -n 5 --pretty=oneline -- src/main.c,False,True,True,3
Q4_K_M:0,Q4_K_M,0,Display the free memory,free -h,free -m,False,True,True,4
Q4_K_M:0,Q4_K_M,0,Create empty file quickly,touch YOUR_FILE,touch newfile,False,True,True,5
Q4_K_M:0,Q4_K_M,0,Show the current SELinux status,getenforce,sestatus,False,True,True,5
Q4_K_M:0,Q4_K_M,0,"Show the first 10 lines of a file named ""report.log"".",head -n 10 report.log,head -n 10 report.log,True,True,True,5
Q4_K_M:0,Q4_K_M,0,"Find all files with world‑writable permissions under /etc, list them with permissions and owner, and optionally fix them by removing the write bit.",find /etc -type f -perm -002 -exec ls -l {} \;,"find /etc -type f -perm -o=w -ls | awk '{print $3,$5,$11}' # To fix: find /etc -type f -perm -o=w -exec chmod o-w {} \;",False,True,True,4
Q4_K_M:0,Q4_K_M,0,"Replace all occurrences of ""localhost"" with ""127.0.0.1"" in the file hosts.conf, editing the file in place.",sed -i 's/localhost/127.0.0.1/g' hosts.conf,sed -i 's/localhost/127.0.0.1/g' hosts.conf,True,True,True,5
Q4_K_M:0,Q4_K_M,0,Display the SHA256 checksum of the file iso_image.iso.,sha256sum iso_image.iso,sha256sum iso_image.iso,True,True,True,5
Q4_K_M:0,Q4_K_M,0,"Find all duplicate files (by content) under /data, list each set of duplicates on a single line separated by spaces, and delete all but the oldest file in each set.",find /data -type f -exec md5sum {} + | sort | awk 'prev==$1{print $2} {prev=$1}' | xargs -I{} rm -f {},"fdupes -r /data | while read -r line; do set -- $line; oldest=$(stat -c %Y ""${1}""); keep=""${1}""; for f in ""$@""; do t=$(stat -c %Y ""$f""); if (( t < oldest )); then oldest=$t; keep=$f; fi; done; for f in ""$@""; do [[ $f != $keep ]] && rm -f ""$f""; done; echo ""$line""; done",False,True,True,1
Q4_K_M:0,Q4_K_M,0,"Show the difference between two directories ""dir1"" and ""dir2""",diff -qr dir1 dir2,diff -qr dir1 dir2,True,True,True,5
Q4_K_M:0,Q4_K_M,0,"Generate a report of disk usage per user on /home, showing user, total size in GiB, and number of files, sorted by size descending.","#!/usr/bin/env bash
du -s /home/* | awk '{print $2"" ""$1}' | sort -hr | while read size user; do
  size_gb=$(echo ""$size/1024"" | bc -l)
  files=$(find /home/$user -type f | wc -l)
  printf ""%s\t%.2fGiB\t%d files\n"" ""$user"" ""$size_gb"" ""$files""
done","du -sh /home/* 2>/dev/null | awk -F'/' '{print $3}' | while read user; do size=$(du -sb /home/$user 2>/dev/null | cut -f1); files=$(find /home/$user -type f 2>/dev/null | wc -l); printf ""%s\t%.2fGiB\t%d\n"" ""$user"" ""$(echo ""$size/1024/1024/1024"" | bc -l)"" ""$files""; done | sort -k2,2nr",False,True,True,3
Q4_K_M:0,Q4_K_M,0,Concatenate file1.txt and file2.txt into combined.txt,cat file1.txt file2.txt > combined.txt,cat file1.txt file2.txt > combined.txt,True,True,True,5
Q4_K_M:0,Q4_K_M,0,"Write a one‑liner that prints the number of lines added, deleted, and total changed files in the last git commit.",git show --stat HEAD,"git show --stat HEAD | awk '/files changed/ {added+=$4; deleted+=$6} END {print ""Added:"",added,""Deleted:"",deleted,""Files changed:"",NR}'",False,True,True,1
Q4_K_M:0,Q4_K_M,0,"Print the first field (username) of each line in ""/etc/passwd"".",cut -d: -f1 /etc/passwd,cut -d: -f1 /etc/passwd,True,True,True,5
Q4_K_M:0,Q4_K_M,0,"Find all symbolic links under /etc that point to files outside /etc, and list them with their target paths.","find /etc -xtype l -printf ""%p -> %l\n"" | grep -v '^/etc/'","find /etc -type l -printf ""%p -> %l\n"" | awk '$3 !~ /^\/etc/ {print $0}'",False,True,True,4
Q4_K_M:0,Q4_K_M,0,Find all symbolic links in /usr/bin that point to files not existing,"find /usr/bin -xtype l -print0 | xargs -0 -I{} sh -c 'if [ ! -e ""{}"" ]; then echo ""{}""; fi'",find /usr/bin -type l ! -exec test -e {} \; -print,False,True,True,4
Q4_K_M:0,Q4_K_M,0,"Monitor CPU usage every 5 seconds, log spikes above 80% to /var/tmp/cpu_spikes.log with a timestamp, and send an email alert after 3 consecutive spikes.","#!/usr/bin/env bash
spike_count=0
while true; do
  cpu_usage=$(top -bn1 | grep ""%Cpu"" | awk -F',' '{print $1}' | awk '{print $2}')
  if (( $(echo ""$cpu_usage > 80"" | bc -l) )); then
    echo ""$(date +%F_%T) CPU spike: $cpu_usage%"" >> /var/tmp/cpu_spikes.log
    ((spike_count++))
    if (( spike_count >= 3 )); then
      echo ""CPU spike detected 3 times, sending alert"" | mail -","spike_count=0
while sleep 5; do
  cpu=$(top -bn1 | grep ""%Cpu"" | awk '{print 100-$8}')
  if (( $(echo ""$cpu > 80"" | bc -l) )); then
    echo ""$(date +%F_%T) CPU=$cpu%"" >> /var/tmp/cpu_spikes.log
    ((spike_count++))
    if ((spike_count>=3)); then
      echo ""CPU spikes detected"" | mail -s ""CPU Alert"" admin@example.com
      spike_count=0
    fi
  else
    spike_count=0
  fi
done",False,True,False,1
Q4_K_M:0,Q4_K_M,0,"Find all files named ""config.yaml"" starting from the home directory","find ~ -type f -name ""config.yaml""",find ~ -type f -name config.yaml,False,True,True,5
Q4_K_M:0,Q4_K_M,0,Run a Python script named train.py with GPU support using CUDA_VISIBLE_DEVICES=0,CUDA_VISIBLE_DEVICES=0 python train.py,CUDA_VISIBLE_DEVICES=0 python train.py,True,True,True,5
Q4_K_M:0,Q4_K_M,0,Create a compressed tar archive of the /var/log directory named logs.tar.gz,tar -czf logs.tar.gz /var/log,tar -czvf logs.tar.gz /var/log,False,True,True,4
Q4_K_M:0,Q4_K_M,0,Create a systemd timer that runs /usr/local/bin/cleanup.sh daily at 02:30 and logs its output to /var/log/cleanup.log.,"cat <<'EOF' | sudo tee /etc/systemd/system/cleanup.timer
[Unit]
Description=Run cleanup script daily
[Timer]
OnCalendar=*-*-* 02:30:00
Persistent=true
[Install]
WantedBy=timers.target
EOF
cat <<'EOF' | sudo tee /etc/systemd/system/cleanup.service
[Unit]
Description=Run cleanup script
[Service]
ExecStart=/usr/local/bin/cleanup.sh
StandardOutput=append:/var/log/cleanup.log
StandardError=append:/var/log/cleanup.log
EOF
sudo systemctl daemon-reload","cat <<'EOF' > /etc/systemd/system/cleanup.service
[Unit]
Description=Daily cleanup
[Service]
Type=oneshot
ExecStart=/usr/local/bin/cleanup.sh
StandardOutput=append:/var/log/cleanup.log
StandardError=append:/var/log/cleanup.log
EOF
cat <<'EOF' > /etc/systemd/system/cleanup.timer
[Unit]
Description=Run cleanup daily at 02:30
[Timer]
OnCalendar=*-*-* 02:30:00
Persistent=true
[Install]
WantedBy=timers.target
EOF
systemctl daemon-reload && systemctl enable --now cleanup.timer",False,True,True,4
Q4_K_M:0,Q4_K_M,0,"Show the total size of all files in /var/www, displayed in human‑readable format.",du -sh /var/www,du -sh /var/www,True,True,True,5
Q4_K_M:0,Q4_K_M,0,Rename all .jpeg to .jpg in current folder.,"for f in *.jpeg; do mv ""$f"" ""${f%.jpeg}.jpg""; done","for f in *.jpeg; do mv ""$f"" ""${f%.jpeg}.jpg""; done",True,True,True,5
Q4_K_M:0,Q4_K_M,0,Find all symbolic links in /usr/local/bin that point to non‑existent files and remove those broken links.,"find /usr/local/bin -xtype l -print0 | xargs -0 -I{} sh -c 'if [ ! -e ""{}"" ]; then rm ""{}""; fi'",find /usr/local/bin -xtype l -exec rm -v {} +,False,True,True,5
Q4_K_M:0,Q4_K_M,0,Sort a file 'file.txt' in descending order,sort -r file.txt,sort -r file.txt,True,True,True,5
Q4_K_M:0,Q4_K_M,0,List all system logs,journalctl -o list-logs,ls /var/log,False,True,True,1
Q4_K_M:0,Q4_K_M,0,"Create a pipeline that reads a CSV file users.csv, filters rows where the age column >30, converts the result to JSON objects (one per line) using jq, and writes to users_over_30.jsonl.","jq -r 'select(.age > 30) | @csv' users.csv | while IFS=, read -r age name; do echo ""{\""age\"":$age,\""name\"":\""$name\""}""; done > users_over_30.jsonl","csvcut -c 1,2,3 users.csv | awk -F',' '$3>30 {print}' |
  jq -R -s 'split(""\n"") | .[] | select(length>0) | split("","") | {name: .[0], email: .[1], age: (.[2]|tonumber)}' > users_over_30.jsonl",False,True,True,4
Q4_K_M:0,Q4_K_M,0,Check the SHA256 checksum of file.iso,sha256sum file.iso,sha256sum file.iso,True,True,True,5
Q4_K_M:0,Q4_K_M,0,"Create a file with text ""config""","echo ""config"" > config.txt","$ echo ""config"" > settings.conf",False,True,True,5
Q4_K_M:0,Q4_K_M,0,"Show the difference between two files, file1.txt and file2.txt, ignoring whitespace differences.",diff -w file1.txt file2.txt,diff -w file1.txt file2.txt,True,True,True,5
Q4_K_M:0,Q4_K_M,0,"Count how many times each word appears in ""document.txt"" (case‑insensitive) and sort by frequency",tr -cs '[:alnum:]' '\n' < document.txt | tr '[:upper:]' '[:lower:]' | sort | uniq -c | sort -rn,tr '[:space:]' '\n' < document.txt | tr '[:upper:]' '[:lower:]' | grep -v '^$' | sort | uniq -c | sort -nr,False,True,True,3
Q4_K_M:0,Q4_K_M,0,"Find all files larger than 100 MB in ""/home/user""",find /home/user -type f -size +100M,find /home/user -type f -size +100M,True,True,True,5
Q4_K_M:0,Q4_K_M,0,Monitor real-time system resource usage,top,htop,False,True,True,5
Q4_K_M:0,Q4_K_M,0,Execute a command 'ls' and redirect both output and error to a file named 'output.txt',ls > output.txt 2>&1,ls &> output.txt,False,True,True,5
Q4_K_M:0,Q4_K_M,0,Show the current SELinux mode.,getenforce,getenforce,True,True,True,5
Q4_K_M:0,Q4_K_M,0,"Print the first field of each line in data.csv, assuming comma delimiter","cut -d',' -f1 data.csv","cut -d',' -f1 data.csv",True,True,True,5
Q4_K_M:0,Q4_K_M,0,Sort a file 'example.txt' in descending order,sort -r example.txt,sort -r example.txt,True,True,True,5
Q4_K_M:0,Q4_K_M,0,"Write a Bash one‑liner that extracts all IPv4 addresses from a log file, counts how many times each appears, and outputs those with more than 100 occurrences.","grep -oE '([0-9]{1,3}\.){3}[0-9]{1,3}' /var/log/syslog | sort | uniq -c | awk '$1>100 {print $0}'","grep -Eo '([0-9]{1,3}\.){3}[0-9]{1,3}' access.log | sort | uniq -c | awk '$1>100{print $2"" ""$1}'",False,True,True,3
Q4_K_M:0,Q4_K_M,0,Display the current date and time in ISO 8601 format.,date --iso-8601=seconds,date --iso-8601=seconds,True,True,True,5
Q4_K_M:0,Q4_K_M,0,Display the system's uptime,uptime,uptime,True,True,True,5
Q4_K_M:0,Q4_K_M,0,"Create a tar.gz archive of all modified .sh scripts in the last 7 days from the home directory, preserving permissions, and store it in /tmp with a timestamped name.","tar -czf ""/tmp/scripts_$(date +%Y%m%d_%H%M%S).tar.gz"" -C ""$HOME"" $(find ""$HOME"" -type f -name ""*.sh"" -mtime -7)","tar -czf ""/tmp/scripts_$(date +%Y%m%d_%H%M%S).tgz"" -C ~ $(find ~ -type f -name ""*.sh"" -mtime -7 -printf ""%P\n"")",False,True,True,3
Q4_K_M:0,Q4_K_M,0,"Replace the string ""foo"" with ""bar"" in file ""data.txt"" (in-place)",sed -i 's/foo/bar/g' data.txt,sed -i 's/foo/bar/g' data.txt,True,True,True,5
Q4_K_M:0,Q4_K_M,0,Mirror website with wget,wget --mirror --convert-links --adjust-extension --page-requisites https://example.com,wget --mirror --convert-links --adjust-extension --page-requisites --no-parent https://example.com,False,True,True,4
Q4_K_M:0,Q4_K_M,0,"Create a command that finds the 5 largest files in /var/lib/mysql, displays their sizes in human‑readable form, and writes the list to large_mysql_files.txt.",find /var/lib/mysql -type f -exec du -h {} + | sort -rh | head -n 5 > large_mysql_files.txt,find /var/lib/mysql -type f -exec du -h {} + | sort -hr | head -n 5 > large_mysql_files.txt,False,True,True,3
Q4_K_M:0,Q4_K_M,0,Show the top 10 lines of a CSV file with column headers,head -n 10 data.csv,head -n 10 data.csv,True,True,True,5
Q4_K_M:0,Q4_K_M,0,"Create a compressed bzip2 archive of the directory ""data"" named ""data.tar.bz2"".",tar -cjf data.tar.bz2 data,tar -cjf data.tar.bz2 data/,False,True,True,5
Q4_K_M:0,Q4_K_M,0,"List the 5 largest files (by size) in the user's home directory, showing size in human readable form and full path, sorted descending.","find ~ -type f -printf ""%s %p\n"" | sort -nr | head -n 5 | numfmt --field=1 --to=iec-i --suffix=B","find ""$HOME"" -type f -printf '%s %p\n' | sort -rn | head -5 | numfmt --to=iec-i --suffix=B --padding=7 | awk '{print $1"" ""$2}'",False,True,True,4
Q4_K_M:0,Q4_K_M,0,Display the current working directory in bold green text using ANSI escape codes.,"echo -e ""\033[1;32m$(pwd)\033[0m""","echo -e ""\033[1;32m$(pwd)\033[0m""",True,True,True,5
Q4_K_M:0,Q4_K_M,0,List the 5 largest files in the current directory and its subdirectories.,find . -type f -exec du -h {} + | sort -rh | head -n 5,find . -type f -exec du -h {} + | sort -rh | head -n 5,True,True,True,5
Q4_K_M:0,Q4_K_M,0,"List all files in the current directory, including hidden files",ls -a,ls -a,True,True,True,5
Q4_K_M:0,Q4_K_M,0,"Display the last 20 lines of ""/var/log/syslog"" and keep updating as new lines are added.",tail -n 20 -f /var/log/syslog,tail -n 20 -f /var/log/syslog,True,True,True,5
Q4_K_M:0,Q4_K_M,0,Display the current environment variables in alphabetical order.,env | sort,env | sort,True,True,True,5
Q4_K_M:0,Q4_K_M,0,Convert a PDF to text using pdftotext,pdftotext YOUR_PDF YOUR_OUTPUT,pdftotext document.pdf document.txt,False,True,True,5
Q4_K_M:0,Q4_K_M,0,Generate a random 32‑character alphanumeric password and copy it to the clipboard (Linux with xclip).,"tr -dc A-Za-z0-9 </dev/urandom | head -c32 | xclip -selection clipboard && echo ""Password copied to clipboard""","tr -dc 'A-Za-z0-9' </dev/urandom | head -c32 | xclip -selection clipboard && echo ""Password copied to clipboard""",False,True,True,5
Q4_K_M:0,Q4_K_M,0,Copy all .conf files from /etc/nginx to /backup/nginx preserving directory structure.,cp -r /etc/nginx/*.conf /backup/nginx/,rsync -av --include='*/' --include='*.conf' --exclude='*' /etc/nginx/ /backup/nginx/,False,True,True,1
Q4_K_M:0,Q4_K_M,0,"Recursively replace all occurrences of the string ""TODO"" with ""DONE"" in *.py files, but only in files that have been modified in the last 7 days.","find . -type f -name ""*.py"" -mtime -7 -exec sed -i 's/TODO/DONE/g' {} \;",find . -type f -name '*.py' -mtime -7 -exec sed -i 's/TODO/DONE/g' {} +,False,True,True,4
Q4_K_M:0,Q4_K_M,0,"List all processes owned by root that have opened network sockets, showing PID, command, and listening port, sorted by port number.",ss -tlnp | grep 'root' | awk 'NR>1 {print $5}' | cut -d: -f2 | sort -u,"ss -tulpn | awk '/^tcp/ && /root/ {split($5, a, "":""); printf ""%s %s %s\n"", $6, $7, a[2]}' | sort -k3,3n",False,True,True,1
Q4_K_M:0,Q4_K_M,0,"Write a one‑liner that replaces all occurrences of the word ""foo"" with ""bar"" in all "".conf"" files under /etc, but only in lines that are not commented out (i.e., do not start with #), preserving backup copies with extension .bak.","find /etc -type f -name ""*.conf"" -exec grep -v '^#' -E '^[^#]*foo' {} \; -print0 | xargs -0 sed -i.bak 's/foo/bar/g'","find /etc -type f -name ""*.conf"" -print0 | xargs -0 -I{} sed -i.bak '/^[[:space:]]*#/! s/\bfoo\b/bar/g' {}",False,True,True,1
Q4_K_M:0,Q4_K_M,0,Show calendar of current month,cal,$ cal,False,True,True,5
Q4_K_M:0,Q4_K_M,0,"Parse a JSON file, extract specific fields, and output them in CSV format","jq -r '.[] | [.name, .age, .city] | @csv' data.json > output.csv","jq -r '.[] | .name, .age, .city' data.json | paste -sd ','",False,True,True,5
Q4_K_M:0,Q4_K_M,0,Commit changes in a Git repository with a message 'Initial commit',git commit -m 'Initial commit',git commit -m 'Initial commit',True,True,True,5
Q4_K_M:0,Q4_K_M,0,Copy a file named 'example.txt' to the 'test' directory,cp example.txt test/,cp example.txt test,False,True,True,5
Q4_K_M:0,Q4_K_M,0,"List all files, including hidden ones, in long format",ls -la,ls -la,True,True,True,5
Q4_K_M:0,Q4_K_M,0,List the 5 most memory‑intensive processes sorted descending.,ps aux --sort=-%mem | head -n 6,ps aux --sort=-%mem | head -n 6,True,True,True,5
Q4_K_M:0,Q4_K_M,0,"Write a Bash script snippet that reads a CSV file of usernames and email addresses, creates a system user for each, sets a random password, and emails the credentials using mailx.","#!/usr/bin/env bash
csv=""users.csv""
while IFS=, read -r user email; do
  uid=$(echo ""$user"" | md5sum | cut -c1-3)
  gid=$(echo ""$user"" | md5sum | cut -c4-7)
  useradd -u $uid -g $gid -m ""$user""
  echo ""$user:$password"" | chpasswd
  echo ""Subject: Your credentials"" | mailx -s - ""$email"" <<< ""Username: $user\nPassword: $password""
done < ""$csv""","while IFS=, read -r user email; do sudo useradd -m ""$user"" && pass=$(openssl rand -base64 12) && echo ""$user:$pass"" | sudo chpasswd && echo -e ""Your account: $user\nPassword: $pass"" | mailx -s ""Your new account"" ""$email""; done < users.csv",False,True,True,1
Q4_K_M:0,Q4_K_M,0,Compress all .log files in /var/log into a single zip archive called logs.zip.,zip logs.zip /var/log/*.log,zip logs.zip /var/log/*.log,True,True,True,5
Q4_K_M:0,Q4_K_M,0,Display the contents of a file named 'file.txt',cat file.txt,cat file.txt,True,True,True,5
Q4_K_M:0,Q4_K_M,0,Change the permissions of a file called 'example.txt' to read-only,chmod 444 example.txt,chmod 444 example.txt,True,True,True,5
Q4_K_M:0,Q4_K_M,0,Display the current battery charge percentage (on a laptop),cat /sys/class/power_supply/BAT0/capacity,acpi -b | grep -P -o '[0-9]+(?=%)',False,True,True,5
Q4_K_M:0,Q4_K_M,0,"Create a new empty file named ""placeholder.txt""",touch placeholder.txt,touch placeholder.txt,True,True,True,5
Q4_K_M:0,Q4_K_M,0,Show the differences between the working tree and the last commit for file src/main.c,git diff --cached src/main.c,git diff src/main.c,False,True,True,1
Q4_K_M:0,Q4_K_M,0,Show disk usage of the current directory in human‑readable format,du -h,du -sh .,False,True,True,4
Q4_K_M:0,Q4_K_M,0,"Using find, locate all symbolic links under /usr/local that point to non‑existent targets and delete them.",find /usr/local -xtype l -print0 | xargs -0 rm,find /usr/local -xtype l -delete,False,True,True,5
Q4_K_M:0,Q4_K_M,0,Show the disk usage of the current directory in a human‑readable format,du -sh,du -sh .,False,True,True,5
Q4_K_M:0,Q4_K_M,0,Append the content 'Hello World' to the file 'file1',echo 'Hello World' >> file1,echo 'Hello World' >> file1,True,True,True,5
Q4_K_M:0,Q4_K_M,0,Monitor CPU usage every 2 seconds and display it in a compact format,"watch -n 2 ""echo CPU: $(top -b -n 1 | grep 'Cpu(s)' | awk '{print $2}' | tr -d '%')""","top -b -d 2 -n 1 | grep ""Cpu(s)""",False,True,True,4
Q4_K_M:0,Q4_K_M,0,Display the last login time for user bob,lastlog -u bob,last -n 1 bob | head -n 1,False,True,True,5
Q4_K_M:0,Q4_K_M,0,"Using perl, replace all dates in format DD/MM/YYYY in a text file with ISO format YYYY-MM-DD, and write the changes in-place.",perl -pi -e 's/(\d{2})\/(\d{2})\/(\d{4})/$3-\$2-\$1/g' file.txt,perl -i -pe 's/(\d{2})\/(\d{2})\/(\d{4})/$3-\$2-\$1/g' /path/file.txt,False,True,True,3
Q4_K_M:0,Q4_K_M,0,"Write a Bash function that accepts a directory and a file extension, finds the newest N files (default 10) with that extension, and creates a zip archive named after the directory and timestamp.","newest_zip(){ dir=""$1""; ext=""$2""; n=${3:-10}; archive=""${dir%/}_$(date +%Y%m%d_%H%M%S).zip""; find ""$dir"" -type f -name ""*.$ext"" -printf ""%T@ %p\n"" | sort -nr | head -n ""$n"" | cut -d' ' -f2- | xargs -d '\n' zip -@ ""$archive""; }","archive_recent(){ local dir=""$1""; local ext=""$2""; local n=${3:-10}; local ts=$(date +%Y%m%d_%H%M%S); local archive=""${dir##*/}_$ts.zip""; find ""$dir"" -type f -name ""*.$ext"" -printf '%T@ %p\n' | sort -nr | head -n ""$n"" | cut -d' ' -f2- | zip -@ ""$archive""; echo ""Created $archive""; }",False,True,True,4
Q4_K_M:0,Q4_K_M,0,"Replace the first occurrence of ""VERSION=1"" with ""VERSION=2"" in the file ""Makefile"" without creating a backup.","sed -i '0,/VERSION=1/s//VERSION=2/' Makefile","sed -i '0,/VERSION=1/s//VERSION=2/' Makefile",True,True,True,5
Q4_K_M:0,Q4_K_M,0,"Change the permissions of ""script.sh"" to be executable by the owner only",chmod 700 script.sh,chmod 700 script.sh,True,True,True,5
Q4_K_M:0,Q4_K_M,0,Print the first 100 characters of the string stored in the variable $LONG_TEXT.,"echo ""${LONG_TEXT:0:100}""","echo ""${LONG_TEXT}"" | cut -c1-100",False,True,True,5
Q4_K_M:0,Q4_K_M,0,Extract the contents of a zip archive named 'example.zip',unzip example.zip,unzip example.zip,True,True,True,5
Q4_K_M:0,Q4_K_M,0,"Count how many lines contain ""FAIL"" in results.log.","grep -c ""FAIL"" results.log","grep -c ""FAIL"" results.log",True,True,True,5
Q4_K_M:0,Q4_K_M,0,Set the file permissions of script.sh to be executable by the owner only,chmod 700 script.sh,chmod 700 script.sh,True,True,True,5
Q4_K_M:0,Q4_K_M,0,"Extract all JSON objects from a mixed log file, pretty‑print them with jq, and write the results to a new file named cleaned.json.",grep -a '{' mixed.log | grep -a '}' | jq -c . > cleaned.json,grep -o '{[^}]*}' mixed.log | jq -s '.' > cleaned.json,False,True,True,3
Q4_K_M:0,Q4_K_M,0,"Check the SHA256 checksum of ""download.iso""",sha256sum download.iso,sha256sum download.iso,True,True,True,5
Q4_K_M:0,Q4_K_M,0,"Monitor the file ""access.log"" in real time, showing new lines as they are added.",tail -F access.log,tail -f access.log,False,True,True,4
Q4_K_M:0,Q4_K_M,0,Show the current user's default editor,echo $EDITOR,echo $EDITOR,True,True,True,5
Q4_K_M:0,Q4_K_M,0,"Create a tarball of all .conf files that contain the word ""PasswordAuthentication"" (case‑insensitive) in /etc/ssh, preserving directory structure, and compress with xz, naming the archive with the current date.",tar -czf /tmp/ssh_config_$(date +%Y%m%d).tar.gz -C /etc/ssh --exclude='*' --exclude='*' --exclude='*' --exclude='*' --exclude='*' --exclude='*' --exclude='*' --exclude='*' --exclude='*' --exclude='*' --exclude='*' --exclude='*' --exclude='*' --exclude='*' --exclude='*' --exclude='*' --exclude='*' --exclude='*' --exclude='*' --exclude='*' --exclude='*' --exclude='*' --exclude='*' --exclude='*' --exclude='*' --exclude=',"tar -cJf ""ssh_conf_$(date +%F).tar.xz"" $(grep -ril ""PasswordAuthentication"" /etc/ssh --include='*.conf')",False,True,False,1
Q4_K_M:0,Q4_K_M,0,"Show the current CPU temperature (Linux, using sensors).",sensors | grep -i cpu | grep -i temp,sensors | grep 'Core',False,True,True,4
Q4_K_M:0,Q4_K_M,0,Reload the current shell's environment variables,source ~/.bashrc,source ~/.bashrc,True,True,True,5
Q4_K_M:0,Q4_K_M,0,"Print the size of each subdirectory in the current directory, sorted largest first",du -sh */ | sort -hr,du -sh */ | sort -hr,True,True,True,5
Q4_K_M:0,Q4_K_M,0,Print the number of CPU seconds used by the current shell process.,ps -p $$ -o cputime=,ps -p $$ -o cputime=,True,True,True,5
Q4_K_M:0,Q4_K_M,0,Show the last 20 lines of a file named report.txt,tail -n 20 report.txt,tail -n 20 report.txt,True,True,True,5
Q4_K_M:0,Q4_K_M,0,Show the last 5 git commit messages in one‑line format.,git log -5 --oneline,git log -5 --oneline,True,True,True,5
Q4_K_M:0,Q4_K_M,0,"Create a compressed tar archive named ""backup.tar.gz"" containing the directory ""project"" while preserving permissions.",tar -czvf backup.tar.gz project,tar -czvf backup.tar.gz project,True,True,True,5
Q4_K_M:0,Q4_K_M,0,"Write a Bash snippet that reads lines from stdin, groups them by the first field (space‑separated), and outputs each group preceded by the count of lines in that group.","awk '{a[$1]++} END {for (i in a) print a[i], i}'","awk '{count[$1]++; lines[$1]=lines[$1]""\n""$0} END {for (g in count) print count[g] "":"" lines[g]}'",False,True,True,3
Q4_K_M:0,Q4_K_M,0,List all running Docker containers with their names and ports,"docker ps --format ""{{.Names}}\t{{range .Ports}}{{.HostPort}}{{end}}""","docker ps --format ""{{.Names}}	{{.Ports}}""",False,True,True,3
Q4_K_M:0,Q4_K_M,0,"Extract all URLs from a log file, remove duplicates, and sort them in descending order based on the number of occurrences",grep -oE 'https?://[^[:space:]]+' /var/log/syslog | sort | uniq -c | sort -nr | awk '{print $2}',grep -oE 'https?://[^\s]+' access.log | sort | uniq -c | sort -rn | awk '{print $2}',False,True,True,4
Q4_K_M:0,Q4_K_M,0,Monitor the CPU usage of all processes in real time.,top -b -d 1,top,False,True,True,1
Q4_K_M:0,Q4_K_M,0,Display the first 10 lines of a file named data.txt,head -n 10 data.txt,head -n 10 data.txt,True,True,True,5
Q4_K_M:0,Q4_K_M,0,Copy a file called 'source.txt' to 'destination.txt',cp source.txt destination.txt,cp source.txt destination.txt,True,True,True,5
Q4_K_M:0,Q4_K_M,0,"Write a pipeline that extracts all JPEG image files from a tar archive without extracting the whole archive, and copies them to /tmp/images preserving directory hierarchy.",tar -tf archive.tar | grep -E '\.(jpg|jpeg)$' | tar -C /tmp -xf - --strip-components=1,"tar -tf archive.tar | grep '\.jpe?g$' | while read -r path; do mkdir -p ""/tmp/images/$(dirname ""$path"")""; tar -xf archive.tar ""$path"" -O > ""/tmp/images/$path""; done",False,True,True,2
Q4_K_M:0,Q4_K_M,0,"Write a Bash one‑liner that monitors the CPU temperature every 10 seconds for 5 minutes, logs timestamps and temperature to cpu_temp.log, and triggers an audible alert if temperature exceeds 80°C.","for i in {1..300}; do temp=$(awk '/^core\./ {print $2}' /proc/cpuinfo); echo ""$(date +%F_%T) $temp"" >> cpu_temp.log; if (( $(echo ""$temp > 80"" | bc -l) )); then echo ""High CPU temp $temp°C"" | festival --tts; fi; sleep 10; done","end=$((SECONDS+300)); while [ $SECONDS -lt $end ]; do t=$(sensors | awk '/^Package id 0:/ {print $4}' | tr -d '+°C'); echo ""$(date '+%F %T') $t"" >> cpu_temp.log; if (( $(echo ""$t > 80"" | bc -l) )); then paplay /usr/share/sounds/freedesktop/stereo/alarm-clock-elapsed.oga; fi; sleep 10; done",False,True,True,1
Q4_K_M:0,Q4_K_M,0,"Monitor a directory /var/spool for new files, and when a new file appears, compute its SHA‑1 hash and move it to /var/processed with the hash prefixed to the filename.","inotifywait -m -e create --format ""%w%f"" /var/spool | while read file; do sha1sum ""$file"" | awk '{print $1"" ""$2}' > ""/var/processed/${file}.sha1""; mv ""$file"" ""/var/processed/""; done","inotifywait -m -e create --format '%w%f' /var/spool | while read newfile; do hash=$(sha1sum ""$newfile"" | awk '{print $1}'); base=$(basename ""$newfile""); mv ""$newfile"" ""/var/processed/${hash}_$base""; echo ""Processed $newfile -> ${hash}_$base""; done",False,True,True,3
Q4_K_M:0,Q4_K_M,0,Find the top 5 processes consuming the most memory,ps aux --sort=-%mem | head -n 6,ps aux --sort=-%mem | head -n 6,True,True,True,5
Q4_K_M:0,Q4_K_M,0,"Stop and remove a Docker container with ID ""a1b2c3d4e5f6"".",docker rm -f a1b2c3d4e5f6,docker rm -f a1b2c3d4e5f6,True,True,True,5
Q4_K_M:0,Q4_K_M,0,Connect to a remote server named 'remote_server' using SSH,ssh remote_server,ssh remote_server,True,True,True,5
Q4_K_M:0,Q4_K_M,0,"Using sed, replace the version number in a file version.txt that matches the pattern vMAJOR.MINOR.PATCH (e.g., v2.3.4) with v$(date +%Y.%m.%d). Ensure only the first occurrence is changed.",sed -i 's/^v[0-9]\+\.[0-9]\+\.[0-9]\+$/v$(date +%Y.%m.%d)/' version.txt,"sed -i '0,/v[0-9]\+\.[0-9]\+\.[0-9]\+/s//v$(date +%Y.%m.%d)/' version.txt",False,True,True,2
Q4_K_M:0,Q4_K_M,0,"Run the command ""make"" and log both stdout and stderr to build.log",make > build.log 2>&1,make > build.log 2>&1,True,True,True,5
Q4_K_M:0,Q4_K_M,0,"Write a one‑liner that continuously monitors /proc/meminfo, and when free memory drops below 200 MiB, writes a warning with timestamp to /var/log/mem_warn.log.","while true; do mem=$(awk '/MemAvailable/ {print $2}' /proc/meminfo); if (( mem < 200*1024 )); then echo ""$(date +%F_%T) Low memory: $mem kB"" >> /var/log/mem_warn.log; fi; sleep 5; done","watch -n 5 ""awk '/MemFree/ {if(\$2<204800) print \""$(date +'%F %T') WARN: Low memory \$2 kB\"" >> /var/log/mem_warn.log}' /proc/meminfo""",False,True,True,3
Q4_K_M:0,Q4_K_M,0,"Create a symbolic link named ""latest.log"" pointing to ""log_2023_09_01.txt"".",ln -s log_2023_09_01.txt latest.log,ln -s log_2023_09_01.txt latest.log,True,True,True,5
Q4_K_M:0,Q4_K_M,0,Display the LVM logical volume status,lvdisplay YOUR_DEVICE,lvdisplay /dev/vg_example/lv_example,False,True,True,3
Q4_K_M:0,Q4_K_M,0,Clone a remote Git repository named 'example.git',git clone https://github.com/user/example.git,git clone example.git,False,True,True,3
Q4_K_M:0,Q4_K_M,0,Display the current swap usage in megabytes,"free -m | awk '/Swap/ {print $3"" MB used""}'","free -m | awk '/Swap/ {print $3"" MB used, ""$4"" MB free""}'",False,True,True,4
Q4_K_M:0,Q4_K_M,0,Display the unique lines of a file 'file.txt',sort file.txt | uniq,uniq file.txt,False,True,True,3
Q4_K_M:0,Q4_K_M,0,"Using ffmpeg, batch‑convert all .mov videos in ~/videos to .mp4 with H.264 video codec and AAC audio, preserving original filenames, and store them in ~/converted.","mkdir -p ~/converted && for f in ~/videos/*.mov; do ffmpeg -i ""$f"" -c:v libx264 -c:a aac -strict experimental ""${f%.mov}.mp4"" && mv ""${f%.mov}.mp4"" ~/converted/; done","mkdir -p ~/converted; for f in ~/videos/*.mov; do ffmpeg -i ""$f"" -c:v libx264 -c:a aac ""~/converted/$(basename ""${f%.*}"").mp4""; done",False,True,True,4
Q4_K_M:0,Q4_K_M,0,"Print the first 5 fields of each line in ""data.csv"" using comma as delimiter","cut -d',' -f1-5 data.csv","cut -d',' -f1-5 data.csv",True,True,True,5
Q4_K_M:0,Q4_K_M,0,Change the permissions of a file named 'file.txt' to '755',chmod 755 file.txt,chmod 755 file.txt,True,True,True,5
Q4_K_M:2,Q4_K_M,2,"Convert the image ""photo.png"" to a JPEG with 80% quality using ImageMagick.",convert photo.png -quality 80 photo.jpg,convert photo.png -quality 80 photo.jpg,True,True,True,5
Q4_K_M:2,Q4_K_M,2,"Using find, locate all .sh files that contain the string ""TODO"", replace it with ""DONE"" in‑place, and create a backup of each modified file with a .bak extension.","find . -type f -name ""*.sh"" -exec grep -l ""TODO"" {} \; | while read -r file; do
  grep -l ""TODO"" ""$file"" | xargs -r sed -i.bak 's/TODO/DONE/g'
done","find . -type f -name ""*.sh"" -exec grep -l ""TODO"" {} + | while read -r f; do cp ""$f"" ""$f.bak""; sed -i 's/TODO/DONE/g' ""$f""; done",False,True,True,3
Q4_K_M:2,Q4_K_M,2,"Download a file with progress bar and resume capability from ""https://example.com/large.iso"".",wget --progress=bar https://example.com/large.iso,wget -c https://example.com/large.iso,False,True,True,3
Q4_K_M:2,Q4_K_M,2,Sort the contents of unsorted.txt alphabetically and remove duplicates.,sort -u unsorted.txt,sort -u unsorted.txt > sorted_unique.txt,False,True,True,5
Q4_K_M:2,Q4_K_M,2,Show the 10 most recent entries in the system journal,journalctl -n 10,journalctl -n 10 --no-pager,False,True,True,4
Q4_K_M:2,Q4_K_M,2,Show the current load averages,cat /proc/loadavg,cat /proc/loadavg,True,True,True,5
Q4_K_M:2,Q4_K_M,2,Create RAM disk 1G,sudo mount -t tmpfs -o size=1G tmpfs /mnt/ramdisk,sudo mkdir -p /mnt/ram && sudo mount -t tmpfs -o size=1G tmpfs /mnt/ram,False,True,True,3
Q4_K_M:2,Q4_K_M,2,Create alias ll for ls -la,alias ll='ls -la',$ alias ll='ls -la',False,True,True,5
Q4_K_M:2,Q4_K_M,2,Display the first 10 lines of a file named data.log,head -n 10 data.log,head -n 10 data.log,True,True,True,5
Q4_K_M:2,Q4_K_M,2,"Download a file from ""https://example.com/file.tar.gz"" using wget",wget https://example.com/file.tar.gz,wget https://example.com/file.tar.gz,True,True,True,5
Q4_K_M:2,Q4_K_M,2,Find all Python files that contain the string 'TODO',"grep -R ""TODO"" --include=""*.py"" .","grep -R ""TODO"" --include='*.py' .
./module/utils.py:# TODO: refactor this function",False,True,True,5
Q4_K_M:2,Q4_K_M,2,"Create a command that monitors /var/log/syslog for lines containing the word ""CRITICAL"", extracts the timestamp and the message, and sends an email alert with the extracted info to admin@example.com using sendmail.","tail -F /var/log/syslog | grep --line-buffered ""CRITICAL"" | while read -r line; do ts=$(echo ""$line"" | awk '{print $1"" ""$2"" ""$3}'); msg=$(echo ""$line"" | awk '{print $4"" ""$5"" ""$6"" ""$7"" ""$8"" ""$9"" ""$10"" ""$11"" ""$12"" ""$13"" ""$14"" ""$15"" ""$16"" ""$17"" ""$18"" ""$19"" ""$20"" ""$21"" ""$22"" ""$2","tail -F /var/log/syslog | grep --line-buffered 'CRITICAL' | while read -r line; do
  ts=$(echo ""$line"" | awk '{print $1"" ""$2"" ""$3}')
  msg=$(echo ""$line"" | cut -d' ' -f4-)
  printf ""Subject: Critical alert\n\nTime: %s\nMessage: %s\n"" ""$ts"" ""$msg"" | sendmail admin@example.com
done &",False,True,False,1
Q4_K_M:2,Q4_K_M,2,Create a user called alice with a home directory and bash shell,sudo useradd -m -s /bin/bash alice,sudo useradd -m -s /bin/bash alice,True,True,True,5
Q4_K_M:2,Q4_K_M,2,"Show the last 20 lines of the Apache access log, but only the IP addresses.",tail -n 20 /var/log/apache2/access.log | awk '{print $1}',tail -n 20 /var/log/apache2/access.log | awk '{print $1}',True,True,True,5
Q4_K_M:2,Q4_K_M,2,"List the 10 largest files in /home, sorted descending.",find /home -type f -exec du -h {} + | sort -rh | head -n 10,find /home -type f -exec du -h {} + | sort -rh | head -n 10,True,True,True,5
Q4_K_M:2,Q4_K_M,2,Extend a LVM logical volume,lvextend -L +500M /dev/vg_example/lv_example,lvextend -L +100M /dev/vg_example/lv_example,False,True,True,3
Q4_K_M:2,Q4_K_M,2,"Using perl, replace any occurrence of dates in MM/DD/YYYY format in all .txt files under /data with ISO format YYYY‑MM‑DD, editing files in‑place.",perl -pi -e 's/(\d{2})\/(\d{2})\/(\d{4})/$3-$2-$1/g' /data/*.txt,find /data -type f -name '*.txt' -print0 | xargs -0 perl -i -pe 's/(\d{2})\/(\d{2})\/(\d{4})/$3-\$1-\$2/g',False,True,True,3
Q4_K_M:2,Q4_K_M,2,Show the current user and their groups,id -a,id,False,True,True,5
Q4_K_M:2,Q4_K_M,2,Show the last login time for the current user,lastlog -u $USER,last -n 1 $(whoami),False,True,True,4
Q4_K_M:2,Q4_K_M,2,Show the current shell's process ID,echo $$,echo $$,True,True,True,5
Q4_K_M:2,Q4_K_M,2,Create a new system group named 'example',groupadd example,groupadd example,True,True,True,5
Q4_K_M:2,Q4_K_M,2,"Show the 3 most frequently occurring words in ""book.txt"" (ignore case, strip punctuation).",tr -cs '[:alnum:]' '\n' < book.txt | tr '[:upper:]' '[:lower:]' | sort | uniq -c | sort -rn | head -n 3,"tr -c ""[:alnum:]"" ""\n"" < book.txt | tr '[:upper:]' '[:lower:]' | sort | uniq -c | sort -nr | head -n 3",False,True,True,4
Q4_K_M:2,Q4_K_M,2,"Using sed, transform a configuration file /etc/app.conf by commenting out any line that starts with ""debug="" and appending a new line ""debug=off"" at the end of the file, all in-place.",sed -i '/^debug=/s/^/#/' /etc/app.conf && echo 'debug=off' >> /etc/app.conf,sed -i '/^debug=/s/^/#/' /etc/app.conf && echo 'debug=off' >> /etc/app.conf,True,True,True,5
Q4_K_M:2,Q4_K_M,2,"Show the difference between two directories dirA and dirB, ignoring empty files.",diff -qr dirA dirB --brief,"diff -qr dirA dirB | grep -v ""Only in""",False,True,True,1
Q4_K_M:2,Q4_K_M,2,Create a 1 GB file filled with zeros named zero.bin.,dd if=/dev/zero of=zero.bin bs=1M count=1024,dd if=/dev/zero of=zero.bin bs=1M count=1024,True,True,True,5
Q4_K_M:2,Q4_K_M,2,Create a new group,groupadd YOUR_GROUP,groupadd newgroup,False,True,True,5
Q4_K_M:2,Q4_K_M,2,"Kill all processes named ""node""",pkill node,pkill node,True,True,True,5
Q4_K_M:2,Q4_K_M,2,Print the current working directory in bold text using ANSI escape codes.,"echo -e ""\033[1m$(pwd)\033[0m""","printf ""\e[1m$(pwd)\e[0m\n""",False,True,True,5
Q4_K_M:2,Q4_K_M,2,"Create a Bash function that takes a directory and a file extension, calculates the total size of all files with that extension, and prints the size in megabytes with three decimal places.","size_of_files(){
  dir=""$1""
  ext=""$2""
  size=$(find ""$dir"" -type f -name ""*.$ext"" -exec du -sm {} + | awk '{s+=$1} END {print s}')
  printf ""%.3f MB\n"" ""$size""
}","total_size() {
  local dir=""$1""
  local ext=""$2""
  local bytes=$(find ""$dir"" -type f -name ""*.$ext"" -printf ""%s\n"" | awk '{total+=$1} END {print total}')
  printf ""Total size: %.3f MB\n"" ""$(echo ""scale=6; $bytes/1024/1024"" | bc)""
}",False,True,True,4
Q4_K_M:2,Q4_K_M,2,Create a new git repository in the current directory,git init,git init,True,True,True,5
Q4_K_M:2,Q4_K_M,2,"Show the top 10 lines of the output of ""dmesg"" that contain the word ""usb""",dmesg | grep usb | head -n 10,dmesg | grep -i usb | head -n 10,False,True,True,3
Q4_K_M:2,Q4_K_M,2,Count the number of lines in input.txt,wc -l < input.txt,"$ wc -l input.txt
42",False,True,True,5
Q4_K_M:2,Q4_K_M,2,Create a new archive 'archive.tar' from a directory 'example',tar -cvf archive.tar example,tar -cvf archive.tar example,True,True,True,5
Q4_K_M:2,Q4_K_M,2,Check whether the port 3306 is listening on the local machine.,ss -ltn | grep ':3306 ',ss -tuln | grep ':3306',False,True,True,4
Q4_K_M:2,Q4_K_M,2,"Merge the branch ""dev"" into the current branch without fast‑forward",git merge --no-ff dev,git merge --no-ff dev,True,True,True,5
Q4_K_M:2,Q4_K_M,2,Show last 20 lines of syslog,tail -n 20 /var/log/syslog,sudo tail -n 20 /var/log/syslog,False,True,True,4
Q4_K_M:2,Q4_K_M,2,Show the file type of the file 'example.txt',file example.txt,file example.txt,True,True,True,5
Q4_K_M:2,Q4_K_M,2,Show the IP address and hostname of the machine,hostname -I,hostname -I && hostname,False,True,True,3
Q4_K_M:2,Q4_K_M,2,"Provide a Bash one‑liner that reads a large JSON array from stdin, streams each object to jq to extract the ""id"" and ""status"" fields, and writes them as CSV rows to output.csv without loading the entire array into memory.","jq -c 'map({id: .id, status: .status})' | while read -r obj; do echo ""${obj}""; done > output.csv","jq -r '.[] | [.id, .status] | @csv' > output.csv",False,True,True,1
Q4_K_M:2,Q4_K_M,2,"Find and replace the string ""VERSION=1.0"" with ""VERSION=2.0"" in all ""Makefile"" files recursively.","find . -type f -name ""Makefile"" -exec sed -i 's/VERSION=1.0/VERSION=2.0/g' {} \;","find . -type f -name ""Makefile"" -exec sed -i 's/VERSION=1\.0/VERSION=2.0/g' {} +",False,True,True,3
Q4_K_M:2,Q4_K_M,2,Show the total number of files in the current directory and its subdirectories,find . -type f | wc -l,find . -type f | wc -l,True,True,True,5
Q4_K_M:2,Q4_K_M,2,"Find all Docker containers that have been exited for more than 24 hours and remove them, then output the IDs of removed containers.","docker ps -a --filter ""status=exited"" --format ""{{.ID}} {{.RunningFor}}"" | while read id time; do if [[ $time == *""days""* ]] && (( $(echo $time | grep -o '[0-9]\+' | head -1) > 24 )); then docker rm ""$id""; echo ""Removed container $id""; fi; done","ids=$(docker ps -a --filter 'status=exited' --filter 'exited=24h' -q); [ -n ""$ids"" ] && docker rm $ids && echo ""Removed containers: $ids"" || echo ""No containers to remove""",False,True,True,3
Q4_K_M:2,Q4_K_M,2,Extract the third column from a space‑separated file and sort it uniquely,cut -d' ' -f3 YOUR_FILE | sort -u,cut -d' ' -f3 data.txt | sort -u,False,True,True,5
Q4_K_M:2,Q4_K_M,2,Print the number of CPU cores,nproc,nproc,True,True,True,5
Q4_K_M:2,Q4_K_M,2,"Download the file https://example.com/archive.tar.gz and save it as /tmp/archive.tar.gz, showing a progress bar.",wget --progress=bar https://example.com/archive.tar.gz -O /tmp/archive.tar.gz,curl -L --progress-bar https://example.com/archive.tar.gz -o /tmp/archive.tar.gz,False,True,True,5
Q4_K_M:2,Q4_K_M,2,"Search recursively for the pattern ""TODO"" in the src/ directory and show line numbers","grep -Rn ""TODO"" src/","grep -R ""TODO"" -n src/",False,True,True,5
Q4_K_M:2,Q4_K_M,2,Start a system service named 'service_name',systemctl start service_name,systemctl start service_name,True,True,True,5
Q4_K_M:2,Q4_K_M,2,Add a user named 'example' to a group named 'example',usermod -aG example example,usermod -aG example example,True,True,True,5
Q4_K_M:2,Q4_K_M,2,Find all files larger than 100 MB in /var and list their sizes in a human‑readable format.,find /var -type f -size +100M -exec du -h {} +,"find /var -type f -size +100M -exec ls -lh {} + | awk '{print $5, $9}'",False,True,True,4
Q4_K_M:2,Q4_K_M,2,Change the permissions of the directory /var/www to 750 recursively.,chmod -R 750 /var/www,chmod -R 750 /var/www,True,True,True,5
Q4_K_M:2,Q4_K_M,2,Show the IP addresses of all network interfaces,ip -brief address,ip -brief address,True,True,True,5
Q4_K_M:2,Q4_K_M,2,"Using find, locate all executable files in /usr/local/bin that have been modified in the last week, and create a tar archive named recent_bins.tar containing them while preserving permissions.",find /usr/local/bin -type f -executable -mtime -7 -print0 | tar --null -czf recent_bins.tar --files-from=-,find /usr/local/bin -type f -executable -mtime -7 -print0 | tar --null -cvf recent_bins.tar --files-from=-,False,True,True,3
Q4_K_M:2,Q4_K_M,2,"Using awk, compute the average response time from an Nginx access log assuming the response time is the last field in each line.",awk '{sum+=$NF} END {print sum/NR}' /var/log/nginx/access.log,"awk '{sum+=$NF; cnt++} END {if (cnt>0) printf ""Average response time: %.3f\n"", sum/cnt}' /var/log/nginx/access.log",False,True,True,4
Q4_K_M:2,Q4_K_M,2,"Append the line 'alias ll=""ls -la""' to ~/.bashrc","echo 'alias ll=""ls -la""' >> ~/.bashrc","echo 'alias ll=""ls -la""' >> ~/.bashrc",True,True,True,5
Q4_K_M:2,Q4_K_M,2,List all Docker images that are not currently used by any container (dangling).,"docker images --filter ""dangling=true"" -q",docker images -f dangling=true,False,True,True,5
Q4_K_M:2,Q4_K_M,2,"Decompress ""archive.gz"" and write output to ""archive""",gunzip -c archive.gz > archive,gunzip -c archive.gz > archive,True,True,True,5
Q4_K_M:2,Q4_K_M,2,"Create a temporary file and write ""Hello World"" into it, then display its path","tmpfile=$(mktemp) && echo ""Hello World"" > ""$tmpfile"" && echo ""$tmpfile""","tmpfile=$(mktemp) && echo ""Hello World"" > ""$tmpfile"" && echo ""$tmpfile""",True,True,True,5
Q4_K_M:2,Q4_K_M,2,"Convert all spaces at the beginning of lines in ""script.sh"" to tabs (assuming 4 spaces per tab).",sed -i 's/^\s*$/\t/' script.sh,expand -t 4 -i script.sh > script_tmp.sh && mv script_tmp.sh script.sh,False,True,True,3
Q4_K_M:2,Q4_K_M,2,Show the current firewall rules using iptables,sudo iptables -L -n,sudo iptables -L -v -n,False,True,True,4
Q4_K_M:2,Q4_K_M,2,"Create a new virtual environment named ""venv"" using Python 3",python3 -m venv venv,python3 -m venv venv,True,True,True,5
Q4_K_M:2,Q4_K_M,2,"Check the syntax of the Bash script ""deploy.sh"" without executing it.",bash -n deploy.sh,bash -n deploy.sh,True,True,True,5
Q4_K_M:2,Q4_K_M,2,"Find all services that are enabled but not currently running, and start them automatically.","systemctl list-units --type=service --state=enabled --no-legend | awk '{print $1}' | while read svc; do if ! systemctl is-active --quiet ""$svc""; then systemctl enable ""$svc"" && systemctl start ""$svc""; fi; done","systemctl list-unit-files --type=service --state=enabled | awk 'NR>1{print $1}' | while read svc; do
  if ! systemctl is-active --quiet ""$svc""; then
    systemctl start ""$svc""
  fi
done",False,True,True,3
Q4_K_M:2,Q4_K_M,2,"List the top 10 IP addresses accessing the Apache access log, sorted by request count, and output the result as a JSON array of objects with fields ""ip"" and ""hits"".","awk '{print $1}' /var/log/apache2/access.log | sort | uniq -c | sort -nr | head -n 10 | while read cnt ip; do echo ""{\""ip\"": \""$ip\"", \""hits\"": $cnt}""; done | jq -s '.'","#!/usr/bin/env bash
awk '{print $1}' /var/log/apache2/access.log | sort | uniq -c | sort -nr | head -10 \
    | awk '{print ""{\""ip\"": \""""$2""\"", \""hits\"": ""$1""}""}' \
    | jq -s '.'",False,True,True,4
Q4_K_M:2,Q4_K_M,2,"Use sed to replace all occurrences of a specific string in a file, and then use diff to compare the original and modified files",sed 's/old_string/new_string/g' file.txt > file_modified.txt; diff file.txt file_modified.txt,sed 's/old_string/new_string/g' file.txt > modified_file.txt; diff file.txt modified_file.txt,False,True,True,5
Q4_K_M:2,Q4_K_M,2,"Create a command that finds all files larger than 1 GiB, moves them to /mnt/large_files preserving directory structure, and logs the original and new paths to /var/log/large_file_moves.log.","#!/usr/bin/env bash
find / -type f -size +1G -print0 | while IFS= read -r -d '' file; do
  rel=${file#/}
  dest=/mnt/large_files/$rel
  mkdir -p ""$(dirname ""$dest"")""
  mv ""$file"" ""$dest"" && echo ""$(date +%F_%T) $file -> $dest"" >> /var/log/large_file_moves.log
done","find / -type f -size +1G -print0 | while IFS= read -r -d '' f; do rel=${f#/}; dest=""/mnt/large_files/$rel""; mkdir -p ""$(dirname ""$dest"")"" && mv ""$f"" ""$dest"" && echo ""$(date +%F_%T) $f -> $dest"" >> /var/log/large_file_moves.log; done",False,True,True,5
Q4_K_M:2,Q4_K_M,2,"Generate a report of disk usage per user on /home, sorted descending, and output as a JSON array.","printf '['; find /home -type f -printf '%u %s\n' | sort | uniq -c | sort -nr | while IFS=' ' read -r count user size; do printf '{""user"":""%s"",""size"":%s},'; done; printf ']';","du -sh /home/* 2>/dev/null | \
  awk '{print $2"":""$1}' | \
  while IFS="":"" read user size; do echo ""{\""user\"":\""${user#/home/}\"",\""size\"":\""$size\""}""; done | \
  jq -s 'sort_by(.size|sub(""[KMG]$"";"""";""g"")|tonumber) | reverse'",False,True,True,1
Q4_K_M:2,Q4_K_M,2,"Write a Bash script that generates a histogram of HTTP response codes from an Apache log, using awk to count each code and then printing a simple bar chart with '*' characters.","#!/usr/bin/env bash
awk '{print $9}' /var/log/apache2/access.log | sort | uniq -c | while read count code; do echo -n ""$code ""; for ((i=0;i<count;i++)); do echo -n '*'; done; echo; done","#!/usr/bin/env bash\nlog=/var/log/apache2/access.log\nawk '{print $9}' ""$log"" |\n  sort | uniq -c |\n  awk '{printf ""%s %s %s\n"", $2, $1, sprintf(""%*s"", $1, """").gsub(/ /,""*"")}'",False,True,True,4
Q4_K_M:2,Q4_K_M,2,List the files in a package named 'example',dpkg -L example,dpkg -L example,True,True,True,5
Q4_K_M:2,Q4_K_M,2,"Show detailed information of files in the /var/log directory, sorted by size descending.",find /var/log -type f -exec du -h {} + | sort -hr,ls -lhS /var/log,False,True,True,4
Q4_K_M:2,Q4_K_M,2,Schedule a one‑time system shutdown at 23:30 today.,sudo shutdown -h now,sudo shutdown -h 23:30,False,True,True,2
Q4_K_M:2,Q4_K_M,2,"Using only bash and coreutils, generate a progress bar that shows the copy progress of a 5 GiB file src.bin to /mnt/backup/src.bin, updating every second.","#!/usr/bin/env bash
src=""/path/to/src.bin""
dest=""/mnt/backup/src.bin""
size=$(stat -c%s ""$src"")
start=$(date +%s)
while [ $(stat -c%s ""$dest"") -lt $size ]; do
  cp --progress ""$src"" ""$dest""
  sleep 1
done
end=$(date +%s)
echo ""Copied in $(($end-$start)) seconds""","{ dd if=src.bin of=/mnt/backup/src.bin bs=4M status=none & pid=$!; while kill -0 $pid 2>/dev/null; do copied=$(stat --format=%s /mnt/backup/src.bin 2>/dev/null || echo 0); percent=$(( copied*100/5368709120 )); printf ""\rProgress: [%-50s] %3d%%"" $(printf ""#""{1..$((percent/2))}) $percent; sleep 1; done; wait $pid; echo; }",False,True,True,3
Q4_K_M:2,Q4_K_M,2,"Print the contents of ""data.json"" with syntax highlighting using ""jq""",jq . data.json,"jq . data.json
{
  ""name"": ""example"",
  ""value"": 42
}",False,True,True,5
Q4_K_M:2,Q4_K_M,2,Remove the directory temp_dir and all its contents without prompting,rm -rf temp_dir,rm -rf temp_dir,True,True,True,5
Q4_K_M:2,Q4_K_M,2,"Write a Bash one‑liner that lists all users on the system who have not logged in for more than 90 days, using /var/log/lastlog, and disables their accounts with usermod.","awk -F: '($3>=500){print $1}' /etc/passwd | while read user; do lastlog -u ""$user"" | awk 'NR==2{print $1}' | grep -q -E '^[0-9]{2}\/[0-9]{2}\/[0-9]{2}$' && lastlog -u ""$user"" | awk 'NR==2{print $4}' | grep -q -E '^[0-9]{2}\/[0-9]{2}\/[0-9]{2}$' && lastlog","while IFS=: read -r user _ uid _ _ _ _; do
  if ((uid>=1000)); then
    last=$(lastlog -u ""$user"" | awk 'NR==2 {print $4,$5,$6}')
    if [[ ""$last"" == '**Never logged in**' ]] || (( $(date -d ""$last"" +%s) < $(date -d '-90 days' +%s) )); then
      usermod -L ""$user""
    fi
  fi
done < <(cut -d: -f1,3 /etc/passwd)",False,True,False,1
Q4_K_M:2,Q4_K_M,2,"List all Docker images sorted by size, showing the top 5","docker images --format ""{{.Repository}} {{.Tag}} {{.Size}}"" | sort -hr | head -n 5","docker images --format ""{{.Repository}}:{{.Tag}} {{.Size}}"" | sort -k2 -h | tail -n 5",False,True,True,3
Q4_K_M:2,Q4_K_M,2,"Copy the local file report.pdf to the remote host /tmp directory using scp, preserving timestamps.",scp -p report.pdf user@remote:/tmp,scp -p report.pdf user@example.com:/tmp/,False,True,True,3
Q4_K_M:2,Q4_K_M,2,Extract the contents of a compressed archive named 'archive.tar.gz',tar -xzvf archive.tar.gz,tar -xzvf archive.tar.gz,True,True,True,5
Q4_K_M:2,Q4_K_M,2,Create a new file named 'example.txt' and write 'Hello World' to it,echo 'Hello World' > example.txt,echo 'Hello World' > example.txt,True,True,True,5
Q4_K_M:2,Q4_K_M,2,Generate a random UUID and print it.,uuidgen,uuidgen,True,True,True,5
Q4_K_M:2,Q4_K_M,2,"Write a Bash one-liner that lists the 5 largest files in /var/www, showing size in human readable format and full path, sorted descending.",find /var/www -type f -exec du -h {} + | sort -hr | head -n 5,"#!/usr/bin/env bash
find /var/www -type f -exec du -h {} + | sort -hr | head -5",False,True,True,5
Q4_K_M:2,Q4_K_M,2,"Write a Bash one‑liner that prints the number of CPUs, total memory in GB, and the system uptime in days, formatted as JSON.","printf '{""cpus"": %d, ""mem_gb"": %.2f, ""uptime_days"": %.2f}\n' ""$(nproc)"" ""$(awk '/MemTotal/ {printf ""%.2f"", $2/1024}' /proc/meminfo)"" ""$(awk '/Uptime/ {print $1}' /proc/uptime | cut -d. -f1)""","printf '{""cpus"":%d,""memory_gb"":%.2f,""uptime_days"":%.2f}\n' ""$(nproc)"" ""$(awk '/MemTotal/ {printf $2/1024/1024}' /proc/meminfo)"" ""$(awk '{print $1/86400}' /proc/uptime)""",False,True,True,3
Q4_K_M:2,Q4_K_M,2,"Create a Bash function that accepts a git branch name, checks out the branch, rebases it onto master, runs the test suite, and if successful, pushes the branch; otherwise, aborts the rebase and returns to the previous branch.","git_rebase_test() {
  local branch=""$1""
  git checkout ""$branch"" && git rebase master && git push origin ""$branch"" || {
    git rebase --abort && git checkout ""$branch""
    echo ""Rebase failed, aborting""
  }
}","git_sync(){ local branch=""$1""; local cur=$(git rev-parse --abbrev-ref HEAD); git checkout ""$branch"" && git rebase master && if ./run_tests.sh; then git push origin ""$branch""; else git rebase --abort && git checkout ""$cur""; fi; }",False,True,True,3
Q4_K_M:2,Q4_K_M,2,Create a zip archive of the 'example' directory,zip -r example.zip example,zip -r example.zip example,True,True,True,5
Q4_K_M:2,Q4_K_M,2,"Create a pipeline that reads a large log file, extracts JSON objects embedded in lines, pretty-prints them with jq, and writes to json_logs.txt, handling malformed JSON gracefully.",grep -a '{' large.log | grep -a '}' | jq -c . 2>/dev/null | tee json_logs.txt,"grep -o '{.*}' large.log |
  while read line; do
    echo ""$line"" | jq . 2>/dev/null || echo ""Malformed JSON: $line"" >> errors.log
  done > json_logs.txt",False,True,True,2
Q4_K_M:2,Q4_K_M,2,"Using curl, download the latest release tarball of jq from GitHub API, verify its SHA256 checksum against the value returned by the API, and extract it to ~/tools/jq_latest/ if verification succeeds.","api_url=""https://api.github.com/repos/jqlang/jq/releases/latest""
curl -sSL ""$api_url"" | jq -r '.assets[] | select(.name|endswith("".tar.gz"")) | .browser_download_url' | while read -r url; do
  filename=$(basename ""$url"")
  curl -sSL ""$url"" -o ""$filename""
  expected=$(curl -sSL ""$api_url"" | jq -r '.assets[] | select(.name==""jq-linux64.tar.gz"") | .checksums.sha256')
  actual=$(sha256sum ""$filename""","url=$(curl -s https://api.github.com/repos/stedolan/jq/releases/latest | jq -r '.assets[] | select(.name|test(""jq-.*\.tar\.gz"")) | .browser_download_url'); checksum=$(curl -s https://api.github.com/repos/stedolan/jq/releases/latest | jq -r '.assets[] | select(.name|test(""jq-.*\.tar\.gz\.sha256"")) | .browser_download_url' | xargs curl -sL); curl -L -o /tmp/jq.tar.gz ""$url""; echo ""$checksum  /tmp/jq.tar.gz"" | sha256sum -c - && mkdir -p ~/tools/jq_latest && tar -xzf /tmp/jq.tar.gz -C ~/tools/jq_latest",False,True,False,1
Q4_K_M:2,Q4_K_M,2,"Create a pipeline that reads a CSV of user data, filters rows where age > 30, extracts the email column, removes duplicates, and writes them to emails.txt.","awk -F',' '$3>30 {print $4}' users.csv | sort -u > emails.txt","awk -F',' '$3>30 {print $5}' users.csv | sort -u > emails.txt",False,True,True,3
Q4_K_M:2,Q4_K_M,2,Display the current bash version.,echo $BASH_VERSION,echo $BASH_VERSION,True,True,True,5
Q4_K_M:2,Q4_K_M,2,Check the disk information,df -h,lsblk,False,True,True,5
Q4_K_M:2,Q4_K_M,2,Create a new directory named 'test',mkdir test,mkdir test,True,True,True,5
Q4_K_M:2,Q4_K_M,2,"Create a symbolic link named ""latest"" pointing to ""release_v2.3""",ln -s release_v2.3 latest,ln -s release_v2.3 latest,True,True,True,5
Q4_K_M:2,Q4_K_M,2,Display the current user's groups as a space‑separated list.,groups,id -Gn,False,True,True,5
Q4_K_M:2,Q4_K_M,2,"Find all ELF binaries in /usr/local/bin that are not owned by root, change their ownership to root:root, and set the setuid bit, logging each change to /var/log/setuid_changes.log.","find /usr/local/bin -type f -exec file {} \; | grep 'ELF' | cut -d: -f1 | while read bin; do if [ $(stat -c %U ""$bin"") != 'root' ]; then chown root:root ""$bin"" && chmod u+s ""$bin"" && echo ""$(date +%F_%T) $bin setuid"" >> /var/log/setuid_changes.log; fi; done","#!/usr/bin/env bash
find /usr/local/bin -type f -executable -exec file {} \; | grep -i ELF | cut -d: -f1 | while read -r bin; do
  if [ $(stat -c %U ""$bin"") != ""root"" ]; then
    chown root:root ""$bin""
    chmod u+s ""$bin""
    echo ""$(date '+%F %T') Modified $bin"" >> /var/log/setuid_changes.log
  fi
done",False,True,True,5
Q4_K_M:2,Q4_K_M,2,"Write a Bash one‑liner that extracts all IPv4 addresses from access.log, counts occurrences, and prints the top 5 attackers.",awk '{for(i=1;i<=NF;i++) if($i~/[0-9]+\.[0-9]+\.[0-9]+\.[0-9]/) print $i}' access.log | sort | uniq -c | sort -nr | head -n5,"awk '{for(i=1;i<=NF;i++) if($i ~ /([0-9]{1,3}\.){3}[0-9]{1,3}/) print $i}' access.log | sort | uniq -c | sort -nr | head -5",False,True,True,4
Q4_K_M:2,Q4_K_M,2,Extract the tar.gz archive backup.tar.gz into /opt/backup,tar -xzvf backup.tar.gz -C /opt/backup,tar -xzf backup.tar.gz -C /opt/backup,False,True,True,4
Q4_K_M:2,Q4_K_M,2,"Download the file from ""https://example.com/file.txt"" and save it as ""file.txt"".",curl -L -o file.txt https://example.com/file.txt,curl -L -o file.txt https://example.com/file.txt,True,True,True,5
Q4_K_M:2,Q4_K_M,2,"Write a pipeline that reads a list of URLs from urls.txt, downloads each with curl (max 3 retries, 10s timeout), computes its SHA256, and writes ""<url> <sha256>"" to checksums.txt, skipping URLs that fail after retries.","while read -r url; do
  for i in {1..3}; do
    if curl -m 10 --retry 0 --retry-delay 0 --retry-connrefused --retry-all-errors --retry-keep-alive --retry-protocol=retry -sSL ""$url"" -o ""$(basename ""$url"")"" -w ""%{http_code}"" -o /dev/null; then
      sha256sum ""$(basename ""$url"")"" | awk '{print \""$url\\t$1\""}' >> checksums.txt;
      break;
    fi;
  done;
done < urls","while read -r url; do sha=$(curl -sSf --retry 3 --max-time 10 ""$url"" | sha256sum | awk '{print $1}') && echo ""$url $sha"" >> checksums.txt; done < urls.txt",False,True,True,1
Q4_K_M:2,Q4_K_M,2,"Create a new user ""devuser"" with a home directory and default shell /bin/bash.",sudo useradd -m -s /bin/bash devuser,sudo useradd -m -s /bin/bash devuser,True,True,True,5
Q4_K_M:2,Q4_K_M,2,Change the permissions of a file named 'file.txt' to 'rwxr-x',chmod 755 file.txt,chmod 755 file.txt,True,True,True,5
Q4_K_M:2,Q4_K_M,2,"Using find and chmod, locate all executable files in /opt/scripts that are not owned by root, and change their ownership to root while preserving the executable bits.",find /opt/scripts -type f -perm -111 ! -user root -exec chmod 755 {} \;,"find /opt/scripts -type f -executable ! -user root -exec chown root:{} \; -exec chmod u+x,g+x,o+x {} \;",False,True,True,2
Q4_K_M:2,Q4_K_M,2,"Replace every occurrence of a UUID (format 8-4-4-4-12 hex) in all *.txt files under /data with a newly generated UUID, preserving the rest of the file content.","find /data -type f -name ""*.txt"" -exec sed -i ""s/\(^[0-9a-fA-F]\{8\}-[0-9a-fA-F]\{4\}-[0-9a-fA-F]\{4\}-[0-9a-fA-F]\{4\}-[0-9a-fA-F]\{12\}\)\(.*\)/\1$new_uuid\2/g"" {} +","find /data -type f -name '*.txt' -print0 | xargs -0 -I{} bash -c 'sed -i -E ""s/[0-9a-fA-F]{8}(-[0-9a-fA-F]{4}){3}-[0-9a-fA-F]{12}/$(uuidgen)/g"" ""{}""'",False,True,True,1
Q4_K_M:2,Q4_K_M,2,Append the contents 'Hello World' to a file named 'file.txt',echo 'Hello World' >> file.txt,echo 'Hello World' >> file.txt,True,True,True,5
Q4_K_M:2,Q4_K_M,2,"Using curl, download a JSON API at https://api.example.com/data, extract the field ""items"" (an array), and for each item, download the URL in its ""download_url"" field concurrently (max 5 parallel jobs), saving to ./downloads with original filenames.","curl -s https://api.example.com/data | \
  jq -r '.items[] | ""\(.download_url) \(.filename)""' | \
  xargs -n1 -P5 -I{} bash -c 'curl -s {} -o ./downloads/$(basename ""{}"")'","curl -s https://api.example.com/data | jq -r '.items[].download_url' | xargs -n1 -P5 -I{} sh -c 'url={}; fname=$(basename ""$url""); curl -s -o ""./downloads/$fname"" ""$url""'",False,True,True,3
Q4_K_M:2,Q4_K_M,2,Find all symbolic links in /usr/local that are broken.,find /usr/local -xtype l,find /usr/local -xtype l,True,True,True,5
Q4_K_M:2,Q4_K_M,2,Print the first 3 fields of /etc/passwd separated by commas,"cut -d: -f1,3,5 /etc/passwd | tr ':' ','","cut -d: -f1,2,3 /etc/passwd | tr ':' ','",False,True,True,2
Q4_K_M:2,Q4_K_M,2,Find all symbolic links in the current directory and list their targets,find . -type l -exec readlink {} \;,find . -type l -ls,False,True,True,4
Q4_K_M:2,Q4_K_M,2,"Create a tarball of the current directory and upload it to a remote server using curl, then verify the upload by checking the file size","tar -czf archive.tar.gz . && curl -u username:password -T archive.tar.gz ftp://example.com/ && curl -u username:password -I ftp://example.com/archive.tar.gz | grep -i ""Content-Length"" && curl -u username:password -I ftp://example.com/archive.tar.gz | grep -i ""Content-Type"" && curl -u username:password -I ftp://example.com/archive.tar.gz | grep -i ""Last-Modified"" && curl -u username:password -I ftp://example.com/archive.tar.gz | grep -i ""Accept-Ranges"" && curl -u username",tar -czf archive.tar.gz . && curl -T archive.tar.gz http://example.com/upload && curl http://example.com/upload/archive.tar.gz | tar -tzf - | wc -c,False,True,True,2
Q4_K_M:2,Q4_K_M,2,Limit the output of ls to the first 20 entries using head.,ls | head -n 20,ls | head -n 20,True,True,True,5
Q4_K_M:2,Q4_K_M,2,Schedule a daily backup at 2 am using cron (edit crontab),"(crontab -l 2>/dev/null; echo ""0 2 * * * /usr/local/bin/backup.sh"") | crontab -","(crontab -l ; echo ""0 2 * * * /usr/local/bin/daily_backup.sh"") | crontab -",False,True,True,4
Q4_K_M:2,Q4_K_M,2,Display the current swap usage in megabytes.,"free -m | awk '/Swap/ {print $3"" MB used""}'","free -m | awk '/Swap/ {print $3"" MB used, ""$4"" MB free""}'",False,True,True,4
Q4_K_M:2,Q4_K_M,2,Set the system date to 2025‑12‑31 23:59:00 (requires root).,"date -s ""2025-12-31 23:59:00""","sudo date -s ""2025-12-31 23:59:00""",False,True,True,3
Q4_K_M:2,Q4_K_M,2,"Check the syntax of an Nginx configuration file ""/etc/nginx/nginx.conf""",nginx -t -c /etc/nginx/nginx.conf,sudo nginx -t -c /etc/nginx/nginx.conf,False,True,True,4
Q4_K_M:2,Q4_K_M,2,Create a compressed tar archive of the folder src,tar -czf archive.tar.gz src,tar -czvf src.tar.gz src/,False,True,True,4
Q4_K_M:2,Q4_K_M,2,Create a script to download a list of URLs using curl and save them to a specific directory,"#!/usr/bin/env bash
mkdir -p ~/downloads
curl -s -o ~/downloads/$(basename ""$1"") ""$1""",while IFS= read -r url; do curl -o /downloads/${url##*/} $url; done < url_list.txt,False,True,True,2
Q4_K_M:2,Q4_K_M,2,Count how many files are in each subdirectory of the current folder and display the result.,find . -maxdepth 1 -type d | wc -l,"for d in */; do echo -n ""$d: ""; find ""$d"" -type f | wc -l; done",False,True,True,1
Q4_K_M:2,Q4_K_M,2,Sort a file named 'file.txt' in ascending order,sort file.txt,sort file.txt,True,True,True,5
Q4_K_M:2,Q4_K_M,2,Create a new archive 'archive1.tar' from the files 'file1' and 'file2',tar -cvf archive1.tar file1 file2,tar cvf archive1.tar file1 file2,False,True,True,5
Q4_K_M:2,Q4_K_M,2,"Count the number of lines, words, and characters in file.txt",wc file.txt,wc file.txt,True,True,True,5
Q4_K_M:2,Q4_K_M,2,Print the environment variables,printenv,env,False,True,True,5
Q4_K_M:2,Q4_K_M,2,Restart a service on a systemd-based system,systemctl restart nginx,systemctl restart service,False,True,True,2
Q4_K_M:2,Q4_K_M,2,Batch convert PNG to JPEG,mogrify -format jpg *.png,mogrify -format jpg *.png,True,True,True,5
Q4_K_M:2,Q4_K_M,2,"Find all git repositories under /srv, and for each repository print the current branch and the number of uncommitted changes.","find /srv -type d -name .git -prune -print0 | xargs -0 -I{} git -C {} rev-parse --abbrev-ref HEAD | while IFS= read -r branch; do repo=$(dirname ""{}""); echo ""Repository: $repo, Branch: $branch""; git -C ""$repo"" status --porcelain | wc -l; done","find /srv -type d -name .git -prune -print | while read gitdir; do repo=$(dirname ""$gitdir""); echo -n ""$repo: ""; (cd ""$repo"" && git rev-parse --abbrev-ref HEAD && git status --porcelain | wc -l | awk '{print $1"" uncommitted changes""}'); done",False,True,True,3
Q4_K_M:2,Q4_K_M,2,Display the current process's environment variables,printenv,printenv,True,True,True,5
Q4_K_M:2,Q4_K_M,2,"Find all empty directories under ""/var/www"" and delete them",find /var/www -type d -empty -delete,find /var/www -type d -empty -delete,True,True,True,5
Q4_K_M:2,Q4_K_M,2,"Replace the first occurrence of ""apple"" with ""orange"" on each line of ""fruits.txt"" and write the result to ""fruits_new.txt"".","sed -i '0,/apple/s//orange/' fruits.txt",sed 's/apple/orange/' fruits.txt > fruits_new.txt,False,True,True,2
Q4_K_M:2,Q4_K_M,2,Display the first 5 columns of a CSV file using awk,"awk -F',' '{print $1,$2,$3,$4,$5}' YOUR_FILE","awk -F',' '{print $1,$2,$3,$4,$5}' data.csv",False,True,True,5
Q4_K_M:2,Q4_K_M,2,"Create a Bash function that takes a git branch name, checks out the branch, rebases it onto origin/main, runs the test suite (make test), and if successful, pushes the branch; otherwise, aborts and returns to the previous branch.","git_rebase_push(){ local branch=""$1""; git checkout ""$branch"" && git rebase origin/main && make test && git push origin ""$branch"" || { git rebase --abort; git checkout ""$branch""; }; }","git_rebase_and_push() {
  local branch=$1 prev=$(git rev-parse --abbrev-ref HEAD)
  git checkout ""$branch"" && git fetch origin && git rebase origin/main && make test && git push origin ""$branch"" || { git rebase --abort; git checkout ""$prev""; }
}",False,True,True,4
Q4_K_M:2,Q4_K_M,2,Display the last 5 commands from the shell history,history | tail -n 5,history | tail -n 5,True,True,True,5
Q4_K_M:2,Q4_K_M,2,"Using grep and perl, replace every occurrence of a MAC address in a log file with the string ""[REDACTED]"" and write the result to a new file.",perl -pi -e 's/\b([0-9A-Fa-f]{2}[:-]){5}\b/\[REDACTED\]/g' /var/log/syslog,perl -pe 's/([0-9A-Fa-f]{2}:){5}[0-9A-Fa-f]{2}/[REDACTED]/g' /var/log/network.log > /var/log/network_redacted.log,False,True,True,3
Q4_K_M:2,Q4_K_M,2,Copy a directory named 'dir' to a remote server named 'server',scp -r dir user@server:/remote/directory,scp -r dir server:dir,False,True,True,3
Q4_K_M:2,Q4_K_M,2,"Recursively replace all occurrences of the word ""ERROR"" with ""WARN"" in *.conf files under /etc/app, but only in files that contain the string ""critical"" somewhere in the file.","find /etc/app -type f -name ""*.conf"" -exec grep -Iq . {} \; -and -exec grep -q ""critical"" {} \; -print0 | xargs -0 sed -i 's/ERROR/WARN/g'",grep -rl 'critical' /etc/app --include='*.conf' | xargs sed -i 's/ERROR/WARN/g',False,True,True,4
Q4_K_M:2,Q4_K_M,2,Display the last 5 git commits that modified src/main.c,git log -5 -- src/main.c,git log -n 5 --pretty=oneline -- src/main.c,False,True,True,4
Q4_K_M:2,Q4_K_M,2,Display the free memory,free -h,free -m,False,True,True,4
Q4_K_M:2,Q4_K_M,2,Create empty file quickly,touch file.txt,touch newfile,False,True,True,5
Q4_K_M:2,Q4_K_M,2,Show the current SELinux status,getenforce,sestatus,False,True,True,5
Q4_K_M:2,Q4_K_M,2,"Show the first 10 lines of a file named ""report.log"".",head -n 10 report.log,head -n 10 report.log,True,True,True,5
Q4_K_M:2,Q4_K_M,2,"Find all files with world‑writable permissions under /etc, list them with permissions and owner, and optionally fix them by removing the write bit.",find /etc -type f -perm -0002 -exec ls -l {} \;,"find /etc -type f -perm -o=w -ls | awk '{print $3,$5,$11}' # To fix: find /etc -type f -perm -o=w -exec chmod o-w {} \;",False,True,True,4
Q4_K_M:2,Q4_K_M,2,"Replace all occurrences of ""localhost"" with ""127.0.0.1"" in the file hosts.conf, editing the file in place.",sed -i 's/localhost/127.0.0.1/g' hosts.conf,sed -i 's/localhost/127.0.0.1/g' hosts.conf,True,True,True,5
Q4_K_M:2,Q4_K_M,2,Display the SHA256 checksum of the file iso_image.iso.,sha256sum iso_image.iso,sha256sum iso_image.iso,True,True,True,5
Q4_K_M:2,Q4_K_M,2,"Find all duplicate files (by content) under /data, list each set of duplicates on a single line separated by spaces, and delete all but the oldest file in each set.","#!/usr/bin/env bash
find /data -type f -exec md5sum {} + | sort | awk 'prev==$1{print $2} {prev=$1}' | xargs -I{} rm -f {}","fdupes -r /data | while read -r line; do set -- $line; oldest=$(stat -c %Y ""${1}""); keep=""${1}""; for f in ""$@""; do t=$(stat -c %Y ""$f""); if (( t < oldest )); then oldest=$t; keep=$f; fi; done; for f in ""$@""; do [[ $f != $keep ]] && rm -f ""$f""; done; echo ""$line""; done",False,True,True,1
Q4_K_M:2,Q4_K_M,2,"Show the difference between two directories ""dir1"" and ""dir2""",diff -qr dir1 dir2,diff -qr dir1 dir2,True,True,True,5
Q4_K_M:2,Q4_K_M,2,"Generate a report of disk usage per user on /home, showing user, total size in GiB, and number of files, sorted by size descending.","du -sh /home/* | awk -F'/' '{print $3}' | while read user; do size=$(du -s /home/$user | cut -f1 | tr -d 'G'); files=$(find /home/$user -type f | wc -l); echo ""$user\t$size\t$files""; done | sort -k2 -hr","du -sh /home/* 2>/dev/null | awk -F'/' '{print $3}' | while read user; do size=$(du -sb /home/$user 2>/dev/null | cut -f1); files=$(find /home/$user -type f 2>/dev/null | wc -l); printf ""%s\t%.2fGiB\t%d\n"" ""$user"" ""$(echo ""$size/1024/1024/1024"" | bc -l)"" ""$files""; done | sort -k2,2nr",False,True,True,2
Q4_K_M:2,Q4_K_M,2,Concatenate file1.txt and file2.txt into combined.txt,cat file1.txt file2.txt > combined.txt,cat file1.txt file2.txt > combined.txt,True,True,True,5
Q4_K_M:2,Q4_K_M,2,"Write a one‑liner that prints the number of lines added, deleted, and total changed files in the last git commit.",git show --stat HEAD,"git show --stat HEAD | awk '/files changed/ {added+=$4; deleted+=$6} END {print ""Added:"",added,""Deleted:"",deleted,""Files changed:"",NR}'",False,True,True,1
Q4_K_M:2,Q4_K_M,2,"Print the first field (username) of each line in ""/etc/passwd"".",cut -d: -f1 /etc/passwd,cut -d: -f1 /etc/passwd,True,True,True,5
Q4_K_M:2,Q4_K_M,2,"Find all symbolic links under /etc that point to files outside /etc, and list them with their target paths.",find /etc -xtype l -printf '%p -> %T@\n',"find /etc -type l -printf ""%p -> %l\n"" | awk '$3 !~ /^\/etc/ {print $0}'",False,True,True,1
Q4_K_M:2,Q4_K_M,2,Find all symbolic links in /usr/bin that point to files not existing,find /usr/bin -xtype l -exec ls -l {} \; | grep -v -E '^-h.* -> ',find /usr/bin -type l ! -exec test -e {} \; -print,False,True,True,3
Q4_K_M:2,Q4_K_M,2,"Monitor CPU usage every 5 seconds, log spikes above 80% to /var/tmp/cpu_spikes.log with a timestamp, and send an email alert after 3 consecutive spikes.","#!/usr/bin/env bash
spike_count=0
while true; do
  cpu=$(top -bn1 | grep ""%Cpu"" | awk -F',' '{print $1}' | awk '{print $2}')
  if (( cpu > 80 )); then
    spike_count=$((spike_count+1))
    echo ""$(date +%F_%T) CPU $cpu%"" >> /var/tmp/cpu_spikes.log
    if (( spike_count >= 3 )); then
      echo ""CPU spike detected: $cpu%"" | mail -s 'High CPU Alert' admin@example.com
    fi","spike_count=0
while sleep 5; do
  cpu=$(top -bn1 | grep ""%Cpu"" | awk '{print 100-$8}')
  if (( $(echo ""$cpu > 80"" | bc -l) )); then
    echo ""$(date +%F_%T) CPU=$cpu%"" >> /var/tmp/cpu_spikes.log
    ((spike_count++))
    if ((spike_count>=3)); then
      echo ""CPU spikes detected"" | mail -s ""CPU Alert"" admin@example.com
      spike_count=0
    fi
  else
    spike_count=0
  fi
done",False,True,False,1
Q4_K_M:2,Q4_K_M,2,"Find all files named ""config.yaml"" starting from the home directory",find ~ -name config.yaml,find ~ -type f -name config.yaml,False,True,True,4
Q4_K_M:2,Q4_K_M,2,Run a Python script named train.py with GPU support using CUDA_VISIBLE_DEVICES=0,CUDA_VISIBLE_DEVICES=0 python train.py,CUDA_VISIBLE_DEVICES=0 python train.py,True,True,True,5
Q4_K_M:2,Q4_K_M,2,Create a compressed tar archive of the /var/log directory named logs.tar.gz,tar -czf logs.tar.gz /var/log,tar -czvf logs.tar.gz /var/log,False,True,True,4
Q4_K_M:2,Q4_K_M,2,Create a systemd timer that runs /usr/local/bin/cleanup.sh daily at 02:30 and logs its output to /var/log/cleanup.log.,"cat <<'EOF' > /etc/systemd/system/cleanup.timer
[Unit]
Description=Run cleanup script daily
[Timer]
OnCalendar=*-*-* 02:30:00
Persistent=true
[Install]
WantedBy=timers.target
EOF
cat <<'EOF' > /etc/systemd/system/cleanup.service
[Unit]
Description=Run cleanup script
[Service]
ExecStart=/usr/local/bin/cleanup.sh
StandardOutput=append:/var/log/cleanup.log
StandardError=append:/var/log/cleanup.log
EOF
systemctl daemon-reload && systemctl enable --now","cat <<'EOF' > /etc/systemd/system/cleanup.service
[Unit]
Description=Daily cleanup
[Service]
Type=oneshot
ExecStart=/usr/local/bin/cleanup.sh
StandardOutput=append:/var/log/cleanup.log
StandardError=append:/var/log/cleanup.log
EOF
cat <<'EOF' > /etc/systemd/system/cleanup.timer
[Unit]
Description=Run cleanup daily at 02:30
[Timer]
OnCalendar=*-*-* 02:30:00
Persistent=true
[Install]
WantedBy=timers.target
EOF
systemctl daemon-reload && systemctl enable --now cleanup.timer",False,True,True,4
Q4_K_M:2,Q4_K_M,2,"Show the total size of all files in /var/www, displayed in human‑readable format.",du -sh /var/www,du -sh /var/www,True,True,True,5
Q4_K_M:2,Q4_K_M,2,Rename all .jpeg to .jpg in current folder.,"for f in *.jpeg; do mv ""$f"" ""${f%.jpeg}.jpg""; done","for f in *.jpeg; do mv ""$f"" ""${f%.jpeg}.jpg""; done",True,True,True,5
Q4_K_M:2,Q4_K_M,2,Find all symbolic links in /usr/local/bin that point to non‑existent files and remove those broken links.,find /usr/local/bin -xtype l -print0 | xargs -0 rm,find /usr/local/bin -xtype l -exec rm -v {} +,False,True,True,4
Q4_K_M:2,Q4_K_M,2,Sort a file 'file.txt' in descending order,sort -r file.txt,sort -r file.txt,True,True,True,5
Q4_K_M:2,Q4_K_M,2,List all system logs,journalctl -b,ls /var/log,False,True,True,1
Q4_K_M:2,Q4_K_M,2,"Create a pipeline that reads a CSV file users.csv, filters rows where the age column >30, converts the result to JSON objects (one per line) using jq, and writes to users_over_30.jsonl.","awk -F',' '$3>30 {print $0}' users.csv | jq -c '.' > users_over_30.jsonl","csvcut -c 1,2,3 users.csv | awk -F',' '$3>30 {print}' |
  jq -R -s 'split(""\n"") | .[] | select(length>0) | split("","") | {name: .[0], email: .[1], age: (.[2]|tonumber)}' > users_over_30.jsonl",False,True,True,2
Q4_K_M:2,Q4_K_M,2,Check the SHA256 checksum of file.iso,sha256sum file.iso,sha256sum file.iso,True,True,True,5
Q4_K_M:2,Q4_K_M,2,"Create a file with text ""config""","echo ""config"" > config.txt","$ echo ""config"" > settings.conf",False,True,True,5
Q4_K_M:2,Q4_K_M,2,"Show the difference between two files, file1.txt and file2.txt, ignoring whitespace differences.",diff -w file1.txt file2.txt,diff -w file1.txt file2.txt,True,True,True,5
Q4_K_M:2,Q4_K_M,2,"Count how many times each word appears in ""document.txt"" (case‑insensitive) and sort by frequency",tr -cs '[:alnum:]' '\n' < document.txt | tr '[:upper:]' '[:lower:]' | sort | uniq -c | sort -rn,tr '[:space:]' '\n' < document.txt | tr '[:upper:]' '[:lower:]' | grep -v '^$' | sort | uniq -c | sort -nr,False,True,True,4
Q4_K_M:2,Q4_K_M,2,"Find all files larger than 100 MB in ""/home/user""",find /home/user -type f -size +100M,find /home/user -type f -size +100M,True,True,True,5
Q4_K_M:2,Q4_K_M,2,Monitor real-time system resource usage,top,htop,False,True,True,5
Q4_K_M:2,Q4_K_M,2,Execute a command 'ls' and redirect both output and error to a file named 'output.txt',ls 2> output.txt,ls &> output.txt,False,True,True,3
Q4_K_M:2,Q4_K_M,2,Show the current SELinux mode.,getenforce,getenforce,True,True,True,5
Q4_K_M:2,Q4_K_M,2,"Print the first field of each line in data.csv, assuming comma delimiter","cut -d',' -f1 data.csv","cut -d',' -f1 data.csv",True,True,True,5
Q4_K_M:2,Q4_K_M,2,Sort a file 'example.txt' in descending order,sort -r example.txt,sort -r example.txt,True,True,True,5
Q4_K_M:2,Q4_K_M,2,"Write a Bash one‑liner that extracts all IPv4 addresses from a log file, counts how many times each appears, and outputs those with more than 100 occurrences.","grep -oE '\b([0-9]{1,3}\.){3}[0-9]{1,3}\b' access.log | sort | uniq -c | awk '$1>100 {print $0}'","grep -Eo '([0-9]{1,3}\.){3}[0-9]{1,3}' access.log | sort | uniq -c | awk '$1>100{print $2"" ""$1}'",False,True,True,4
Q4_K_M:2,Q4_K_M,2,Display the current date and time in ISO 8601 format.,date --iso-8601=seconds,date --iso-8601=seconds,True,True,True,5
Q4_K_M:2,Q4_K_M,2,Display the system's uptime,uptime,uptime,True,True,True,5
Q4_K_M:2,Q4_K_M,2,"Create a tar.gz archive of all modified .sh scripts in the last 7 days from the home directory, preserving permissions, and store it in /tmp with a timestamped name.","tar -czf ""/tmp/scripts_$(date +%Y%m%d_%H%M%S).tar.gz"" -C ""$HOME"" $(find . -type f -name ""*.sh"" -mtime -7)","tar -czf ""/tmp/scripts_$(date +%Y%m%d_%H%M%S).tgz"" -C ~ $(find ~ -type f -name ""*.sh"" -mtime -7 -printf ""%P\n"")",False,True,True,3
Q4_K_M:2,Q4_K_M,2,"Replace the string ""foo"" with ""bar"" in file ""data.txt"" (in-place)",sed -i 's/foo/bar/g' data.txt,sed -i 's/foo/bar/g' data.txt,True,True,True,5
Q4_K_M:2,Q4_K_M,2,Mirror website with wget,wget --mirror --convert-links --adjust-extension --page-requisites https://example.com,wget --mirror --convert-links --adjust-extension --page-requisites --no-parent https://example.com,False,True,True,4
Q4_K_M:2,Q4_K_M,2,"Create a command that finds the 5 largest files in /var/lib/mysql, displays their sizes in human‑readable form, and writes the list to large_mysql_files.txt.",find /var/lib/mysql -type f -exec du -h {} + | sort -rh | head -n 5 > large_mysql_files.txt,find /var/lib/mysql -type f -exec du -h {} + | sort -hr | head -n 5 > large_mysql_files.txt,False,True,True,3
Q4_K_M:2,Q4_K_M,2,Show the top 10 lines of a CSV file with column headers,head -n 1 YOUR_FILE,head -n 10 data.csv,False,True,True,1
Q4_K_M:2,Q4_K_M,2,"Create a compressed bzip2 archive of the directory ""data"" named ""data.tar.bz2"".",tar -cjf data.tar.bz2 data,tar -cjf data.tar.bz2 data/,False,True,True,4
Q4_K_M:2,Q4_K_M,2,"List the 5 largest files (by size) in the user's home directory, showing size in human readable form and full path, sorted descending.","find ~ -type f -printf ""%s %p\n"" | sort -nr | head -n 5 | numfmt --field=1 --to=iec-i --suffix=B","find ""$HOME"" -type f -printf '%s %p\n' | sort -rn | head -5 | numfmt --to=iec-i --suffix=B --padding=7 | awk '{print $1"" ""$2}'",False,True,True,4
Q4_K_M:2,Q4_K_M,2,Display the current working directory in bold green text using ANSI escape codes.,"echo -e ""\033[1;32m$(pwd)\033[0m""","echo -e ""\033[1;32m$(pwd)\033[0m""",True,True,True,5
Q4_K_M:2,Q4_K_M,2,List the 5 largest files in the current directory and its subdirectories.,find . -type f -exec du -h {} + | sort -rh | head -n 5,find . -type f -exec du -h {} + | sort -rh | head -n 5,True,True,True,5
Q4_K_M:2,Q4_K_M,2,"List all files in the current directory, including hidden files",ls -a,ls -a,True,True,True,5
Q4_K_M:2,Q4_K_M,2,"Display the last 20 lines of ""/var/log/syslog"" and keep updating as new lines are added.",tail -n 20 -f /var/log/syslog,tail -n 20 -f /var/log/syslog,True,True,True,5
Q4_K_M:2,Q4_K_M,2,Display the current environment variables in alphabetical order.,printenv | sort,env | sort,False,True,True,5
Q4_K_M:2,Q4_K_M,2,Convert a PDF to text using pdftotext,pdftotext document.pdf,pdftotext document.pdf document.txt,False,True,True,3
Q4_K_M:2,Q4_K_M,2,Generate a random 32‑character alphanumeric password and copy it to the clipboard (Linux with xclip).,"tr -dc A-Za-z0-9 </dev/urandom | head -c32 | xclip -selection clipboard && echo ""Password copied to clipboard""","tr -dc 'A-Za-z0-9' </dev/urandom | head -c32 | xclip -selection clipboard && echo ""Password copied to clipboard""",False,True,True,5
Q4_K_M:2,Q4_K_M,2,Copy all .conf files from /etc/nginx to /backup/nginx preserving directory structure.,cp -r /etc/nginx/*.conf /backup/nginx/,rsync -av --include='*/' --include='*.conf' --exclude='*' /etc/nginx/ /backup/nginx/,False,True,True,1
Q4_K_M:2,Q4_K_M,2,"Recursively replace all occurrences of the string ""TODO"" with ""DONE"" in *.py files, but only in files that have been modified in the last 7 days.","find . -type f -name ""*.py"" -mtime -7 -exec sed -i 's/TODO/DONE/g' {} \;",find . -type f -name '*.py' -mtime -7 -exec sed -i 's/TODO/DONE/g' {} +,False,True,True,4
Q4_K_M:2,Q4_K_M,2,"List all processes owned by root that have opened network sockets, showing PID, command, and listening port, sorted by port number.",ss -tlnp | grep 'root' | awk 'NR>1 {print $5}' | cut -d: -f2 | sort -u,"ss -tulpn | awk '/^tcp/ && /root/ {split($5, a, "":""); printf ""%s %s %s\n"", $6, $7, a[2]}' | sort -k3,3n",False,True,True,1
Q4_K_M:2,Q4_K_M,2,"Write a one‑liner that replaces all occurrences of the word ""foo"" with ""bar"" in all "".conf"" files under /etc, but only in lines that are not commented out (i.e., do not start with #), preserving backup copies with extension .bak.","find /etc -type f -name ""*.conf"" -exec grep -l '^#' {} \; | xargs -r sed -i.bak 's/foo/bar/g'","find /etc -type f -name ""*.conf"" -print0 | xargs -0 -I{} sed -i.bak '/^[[:space:]]*#/! s/\bfoo\b/bar/g' {}",False,True,True,2
Q4_K_M:2,Q4_K_M,2,Show calendar of current month,cal,$ cal,False,True,True,5
Q4_K_M:2,Q4_K_M,2,"Parse a JSON file, extract specific fields, and output them in CSV format","jq -r '.[] | [.name, .age, .city] | @csv' data.json | column -t","jq -r '.[] | .name, .age, .city' data.json | paste -sd ','",False,True,True,5
Q4_K_M:2,Q4_K_M,2,Commit changes in a Git repository with a message 'Initial commit',git commit -m 'Initial commit',git commit -m 'Initial commit',True,True,True,5
Q4_K_M:2,Q4_K_M,2,Copy a file named 'example.txt' to the 'test' directory,cp example.txt test/,cp example.txt test,False,True,True,5
Q4_K_M:2,Q4_K_M,2,"List all files, including hidden ones, in long format",ls -la,ls -la,True,True,True,5
Q4_K_M:2,Q4_K_M,2,List the 5 most memory‑intensive processes sorted descending.,ps aux --sort=-%mem | head -n 6,ps aux --sort=-%mem | head -n 6,True,True,True,5
Q4_K_M:2,Q4_K_M,2,"Write a Bash script snippet that reads a CSV file of usernames and email addresses, creates a system user for each, sets a random password, and emails the credentials using mailx.","#!/usr/bin/env bash
csv=""users.csv""
while IFS=, read -r user email; do
  pass=$(openssl rand -base64 12)
  useradd -m -s /bin/bash ""$user"" && echo ""$user:$pass"" | chpasswd
  echo ""Subject: Your credentials"" | mailx -s ""Welcome to our system"" ""$email"" <<< ""Username: $user\nPassword: $pass""
done < ""$csv""","while IFS=, read -r user email; do sudo useradd -m ""$user"" && pass=$(openssl rand -base64 12) && echo ""$user:$pass"" | sudo chpasswd && echo -e ""Your account: $user\nPassword: $pass"" | mailx -s ""Your new account"" ""$email""; done < users.csv",False,True,True,3
Q4_K_M:2,Q4_K_M,2,Compress all .log files in /var/log into a single zip archive called logs.zip.,zip logs.zip /var/log/*.log,zip logs.zip /var/log/*.log,True,True,True,5
Q4_K_M:2,Q4_K_M,2,Display the contents of a file named 'file.txt',cat file.txt,cat file.txt,True,True,True,5
Q4_K_M:2,Q4_K_M,2,Change the permissions of a file called 'example.txt' to read-only,chmod 444 example.txt,chmod 444 example.txt,True,True,True,5
Q4_K_M:2,Q4_K_M,2,Display the current battery charge percentage (on a laptop),cat /sys/class/power_supply/BAT0/capacity,acpi -b | grep -P -o '[0-9]+(?=%)',False,True,True,5
Q4_K_M:2,Q4_K_M,2,"Create a new empty file named ""placeholder.txt""",touch placeholder.txt,touch placeholder.txt,True,True,True,5
Q4_K_M:2,Q4_K_M,2,Show the differences between the working tree and the last commit for file src/main.c,git diff src/main.c,git diff src/main.c,True,True,True,5
Q4_K_M:2,Q4_K_M,2,Show disk usage of the current directory in human‑readable format,du -sh,du -sh .,False,True,True,5
Q4_K_M:2,Q4_K_M,2,"Using find, locate all symbolic links under /usr/local that point to non‑existent targets and delete them.",find /usr/local -xtype l -exec rm -i {} \;,find /usr/local -xtype l -delete,False,True,True,2
Q4_K_M:2,Q4_K_M,2,Show the disk usage of the current directory in a human‑readable format,du -sh,du -sh .,False,True,True,5
Q4_K_M:2,Q4_K_M,2,Append the content 'Hello World' to the file 'file1',echo 'Hello World' >> file1,echo 'Hello World' >> file1,True,True,True,5
Q4_K_M:2,Q4_K_M,2,Monitor CPU usage every 2 seconds and display it in a compact format,"watch -n 2 ""top -b -n 1 | grep 'Cpu(s)' | awk '{print \$2 \$3}'""","top -b -d 2 -n 1 | grep ""Cpu(s)""",False,True,True,4
Q4_K_M:2,Q4_K_M,2,Display the last login time for user bob,lastlog -u bob,last -n 1 bob | head -n 1,False,True,True,5
Q4_K_M:2,Q4_K_M,2,"Using perl, replace all dates in format DD/MM/YYYY in a text file with ISO format YYYY-MM-DD, and write the changes in-place.",perl -pi -e 's/(\d{2})\/(\d{2})\/(\d{4})/$3-\$2-\$1/g' file.txt,perl -i -pe 's/(\d{2})\/(\d{2})\/(\d{4})/$3-\$2-\$1/g' /path/file.txt,False,True,True,3
Q4_K_M:2,Q4_K_M,2,"Write a Bash function that accepts a directory and a file extension, finds the newest N files (default 10) with that extension, and creates a zip archive named after the directory and timestamp.","archive_latest(){
  dir=""${1:-.}""
  ext=""${2:-.txt}""
  n=${3:-10}
  archive=""${dir%/}_$(date +%Y%m%d_%H%M%S).zip""
  find ""$dir"" -type f -name ""*.$ext"" -printf ""%T@ %p\n"" | sort -nr | head -n ""$n"" | cut -d' ' -f2- | xargs -I{} zip -@ ""$archive""
}","archive_recent(){ local dir=""$1""; local ext=""$2""; local n=${3:-10}; local ts=$(date +%Y%m%d_%H%M%S); local archive=""${dir##*/}_$ts.zip""; find ""$dir"" -type f -name ""*.$ext"" -printf '%T@ %p\n' | sort -nr | head -n ""$n"" | cut -d' ' -f2- | zip -@ ""$archive""; echo ""Created $archive""; }",False,True,True,4
Q4_K_M:2,Q4_K_M,2,"Replace the first occurrence of ""VERSION=1"" with ""VERSION=2"" in the file ""Makefile"" without creating a backup.","sed -i '0,/VERSION=1/s//VERSION=2/' Makefile","sed -i '0,/VERSION=1/s//VERSION=2/' Makefile",True,True,True,5
Q4_K_M:2,Q4_K_M,2,"Change the permissions of ""script.sh"" to be executable by the owner only",chmod 700 script.sh,chmod 700 script.sh,True,True,True,5
Q4_K_M:2,Q4_K_M,2,Print the first 100 characters of the string stored in the variable $LONG_TEXT.,"echo ""${LONG_TEXT:0:100}""","echo ""${LONG_TEXT}"" | cut -c1-100",False,True,True,5
Q4_K_M:2,Q4_K_M,2,Extract the contents of a zip archive named 'example.zip',unzip example.zip,unzip example.zip,True,True,True,5
Q4_K_M:2,Q4_K_M,2,"Count how many lines contain ""FAIL"" in results.log.","grep -c ""FAIL"" results.log","grep -c ""FAIL"" results.log",True,True,True,5
Q4_K_M:2,Q4_K_M,2,Set the file permissions of script.sh to be executable by the owner only,chmod 700 script.sh,chmod 700 script.sh,True,True,True,5
Q4_K_M:2,Q4_K_M,2,"Extract all JSON objects from a mixed log file, pretty‑print them with jq, and write the results to a new file named cleaned.json.",grep -o '{[^}]*}' mixed.log | jq . > cleaned.json,grep -o '{[^}]*}' mixed.log | jq -s '.' > cleaned.json,False,True,True,3
Q4_K_M:2,Q4_K_M,2,"Check the SHA256 checksum of ""download.iso""",sha256sum download.iso,sha256sum download.iso,True,True,True,5
Q4_K_M:2,Q4_K_M,2,"Monitor the file ""access.log"" in real time, showing new lines as they are added.",tail -f access.log,tail -f access.log,True,True,True,5
Q4_K_M:2,Q4_K_M,2,Show the current user's default editor,echo $EDITOR,echo $EDITOR,True,True,True,5
Q4_K_M:2,Q4_K_M,2,"Create a tarball of all .conf files that contain the word ""PasswordAuthentication"" (case‑insensitive) in /etc/ssh, preserving directory structure, and compress with xz, naming the archive with the current date.",tar -czf /tmp/ssh_config_$(date +%Y%m%d).tar.gz -C /etc/ssh --exclude='*' --include='*.conf' --include='*.conf*' --include='*.conf*.*' --include='*.conf*.*.*' --include='*.conf*.*.*.*' --include='*.conf*.*.*.*.*' --include='*.conf*.*.*.*.*.*' --include='*.conf*.*.*.*.*.*.*' --include='*.conf*.*.*.*.*.*.*.*' --include='*.conf*.*.*.*.*,"tar -cJf ""ssh_conf_$(date +%F).tar.xz"" $(grep -ril ""PasswordAuthentication"" /etc/ssh --include='*.conf')",False,True,False,1
Q4_K_M:2,Q4_K_M,2,"Show the current CPU temperature (Linux, using sensors).",sensors | grep -i cpu,sensors | grep 'Core',False,True,True,5
Q4_K_M:2,Q4_K_M,2,Reload the current shell's environment variables,source ~/.bashrc,source ~/.bashrc,True,True,True,5
Q4_K_M:2,Q4_K_M,2,"Print the size of each subdirectory in the current directory, sorted largest first",du -h --max-depth=1 | sort -hr,du -sh */ | sort -hr,False,True,True,4
Q4_K_M:2,Q4_K_M,2,Print the number of CPU seconds used by the current shell process.,ps -p $$ -o cputime=,ps -p $$ -o cputime=,True,True,True,5
Q4_K_M:2,Q4_K_M,2,Show the last 20 lines of a file named report.txt,tail -n 20 report.txt,tail -n 20 report.txt,True,True,True,5
Q4_K_M:2,Q4_K_M,2,Show the last 5 git commit messages in one‑line format.,git log -5 --oneline,git log -5 --oneline,True,True,True,5
Q4_K_M:2,Q4_K_M,2,"Create a compressed tar archive named ""backup.tar.gz"" containing the directory ""project"" while preserving permissions.",tar -czvf backup.tar.gz project,tar -czvf backup.tar.gz project,True,True,True,5
Q4_K_M:2,Q4_K_M,2,"Write a Bash snippet that reads lines from stdin, groups them by the first field (space‑separated), and outputs each group preceded by the count of lines in that group.","awk '{a[$1]++} END {for (i in a) print a[i], i}'","awk '{count[$1]++; lines[$1]=lines[$1]""\n""$0} END {for (g in count) print count[g] "":"" lines[g]}'",False,True,True,3
Q4_K_M:2,Q4_K_M,2,List all running Docker containers with their names and ports,"docker ps --format ""{{.Names}}\t{{range .Ports}}{{.HostPort}}{{end}}""","docker ps --format ""{{.Names}}	{{.Ports}}""",False,True,True,3
Q4_K_M:2,Q4_K_M,2,"Extract all URLs from a log file, remove duplicates, and sort them in descending order based on the number of occurrences","grep -oE 'https?://[^ ]+' access.log | sort | uniq -c | sort -nr | awk '{print $2"" ""$1}'",grep -oE 'https?://[^\s]+' access.log | sort | uniq -c | sort -rn | awk '{print $2}',False,True,True,4
Q4_K_M:2,Q4_K_M,2,Monitor the CPU usage of all processes in real time.,top -b -d 1,top,False,True,True,1
Q4_K_M:2,Q4_K_M,2,Display the first 10 lines of a file named data.txt,head -n 10 data.txt,head -n 10 data.txt,True,True,True,5
Q4_K_M:2,Q4_K_M,2,Copy a file called 'source.txt' to 'destination.txt',cp source.txt destination.txt,cp source.txt destination.txt,True,True,True,5
Q4_K_M:2,Q4_K_M,2,"Write a pipeline that extracts all JPEG image files from a tar archive without extracting the whole archive, and copies them to /tmp/images preserving directory hierarchy.",tar -xf archive.tar --wildcards --exclude '*' -O '*.jpg' | tar -xf - -C /tmp/images,"tar -tf archive.tar | grep '\.jpe?g$' | while read -r path; do mkdir -p ""/tmp/images/$(dirname ""$path"")""; tar -xf archive.tar ""$path"" -O > ""/tmp/images/$path""; done",False,True,True,1
Q4_K_M:2,Q4_K_M,2,"Write a Bash one‑liner that monitors the CPU temperature every 10 seconds for 5 minutes, logs timestamps and temperature to cpu_temp.log, and triggers an audible alert if temperature exceeds 80°C.","for i in {1..30}; do temp=$(cat /sys/class/thermal/thermal_zone0/temp | awk '{print $1/1000}'); echo ""$(date +%F\\%T) $temp°C"" >> cpu_temp.log; if (( $(echo ""$temp > 80"" | bc -l) )); then echo ""High temperature $temp°C"" | festival --tts; fi; sleep 10; done","end=$((SECONDS+300)); while [ $SECONDS -lt $end ]; do t=$(sensors | awk '/^Package id 0:/ {print $4}' | tr -d '+°C'); echo ""$(date '+%F %T') $t"" >> cpu_temp.log; if (( $(echo ""$t > 80"" | bc -l) )); then paplay /usr/share/sounds/freedesktop/stereo/alarm-clock-elapsed.oga; fi; sleep 10; done",False,True,True,1
Q4_K_M:2,Q4_K_M,2,"Monitor a directory /var/spool for new files, and when a new file appears, compute its SHA‑1 hash and move it to /var/processed with the hash prefixed to the filename.","inotifywait -m -e create --format ""%w%f"" /var/spool | while read file; do sha1sum ""$file"" | awk '{print $1"" ""$2}' > ""/var/processed/${file%.txt}_$(sha1sum ""$file"" | awk '{print $1}"").txt""; mv ""$file"" ""/var/processed/""; done","inotifywait -m -e create --format '%w%f' /var/spool | while read newfile; do hash=$(sha1sum ""$newfile"" | awk '{print $1}'); base=$(basename ""$newfile""); mv ""$newfile"" ""/var/processed/${hash}_$base""; echo ""Processed $newfile -> ${hash}_$base""; done",False,True,False,2
Q4_K_M:2,Q4_K_M,2,Find the top 5 processes consuming the most memory,ps aux --sort=-%mem | head -n 6,ps aux --sort=-%mem | head -n 6,True,True,True,5
Q4_K_M:2,Q4_K_M,2,"Stop and remove a Docker container with ID ""a1b2c3d4e5f6"".",docker stop a1b2c3d4e5f6 && docker rm a1b2c3d4e5f6,docker rm -f a1b2c3d4e5f6,False,True,True,3
Q4_K_M:2,Q4_K_M,2,Connect to a remote server named 'remote_server' using SSH,ssh remote_server,ssh remote_server,True,True,True,5
Q4_K_M:2,Q4_K_M,2,"Using sed, replace the version number in a file version.txt that matches the pattern vMAJOR.MINOR.PATCH (e.g., v2.3.4) with v$(date +%Y.%m.%d). Ensure only the first occurrence is changed.","sed -i '0,/v[0-9]\+\.[0-9]\+\.[0-9]\+/{s//v$(date +%Y.%m.%d)/;b};:a;N;ba' version.txt","sed -i '0,/v[0-9]\+\.[0-9]\+\.[0-9]\+/s//v$(date +%Y.%m.%d)/' version.txt",False,True,True,3
Q4_K_M:2,Q4_K_M,2,"Run the command ""make"" and log both stdout and stderr to build.log",make > build.log 2>&1,make > build.log 2>&1,True,True,True,5
Q4_K_M:2,Q4_K_M,2,"Write a one‑liner that continuously monitors /proc/meminfo, and when free memory drops below 200 MiB, writes a warning with timestamp to /var/log/mem_warn.log.","while true; do mem=$(awk '/MemAvailable/ {print $2}' /proc/meminfo); if [ $mem -lt 200000 ]; then echo ""$(date +%F\\%T) Low memory: $mem kB"" >> /var/log/mem_warn.log; fi; sleep 5; done &","watch -n 5 ""awk '/MemFree/ {if(\$2<204800) print \""$(date +'%F %T') WARN: Low memory \$2 kB\"" >> /var/log/mem_warn.log}' /proc/meminfo""",False,True,True,4
Q4_K_M:2,Q4_K_M,2,"Create a symbolic link named ""latest.log"" pointing to ""log_2023_09_01.txt"".",ln -s log_2023_09_01.txt latest.log,ln -s log_2023_09_01.txt latest.log,True,True,True,5
Q4_K_M:2,Q4_K_M,2,Display the LVM logical volume status,lvdisplay YOUR_DEVICE,lvdisplay /dev/vg_example/lv_example,False,True,True,3
Q4_K_M:2,Q4_K_M,2,Clone a remote Git repository named 'example.git',git clone https://github.com/user/example.git,git clone example.git,False,True,True,3
Q4_K_M:2,Q4_K_M,2,Display the current swap usage in megabytes,"free -m | awk '/Swap/ {print $3"" MB used""}'","free -m | awk '/Swap/ {print $3"" MB used, ""$4"" MB free""}'",False,True,True,4
Q4_K_M:2,Q4_K_M,2,Display the unique lines of a file 'file.txt',sort file.txt | uniq,uniq file.txt,False,True,True,3
Q4_K_M:2,Q4_K_M,2,"Using ffmpeg, batch‑convert all .mov videos in ~/videos to .mp4 with H.264 video codec and AAC audio, preserving original filenames, and store them in ~/converted.","mkdir -p ~/converted && for f in ~/videos/*.mov; do ffmpeg -i ""$f"" -c:v libx264 -c:a aac -strict experimental ""${f%.mov}.mp4"" && mv ""${f%.mov}.mp4"" ~/converted/; done","mkdir -p ~/converted; for f in ~/videos/*.mov; do ffmpeg -i ""$f"" -c:v libx264 -c:a aac ""~/converted/$(basename ""${f%.*}"").mp4""; done",False,True,True,4
Q4_K_M:2,Q4_K_M,2,"Print the first 5 fields of each line in ""data.csv"" using comma as delimiter","cut -d',' -f1-5 data.csv","cut -d',' -f1-5 data.csv",True,True,True,5
Q4_K_M:2,Q4_K_M,2,Change the permissions of a file named 'file.txt' to '755',chmod 755 file.txt,chmod 755 file.txt,True,True,True,5
Q4_K_M:4,Q4_K_M,4,"Convert the image ""photo.png"" to a JPEG with 80% quality using ImageMagick.",convert photo.png -quality 80 photo.jpg,convert photo.png -quality 80 photo.jpg,True,True,True,5
Q4_K_M:4,Q4_K_M,4,"Using find, locate all .sh files that contain the string ""TODO"", replace it with ""DONE"" in‑place, and create a backup of each modified file with a .bak extension.","find . -type f -name ""*.sh"" -exec grep -l ""TODO"" {} \; | while read -r file; do
  grep -l ""TODO"" ""$file"" | xargs -r sed -i.bak 's/TODO/DONE/g'
done","find . -type f -name ""*.sh"" -exec grep -l ""TODO"" {} + | while read -r f; do cp ""$f"" ""$f.bak""; sed -i 's/TODO/DONE/g' ""$f""; done",False,True,True,3
Q4_K_M:4,Q4_K_M,4,"Download a file with progress bar and resume capability from ""https://example.com/large.iso"".",wget --progress=bar https://example.com/large.iso,wget -c https://example.com/large.iso,False,True,True,3
Q4_K_M:4,Q4_K_M,4,Sort the contents of unsorted.txt alphabetically and remove duplicates.,sort -u unsorted.txt -o sorted_unique.txt,sort -u unsorted.txt > sorted_unique.txt,False,True,True,5
Q4_K_M:4,Q4_K_M,4,Show the 10 most recent entries in the system journal,journalctl -n 10,journalctl -n 10 --no-pager,False,True,True,4
Q4_K_M:4,Q4_K_M,4,Show the current load averages,cat /proc/loadavg,cat /proc/loadavg,True,True,True,5
Q4_K_M:4,Q4_K_M,4,Create RAM disk 1G,sudo mount -t tmpfs -o size=1G tmpfs /mnt/ramdisk,sudo mkdir -p /mnt/ram && sudo mount -t tmpfs -o size=1G tmpfs /mnt/ram,False,True,True,3
Q4_K_M:4,Q4_K_M,4,Create alias ll for ls -la,alias ll='ls -la',$ alias ll='ls -la',False,True,True,5
Q4_K_M:4,Q4_K_M,4,Display the first 10 lines of a file named data.log,head -n 10 data.log,head -n 10 data.log,True,True,True,5
Q4_K_M:4,Q4_K_M,4,"Download a file from ""https://example.com/file.tar.gz"" using wget",wget https://example.com/file.tar.gz,wget https://example.com/file.tar.gz,True,True,True,5
Q4_K_M:4,Q4_K_M,4,Find all Python files that contain the string 'TODO',"grep -R ""TODO"" --include=""*.py"" .","grep -R ""TODO"" --include='*.py' .
./module/utils.py:# TODO: refactor this function",False,True,True,5
Q4_K_M:4,Q4_K_M,4,"Create a command that monitors /var/log/syslog for lines containing the word ""CRITICAL"", extracts the timestamp and the message, and sends an email alert with the extracted info to admin@example.com using sendmail.","tail -F /var/log/syslog | grep --line-buffered ""CRITICAL"" | while read -r line; do ts=$(echo ""$line"" | awk '{print $1"" ""$2"" ""$3}'); msg=$(echo ""$line"" | awk '{print $4"" ""$5"" ""$6}'); echo -e ""Subject: Critical Alert\n\nTimestamp: $ts\nMessage: $msg"" | sendmail admin@example.com; done","tail -F /var/log/syslog | grep --line-buffered 'CRITICAL' | while read -r line; do
  ts=$(echo ""$line"" | awk '{print $1"" ""$2"" ""$3}')
  msg=$(echo ""$line"" | cut -d' ' -f4-)
  printf ""Subject: Critical alert\n\nTime: %s\nMessage: %s\n"" ""$ts"" ""$msg"" | sendmail admin@example.com
done &",False,True,True,3
Q4_K_M:4,Q4_K_M,4,Create a user called alice with a home directory and bash shell,sudo useradd -m -s /bin/bash alice,sudo useradd -m -s /bin/bash alice,True,True,True,5
Q4_K_M:4,Q4_K_M,4,"Show the last 20 lines of the Apache access log, but only the IP addresses.",tail -n 20 /var/log/apache2/access.log | awk '{print $1}',tail -n 20 /var/log/apache2/access.log | awk '{print $1}',True,True,True,5
Q4_K_M:4,Q4_K_M,4,"List the 10 largest files in /home, sorted descending.",find /home -type f -exec du -h {} + | sort -rh | head -n 10,find /home -type f -exec du -h {} + | sort -rh | head -n 10,True,True,True,5
Q4_K_M:4,Q4_K_M,4,Extend a LVM logical volume,lvextend -L +500M /dev/vg_example/lv_example,lvextend -L +100M /dev/vg_example/lv_example,False,True,True,3
Q4_K_M:4,Q4_K_M,4,"Using perl, replace any occurrence of dates in MM/DD/YYYY format in all .txt files under /data with ISO format YYYY‑MM‑DD, editing files in‑place.",perl -pi -e 's/(\d{2})\/(\d{2})\/(\d{4})/$3-$2-$1/g' /data/*.txt,find /data -type f -name '*.txt' -print0 | xargs -0 perl -i -pe 's/(\d{2})\/(\d{2})\/(\d{4})/$3-\$1-\$2/g',False,True,True,3
Q4_K_M:4,Q4_K_M,4,Show the current user and their groups,id,id,True,True,True,5
Q4_K_M:4,Q4_K_M,4,Show the last login time for the current user,lastlog -u $USER,last -n 1 $(whoami),False,True,True,4
Q4_K_M:4,Q4_K_M,4,Show the current shell's process ID,"echo $$
12345",echo $$,False,True,True,4
Q4_K_M:4,Q4_K_M,4,Create a new system group named 'example',groupadd example,groupadd example,True,True,True,5
Q4_K_M:4,Q4_K_M,4,"Show the 3 most frequently occurring words in ""book.txt"" (ignore case, strip punctuation).",tr -cs '[:alnum:]' '\n' < book.txt | tr '[:upper:]' '[:lower:]' | sort | uniq -c | sort -rn | head -n 3,"tr -c ""[:alnum:]"" ""\n"" < book.txt | tr '[:upper:]' '[:lower:]' | sort | uniq -c | sort -nr | head -n 3",False,True,True,4
Q4_K_M:4,Q4_K_M,4,"Using sed, transform a configuration file /etc/app.conf by commenting out any line that starts with ""debug="" and appending a new line ""debug=off"" at the end of the file, all in-place.",sed -i '/^debug=/s/^/#/' /etc/app.conf && echo 'debug=off' >> /etc/app.conf,sed -i '/^debug=/s/^/#/' /etc/app.conf && echo 'debug=off' >> /etc/app.conf,True,True,True,5
Q4_K_M:4,Q4_K_M,4,"Show the difference between two directories dirA and dirB, ignoring empty files.",diff -qr dirA dirB,"diff -qr dirA dirB | grep -v ""Only in""",False,True,True,3
Q4_K_M:4,Q4_K_M,4,Create a 1 GB file filled with zeros named zero.bin.,dd if=/dev/zero of=zero.bin bs=1M count=1024,dd if=/dev/zero of=zero.bin bs=1M count=1024,True,True,True,5
Q4_K_M:4,Q4_K_M,4,Create a new group,groupadd YOUR_GROUP,groupadd newgroup,False,True,True,5
Q4_K_M:4,Q4_K_M,4,"Kill all processes named ""node""",pkill node,pkill node,True,True,True,5
Q4_K_M:4,Q4_K_M,4,Print the current working directory in bold text using ANSI escape codes.,"echo -e ""\033[1m$(pwd)\033[0m""","printf ""\e[1m$(pwd)\e[0m\n""",False,True,True,4
Q4_K_M:4,Q4_K_M,4,"Create a Bash function that takes a directory and a file extension, calculates the total size of all files with that extension, and prints the size in megabytes with three decimal places.","size_of_ext(){
  dir=""$1""
  ext=""$2""
  size=$(find ""$dir"" -type f -name ""*.$ext"" -exec du -sm {} + | awk '{s+=$1} END {print s}')
  printf ""%.3f MB\n"" ""$size""
}","total_size() {
  local dir=""$1""
  local ext=""$2""
  local bytes=$(find ""$dir"" -type f -name ""*.$ext"" -printf ""%s\n"" | awk '{total+=$1} END {print total}')
  printf ""Total size: %.3f MB\n"" ""$(echo ""scale=6; $bytes/1024/1024"" | bc)""
}",False,True,True,4
Q4_K_M:4,Q4_K_M,4,Create a new git repository in the current directory,git init,git init,True,True,True,5
Q4_K_M:4,Q4_K_M,4,"Show the top 10 lines of the output of ""dmesg"" that contain the word ""usb""",dmesg | grep usb | head -n 10,dmesg | grep -i usb | head -n 10,False,True,True,3
Q4_K_M:4,Q4_K_M,4,Count the number of lines in input.txt,wc -l < input.txt,"$ wc -l input.txt
42",False,True,True,5
Q4_K_M:4,Q4_K_M,4,Create a new archive 'archive.tar' from a directory 'example',tar -cvf archive.tar example,tar -cvf archive.tar example,True,True,True,5
Q4_K_M:4,Q4_K_M,4,Check whether the port 3306 is listening on the local machine.,ss -ltn | grep ':3306 ',ss -tuln | grep ':3306',False,True,True,4
Q4_K_M:4,Q4_K_M,4,"Merge the branch ""dev"" into the current branch without fast‑forward","git merge -m ""Merge dev into main"" dev",git merge --no-ff dev,False,True,True,2
Q4_K_M:4,Q4_K_M,4,Show last 20 lines of syslog,tail -n 20 /var/log/syslog,sudo tail -n 20 /var/log/syslog,False,True,True,4
Q4_K_M:4,Q4_K_M,4,Show the file type of the file 'example.txt',file example.txt,file example.txt,True,True,True,5
Q4_K_M:4,Q4_K_M,4,Show the IP address and hostname of the machine,hostname -I,hostname -I && hostname,False,True,True,3
Q4_K_M:4,Q4_K_M,4,"Provide a Bash one‑liner that reads a large JSON array from stdin, streams each object to jq to extract the ""id"" and ""status"" fields, and writes them as CSV rows to output.csv without loading the entire array into memory.","jq -c 'select(.id && .status) | [.id, .status] | @csv' | tee output.csv","jq -r '.[] | [.id, .status] | @csv' > output.csv",False,True,True,3
Q4_K_M:4,Q4_K_M,4,"Find and replace the string ""VERSION=1.0"" with ""VERSION=2.0"" in all ""Makefile"" files recursively.","find . -type f -name ""Makefile"" -exec sed -i 's/VERSION=1.0/VERSION=2.0/g' {} \;","find . -type f -name ""Makefile"" -exec sed -i 's/VERSION=1\.0/VERSION=2.0/g' {} +",False,True,True,3
Q4_K_M:4,Q4_K_M,4,Show the total number of files in the current directory and its subdirectories,find . -type f | wc -l,find . -type f | wc -l,True,True,True,5
Q4_K_M:4,Q4_K_M,4,"Find all Docker containers that have been exited for more than 24 hours and remove them, then output the IDs of removed containers.","docker ps -a --filter ""status=exited"" --format ""{{.ID}} {{.RunningFor}}"" | while read id time; do if [[ $time == *""days""* ]]; then days=$(echo $time | grep -o '[0-9]\+'); if (( days >= 2 )); then docker rm ""$id""; echo ""Removed $id""; fi; fi; done","ids=$(docker ps -a --filter 'status=exited' --filter 'exited=24h' -q); [ -n ""$ids"" ] && docker rm $ids && echo ""Removed containers: $ids"" || echo ""No containers to remove""",False,True,True,3
Q4_K_M:4,Q4_K_M,4,Extract the third column from a space‑separated file and sort it uniquely,cut -d' ' -f3 YOUR_FILE | sort -u,cut -d' ' -f3 data.txt | sort -u,False,True,True,5
Q4_K_M:4,Q4_K_M,4,Print the number of CPU cores,nproc,nproc,True,True,True,5
Q4_K_M:4,Q4_K_M,4,"Download the file https://example.com/archive.tar.gz and save it as /tmp/archive.tar.gz, showing a progress bar.",wget --progress=bar https://example.com/archive.tar.gz -O /tmp/archive.tar.gz,curl -L --progress-bar https://example.com/archive.tar.gz -o /tmp/archive.tar.gz,False,True,True,5
Q4_K_M:4,Q4_K_M,4,"Search recursively for the pattern ""TODO"" in the src/ directory and show line numbers","grep -Rn ""TODO"" src/","grep -R ""TODO"" -n src/",False,True,True,5
Q4_K_M:4,Q4_K_M,4,Start a system service named 'service_name',systemctl start service_name,systemctl start service_name,True,True,True,5
Q4_K_M:4,Q4_K_M,4,Add a user named 'example' to a group named 'example',usermod -aG example example,usermod -aG example example,True,True,True,5
Q4_K_M:4,Q4_K_M,4,Find all files larger than 100 MB in /var and list their sizes in a human‑readable format.,find /var -type f -size +100M -exec du -h {} +,"find /var -type f -size +100M -exec ls -lh {} + | awk '{print $5, $9}'",False,True,True,4
Q4_K_M:4,Q4_K_M,4,Change the permissions of the directory /var/www to 750 recursively.,chmod -R 750 /var/www,chmod -R 750 /var/www,True,True,True,5
Q4_K_M:4,Q4_K_M,4,Show the IP addresses of all network interfaces,ip -brief address,ip -brief address,True,True,True,5
Q4_K_M:4,Q4_K_M,4,"Using find, locate all executable files in /usr/local/bin that have been modified in the last week, and create a tar archive named recent_bins.tar containing them while preserving permissions.",find /usr/local/bin -type f -executable -mtime -7 -print0 | tar --null -czf recent_bins.tar --files-from=-,find /usr/local/bin -type f -executable -mtime -7 -print0 | tar --null -cvf recent_bins.tar --files-from=-,False,True,True,3
Q4_K_M:4,Q4_K_M,4,"Using awk, compute the average response time from an Nginx access log assuming the response time is the last field in each line.",awk '{sum+=$NF; n++} END {print sum/n}' /var/log/nginx/access.log,"awk '{sum+=$NF; cnt++} END {if (cnt>0) printf ""Average response time: %.3f\n"", sum/cnt}' /var/log/nginx/access.log",False,True,True,4
Q4_K_M:4,Q4_K_M,4,"Append the line 'alias ll=""ls -la""' to ~/.bashrc","echo 'alias ll=""ls -la""' >> ~/.bashrc","echo 'alias ll=""ls -la""' >> ~/.bashrc",True,True,True,5
Q4_K_M:4,Q4_K_M,4,List all Docker images that are not currently used by any container (dangling).,"docker images --filter ""dangling=true"" -q",docker images -f dangling=true,False,True,True,5
Q4_K_M:4,Q4_K_M,4,"Decompress ""archive.gz"" and write output to ""archive""",gunzip archive.gz,gunzip -c archive.gz > archive,False,True,True,3
Q4_K_M:4,Q4_K_M,4,"Create a temporary file and write ""Hello World"" into it, then display its path","tmpfile=$(mktemp) && echo ""Hello World"" > ""$tmpfile"" && echo ""$tmpfile""","tmpfile=$(mktemp) && echo ""Hello World"" > ""$tmpfile"" && echo ""$tmpfile""",True,True,True,5
Q4_K_M:4,Q4_K_M,4,"Convert all spaces at the beginning of lines in ""script.sh"" to tabs (assuming 4 spaces per tab).","sed -i 's/^ \{4,\}/\t/' script.sh",expand -t 4 -i script.sh > script_tmp.sh && mv script_tmp.sh script.sh,False,True,True,2
Q4_K_M:4,Q4_K_M,4,Show the current firewall rules using iptables,sudo iptables -L -n,sudo iptables -L -v -n,False,True,True,4
Q4_K_M:4,Q4_K_M,4,"Create a new virtual environment named ""venv"" using Python 3",python3 -m venv venv,python3 -m venv venv,True,True,True,5
Q4_K_M:4,Q4_K_M,4,"Check the syntax of the Bash script ""deploy.sh"" without executing it.",bash -n deploy.sh,bash -n deploy.sh,True,True,True,5
Q4_K_M:4,Q4_K_M,4,"Find all services that are enabled but not currently running, and start them automatically.",systemctl list-unit-files --type=service | grep enabled | grep -v running | awk '{print $1}' | xargs systemctl enable,"systemctl list-unit-files --type=service --state=enabled | awk 'NR>1{print $1}' | while read svc; do
  if ! systemctl is-active --quiet ""$svc""; then
    systemctl start ""$svc""
  fi
done",False,True,True,1
Q4_K_M:4,Q4_K_M,4,"List the top 10 IP addresses accessing the Apache access log, sorted by request count, and output the result as a JSON array of objects with fields ""ip"" and ""hits"".","awk '{print $1}' /var/log/apache2/access.log | sort | uniq -c | sort -nr | head -n 10 | while read cnt ip; do echo ""{\""ip\"": \""$ip\"", \""hits\"": $cnt}""; done | jq -s '.'","#!/usr/bin/env bash
awk '{print $1}' /var/log/apache2/access.log | sort | uniq -c | sort -nr | head -10 \
    | awk '{print ""{\""ip\"": \""""$2""\"", \""hits\"": ""$1""}""}' \
    | jq -s '.'",False,True,True,4
Q4_K_M:4,Q4_K_M,4,"Use sed to replace all occurrences of a specific string in a file, and then use diff to compare the original and modified files",sed 's/old_string/new_string/g' file.txt > file_modified.txt; diff file.txt file_modified.txt,sed 's/old_string/new_string/g' file.txt > modified_file.txt; diff file.txt modified_file.txt,False,True,True,5
Q4_K_M:4,Q4_K_M,4,"Create a command that finds all files larger than 1 GiB, moves them to /mnt/large_files preserving directory structure, and logs the original and new paths to /var/log/large_file_moves.log.","#!/usr/bin/env bash
find / -type f -size +1G -exec sh -c 'cp ""$1"" ""/mnt/large_files/$(dirname ""$1"")"" && echo ""$(realpath ""$1"") -> $(realpath ""/mnt/large_files/$(dirname ""$1"")/$(basename ""$1"")"")"" >> /var/log/large_file_moves.log' _ {} \;","find / -type f -size +1G -print0 | while IFS= read -r -d '' f; do rel=${f#/}; dest=""/mnt/large_files/$rel""; mkdir -p ""$(dirname ""$dest"")"" && mv ""$f"" ""$dest"" && echo ""$(date +%F_%T) $f -> $dest"" >> /var/log/large_file_moves.log; done",False,True,True,3
Q4_K_M:4,Q4_K_M,4,"Generate a report of disk usage per user on /home, sorted descending, and output as a JSON array.","printf '['; find /home -type f -printf '%u %s\n' | sort | uniq -c | sort -nr | while read cnt user size; do printf '{""user"":""%s"",""size"":%s},'; done; printf ']';","du -sh /home/* 2>/dev/null | \
  awk '{print $2"":""$1}' | \
  while IFS="":"" read user size; do echo ""{\""user\"":\""${user#/home/}\"",\""size\"":\""$size\""}""; done | \
  jq -s 'sort_by(.size|sub(""[KMG]$"";"""";""g"")|tonumber) | reverse'",False,True,True,1
Q4_K_M:4,Q4_K_M,4,"Write a Bash script that generates a histogram of HTTP response codes from an Apache log, using awk to count each code and then printing a simple bar chart with '*' characters.","#!/usr/bin/env bash
awk '{print $9}' /var/log/apache2/access.log | sort | uniq -c | while read count code; do
  printf ""%s %s | "", $code, $count;
  for ((i=0;i<$count;i++)); do echo -n '*'; done;
  echo;
done","#!/usr/bin/env bash\nlog=/var/log/apache2/access.log\nawk '{print $9}' ""$log"" |\n  sort | uniq -c |\n  awk '{printf ""%s %s %s\n"", $2, $1, sprintf(""%*s"", $1, """").gsub(/ /,""*"")}'",False,True,True,4
Q4_K_M:4,Q4_K_M,4,List the files in a package named 'example',dpkg -L example,dpkg -L example,True,True,True,5
Q4_K_M:4,Q4_K_M,4,"Show detailed information of files in the /var/log directory, sorted by size descending.",find /var/log -type f -exec ls -lh {} + | sort -k5 -rh,ls -lhS /var/log,False,True,True,3
Q4_K_M:4,Q4_K_M,4,Schedule a one‑time system shutdown at 23:30 today.,sudo shutdown -h now,sudo shutdown -h 23:30,False,True,True,2
Q4_K_M:4,Q4_K_M,4,"Using only bash and coreutils, generate a progress bar that shows the copy progress of a 5 GiB file src.bin to /mnt/backup/src.bin, updating every second.",cp --progress src.bin /mnt/backup/src.bin,"{ dd if=src.bin of=/mnt/backup/src.bin bs=4M status=none & pid=$!; while kill -0 $pid 2>/dev/null; do copied=$(stat --format=%s /mnt/backup/src.bin 2>/dev/null || echo 0); percent=$(( copied*100/5368709120 )); printf ""\rProgress: [%-50s] %3d%%"" $(printf ""#""{1..$((percent/2))}) $percent; sleep 1; done; wait $pid; echo; }",False,True,True,5
Q4_K_M:4,Q4_K_M,4,"Print the contents of ""data.json"" with syntax highlighting using ""jq""",jq '.' data.json,"jq . data.json
{
  ""name"": ""example"",
  ""value"": 42
}",False,True,True,5
Q4_K_M:4,Q4_K_M,4,Remove the directory temp_dir and all its contents without prompting,rm -rf temp_dir,rm -rf temp_dir,True,True,True,5
Q4_K_M:4,Q4_K_M,4,"Write a Bash one‑liner that lists all users on the system who have not logged in for more than 90 days, using /var/log/lastlog, and disables their accounts with usermod.","awk -F: '($3>=500){print $1}' /etc/passwd | while read user; do lastlog -u ""$user"" | awk 'NR==2{print $1}' | grep -q -E '^[0-9]{2}\/[0-9]{2}\/[0-9]{2}' && lastlog -u ""$user"" | awk 'NR==2{print $4}' | grep -q -E '^[0-9]{2}\/[0-9]{2}\/[0-9]{2}' && (( $(date -","while IFS=: read -r user _ uid _ _ _ _; do
  if ((uid>=1000)); then
    last=$(lastlog -u ""$user"" | awk 'NR==2 {print $4,$5,$6}')
    if [[ ""$last"" == '**Never logged in**' ]] || (( $(date -d ""$last"" +%s) < $(date -d '-90 days' +%s) )); then
      usermod -L ""$user""
    fi
  fi
done < <(cut -d: -f1,3 /etc/passwd)",False,True,False,1
Q4_K_M:4,Q4_K_M,4,"List all Docker images sorted by size, showing the top 5","docker images --format ""{{.Repository}} {{.Tag}} {{.Size}}"" | sort -hr | head -n 5","docker images --format ""{{.Repository}}:{{.Tag}} {{.Size}}"" | sort -k2 -h | tail -n 5",False,True,True,3
Q4_K_M:4,Q4_K_M,4,"Copy the local file report.pdf to the remote host /tmp directory using scp, preserving timestamps.",scp -p report.pdf user@remote:/tmp,scp -p report.pdf user@example.com:/tmp/,False,True,True,3
Q4_K_M:4,Q4_K_M,4,Extract the contents of a compressed archive named 'archive.tar.gz',tar -xzvf archive.tar.gz,tar -xzvf archive.tar.gz,True,True,True,5
Q4_K_M:4,Q4_K_M,4,Create a new file named 'example.txt' and write 'Hello World' to it,echo 'Hello World' > example.txt,echo 'Hello World' > example.txt,True,True,True,5
Q4_K_M:4,Q4_K_M,4,Generate a random UUID and print it.,uuidgen,uuidgen,True,True,True,5
Q4_K_M:4,Q4_K_M,4,"Write a Bash one-liner that lists the 5 largest files in /var/www, showing size in human readable format and full path, sorted descending.",find /var/www -type f -exec du -h {} + | sort -hr | head -n 5,"#!/usr/bin/env bash
find /var/www -type f -exec du -h {} + | sort -hr | head -5",False,True,True,5
Q4_K_M:4,Q4_K_M,4,"Write a Bash one‑liner that prints the number of CPUs, total memory in GB, and the system uptime in days, formatted as JSON.","printf '{""cpus"": %d, ""mem_gb"": %.2f, ""uptime_days"": %.2f}\n' ""$(nproc)"" ""$(awk '/MemTotal/ {printf ""%.2f"", $2/1024}' /proc/meminfo)"" ""$(awk '/Uptime/ {print $2}' /proc/uptime | cut -d. -f1/86400)""","printf '{""cpus"":%d,""memory_gb"":%.2f,""uptime_days"":%.2f}\n' ""$(nproc)"" ""$(awk '/MemTotal/ {printf $2/1024/1024}' /proc/meminfo)"" ""$(awk '{print $1/86400}' /proc/uptime)""",False,True,True,3
Q4_K_M:4,Q4_K_M,4,"Create a Bash function that accepts a git branch name, checks out the branch, rebases it onto master, runs the test suite, and if successful, pushes the branch; otherwise, aborts the rebase and returns to the previous branch.","git_rebase_test() {
  local branch=""$1""
  git checkout ""$branch"" && git rebase master && git test && git push origin ""$branch"" || {
    git rebase --abort && git checkout ""$branch""
    echo ""Rebase failed, aborting""
  }
}","git_sync(){ local branch=""$1""; local cur=$(git rev-parse --abbrev-ref HEAD); git checkout ""$branch"" && git rebase master && if ./run_tests.sh; then git push origin ""$branch""; else git rebase --abort && git checkout ""$cur""; fi; }",False,True,True,1
Q4_K_M:4,Q4_K_M,4,Create a zip archive of the 'example' directory,zip -r example.zip example,zip -r example.zip example,True,True,True,5
Q4_K_M:4,Q4_K_M,4,"Create a pipeline that reads a large log file, extracts JSON objects embedded in lines, pretty-prints them with jq, and writes to json_logs.txt, handling malformed JSON gracefully.",grep -a '{' large.log | grep -a '}' | jq -c . 2>/dev/null | tee json_logs.txt,"grep -o '{.*}' large.log |
  while read line; do
    echo ""$line"" | jq . 2>/dev/null || echo ""Malformed JSON: $line"" >> errors.log
  done > json_logs.txt",False,True,True,2
Q4_K_M:4,Q4_K_M,4,"Using curl, download the latest release tarball of jq from GitHub API, verify its SHA256 checksum against the value returned by the API, and extract it to ~/tools/jq_latest/ if verification succeeds.","api_url=""https://api.github.com/repos/jqlang/jq/releases/latest""
curl -sSL ""$api_url"" | jq -r '.assets[] | select(.name|endswith("".tar.gz"")) | .browser_download_url' | while read -r url; do
  filename=$(basename ""$url"")
  curl -sSL ""$url"" -o ""$filename""
  expected=$(curl -sSL ""$api_url"" | jq -r '.assets[] | select(.name==""jq-linux64.tar.gz"") | .browser_download_url' | grep -o 'sha256:[0-9a","url=$(curl -s https://api.github.com/repos/stedolan/jq/releases/latest | jq -r '.assets[] | select(.name|test(""jq-.*\.tar\.gz"")) | .browser_download_url'); checksum=$(curl -s https://api.github.com/repos/stedolan/jq/releases/latest | jq -r '.assets[] | select(.name|test(""jq-.*\.tar\.gz\.sha256"")) | .browser_download_url' | xargs curl -sL); curl -L -o /tmp/jq.tar.gz ""$url""; echo ""$checksum  /tmp/jq.tar.gz"" | sha256sum -c - && mkdir -p ~/tools/jq_latest && tar -xzf /tmp/jq.tar.gz -C ~/tools/jq_latest",False,True,False,1
Q4_K_M:4,Q4_K_M,4,"Create a pipeline that reads a CSV of user data, filters rows where age > 30, extracts the email column, removes duplicates, and writes them to emails.txt.","awk -F',' '$3>30 {print $4}' users.csv | sort -u > emails.txt","awk -F',' '$3>30 {print $5}' users.csv | sort -u > emails.txt",False,True,True,3
Q4_K_M:4,Q4_K_M,4,Display the current bash version.,echo $BASH_VERSION,echo $BASH_VERSION,True,True,True,5
Q4_K_M:4,Q4_K_M,4,Check the disk information,df -h,lsblk,False,True,True,5
Q4_K_M:4,Q4_K_M,4,Create a new directory named 'test',mkdir test,mkdir test,True,True,True,5
Q4_K_M:4,Q4_K_M,4,"Create a symbolic link named ""latest"" pointing to ""release_v2.3""",ln -s release_v2.3 latest,ln -s release_v2.3 latest,True,True,True,5
Q4_K_M:4,Q4_K_M,4,Display the current user's groups as a space‑separated list.,groups,id -Gn,False,True,True,5
Q4_K_M:4,Q4_K_M,4,"Find all ELF binaries in /usr/local/bin that are not owned by root, change their ownership to root:root, and set the setuid bit, logging each change to /var/log/setuid_changes.log.","find /usr/local/bin -type f -exec file {} \; | grep 'ELF' | cut -d: -f1 | while read bin; do if [ $(stat -c %U ""$bin"") != 'root' ]; then chown root:root ""$bin"" && chmod u+s ""$bin"" && echo ""$(date +%F_%T) $bin setuid"" >> /var/log/setuid_changes.log; fi; done","#!/usr/bin/env bash
find /usr/local/bin -type f -executable -exec file {} \; | grep -i ELF | cut -d: -f1 | while read -r bin; do
  if [ $(stat -c %U ""$bin"") != ""root"" ]; then
    chown root:root ""$bin""
    chmod u+s ""$bin""
    echo ""$(date '+%F %T') Modified $bin"" >> /var/log/setuid_changes.log
  fi
done",False,True,True,5
Q4_K_M:4,Q4_K_M,4,"Write a Bash one‑liner that extracts all IPv4 addresses from access.log, counts occurrences, and prints the top 5 attackers.","awk '{print $1}' access.log | grep -Eo '([0-9]{1,3}\.){3}[0-9]{1,3}' | sort | uniq -c | sort -nr | head -n 5","awk '{for(i=1;i<=NF;i++) if($i ~ /([0-9]{1,3}\.){3}[0-9]{1,3}/) print $i}' access.log | sort | uniq -c | sort -nr | head -5",False,True,True,2
Q4_K_M:4,Q4_K_M,4,Extract the tar.gz archive backup.tar.gz into /opt/backup,tar -xzvf backup.tar.gz -C /opt/backup,tar -xzf backup.tar.gz -C /opt/backup,False,True,True,4
Q4_K_M:4,Q4_K_M,4,"Download the file from ""https://example.com/file.txt"" and save it as ""file.txt"".",curl -L -o file.txt https://example.com/file.txt,curl -L -o file.txt https://example.com/file.txt,True,True,True,5
Q4_K_M:4,Q4_K_M,4,"Write a pipeline that reads a list of URLs from urls.txt, downloads each with curl (max 3 retries, 10s timeout), computes its SHA256, and writes ""<url> <sha256>"" to checksums.txt, skipping URLs that fail after retries.","while read -r url; do for i in {1..3}; do curl -m 10 --retry 3 --retry-delay 2 -sSL ""$url"" -o ""$(basename ""$url"")"" && sha256sum ""$(basename ""$url"")"" >> checksums.txt && break; done; done < urls.txt","while read -r url; do sha=$(curl -sSf --retry 3 --max-time 10 ""$url"" | sha256sum | awk '{print $1}') && echo ""$url $sha"" >> checksums.txt; done < urls.txt",False,True,True,3
Q4_K_M:4,Q4_K_M,4,"Create a new user ""devuser"" with a home directory and default shell /bin/bash.",sudo useradd -m -s /bin/bash devuser,sudo useradd -m -s /bin/bash devuser,True,True,True,5
Q4_K_M:4,Q4_K_M,4,Change the permissions of a file named 'file.txt' to 'rwxr-x',chmod 755 file.txt,chmod 755 file.txt,True,True,True,5
Q4_K_M:4,Q4_K_M,4,"Using find and chmod, locate all executable files in /opt/scripts that are not owned by root, and change their ownership to root while preserving the executable bits.",find /opt/scripts -type f -perm -111 ! -user root -exec chmod 755 {} \;,"find /opt/scripts -type f -executable ! -user root -exec chown root:{} \; -exec chmod u+x,g+x,o+x {} \;",False,True,True,2
Q4_K_M:4,Q4_K_M,4,"Replace every occurrence of a UUID (format 8-4-4-4-12 hex) in all *.txt files under /data with a newly generated UUID, preserving the rest of the file content.","#!/usr/bin/env bash
find /data -type f -name ""*.txt"" -print0 | xargs -0 -I{} sh -c 'uuid=$(cat /proc/sys/kernel/random/uuid); sed -i ""s/$(echo ""$uuid"" | tr -d '[:space:]')/$(cat /proc/sys/kernel/random/uuid)/g"" ""{}""'","find /data -type f -name '*.txt' -print0 | xargs -0 -I{} bash -c 'sed -i -E ""s/[0-9a-fA-F]{8}(-[0-9a-fA-F]{4}){3}-[0-9a-fA-F]{12}/$(uuidgen)/g"" ""{}""'",False,True,True,3
Q4_K_M:4,Q4_K_M,4,Append the contents 'Hello World' to a file named 'file.txt',echo 'Hello World' >> file.txt,echo 'Hello World' >> file.txt,True,True,True,5
Q4_K_M:4,Q4_K_M,4,"Using curl, download a JSON API at https://api.example.com/data, extract the field ""items"" (an array), and for each item, download the URL in its ""download_url"" field concurrently (max 5 parallel jobs), saving to ./downloads with original filenames.","curl -s https://api.example.com/data | jq -r '.items[] | ""\(.download_url)\"""" | xargs -n1 -P5 -I{} bash -c 'curl -s {} -o ./downloads/$(basename ""{}"")'","curl -s https://api.example.com/data | jq -r '.items[].download_url' | xargs -n1 -P5 -I{} sh -c 'url={}; fname=$(basename ""$url""); curl -s -o ""./downloads/$fname"" ""$url""'",False,True,False,3
Q4_K_M:4,Q4_K_M,4,Find all symbolic links in /usr/local that are broken.,find /usr/local -xtype l,find /usr/local -xtype l,True,True,True,5
Q4_K_M:4,Q4_K_M,4,Print the first 3 fields of /etc/passwd separated by commas,"cut -d: -f1,3,5 /etc/passwd | tr ':' ','","cut -d: -f1,2,3 /etc/passwd | tr ':' ','",False,True,True,2
Q4_K_M:4,Q4_K_M,4,Find all symbolic links in the current directory and list their targets,find . -type l -exec readlink {} \;,find . -type l -ls,False,True,True,5
Q4_K_M:4,Q4_K_M,4,"Create a tarball of the current directory and upload it to a remote server using curl, then verify the upload by checking the file size",tar -czf archive.tar.gz . && curl -u username:password -T archive.tar.gz https://example.com/upload && curl -u username:password -I https://example.com/upload/archive.tar.gz | grep -i size,tar -czf archive.tar.gz . && curl -T archive.tar.gz http://example.com/upload && curl http://example.com/upload/archive.tar.gz | tar -tzf - | wc -c,False,True,True,3
Q4_K_M:4,Q4_K_M,4,Limit the output of ls to the first 20 entries using head.,ls | head -n 20,ls | head -n 20,True,True,True,5
Q4_K_M:4,Q4_K_M,4,Schedule a daily backup at 2 am using cron (edit crontab),"(crontab -l 2>/dev/null; echo ""0 2 * * * /usr/local/bin/backup.sh"") | crontab -","(crontab -l ; echo ""0 2 * * * /usr/local/bin/daily_backup.sh"") | crontab -",False,True,True,4
Q4_K_M:4,Q4_K_M,4,Display the current swap usage in megabytes.,"free -m | awk '/Swap/ {print $3"" MB used, "" $4"" MB total""}'","free -m | awk '/Swap/ {print $3"" MB used, ""$4"" MB free""}'",False,True,True,4
Q4_K_M:4,Q4_K_M,4,Set the system date to 2025‑12‑31 23:59:00 (requires root).,"sudo date -s ""2025-12-31 23:59:00""","sudo date -s ""2025-12-31 23:59:00""",True,True,True,5
Q4_K_M:4,Q4_K_M,4,"Check the syntax of an Nginx configuration file ""/etc/nginx/nginx.conf""",nginx -t -c /etc/nginx/nginx.conf,sudo nginx -t -c /etc/nginx/nginx.conf,False,True,True,4
Q4_K_M:4,Q4_K_M,4,Create a compressed tar archive of the folder src,tar -czf archive.tar.gz src,tar -czvf src.tar.gz src/,False,True,True,4
Q4_K_M:4,Q4_K_M,4,Create a script to download a list of URLs using curl and save them to a specific directory,"#!/usr/bin/env bash
mkdir -p ~/downloads
while IFS= read -r url; do
  curl -sSL ""$url"" -o ~/downloads/$(basename ""$url"")
done < urls.txt",while IFS= read -r url; do curl -o /downloads/${url##*/} $url; done < url_list.txt,False,True,True,4
Q4_K_M:4,Q4_K_M,4,Count how many files are in each subdirectory of the current folder and display the result.,"for d in */; do echo ""$d: $(ls -1 ""$d"" | wc -l) files""; done","for d in */; do echo -n ""$d: ""; find ""$d"" -type f | wc -l; done",False,True,True,3
Q4_K_M:4,Q4_K_M,4,Sort a file named 'file.txt' in ascending order,sort file.txt,sort file.txt,True,True,True,5
Q4_K_M:4,Q4_K_M,4,Create a new archive 'archive1.tar' from the files 'file1' and 'file2',tar -cvf archive1.tar file1 file2,tar cvf archive1.tar file1 file2,False,True,True,5
Q4_K_M:4,Q4_K_M,4,"Count the number of lines, words, and characters in file.txt",wc file.txt,wc file.txt,True,True,True,5
Q4_K_M:4,Q4_K_M,4,Print the environment variables,printenv,env,False,True,True,5
Q4_K_M:4,Q4_K_M,4,Restart a service on a systemd-based system,systemctl restart service_name,systemctl restart service,False,True,True,5
Q4_K_M:4,Q4_K_M,4,Batch convert PNG to JPEG,mogrify -format jpg *.png,mogrify -format jpg *.png,True,True,True,5
Q4_K_M:4,Q4_K_M,4,"Find all git repositories under /srv, and for each repository print the current branch and the number of uncommitted changes.","find /srv -type d -name .git -prune -print0 | xargs -0 -I{} sh -c 'cd ""{}"" && git rev-parse --abbrev-ref HEAD && git status --porcelain | wc -l'","find /srv -type d -name .git -prune -print | while read gitdir; do repo=$(dirname ""$gitdir""); echo -n ""$repo: ""; (cd ""$repo"" && git rev-parse --abbrev-ref HEAD && git status --porcelain | wc -l | awk '{print $1"" uncommitted changes""}'); done",False,True,True,4
Q4_K_M:4,Q4_K_M,4,Display the current process's environment variables,printenv,printenv,True,True,True,5
Q4_K_M:4,Q4_K_M,4,"Find all empty directories under ""/var/www"" and delete them",find /var/www -type d -empty -delete,find /var/www -type d -empty -delete,True,True,True,5
Q4_K_M:4,Q4_K_M,4,"Replace the first occurrence of ""apple"" with ""orange"" on each line of ""fruits.txt"" and write the result to ""fruits_new.txt"".","sed -i '0,/apple/s//orange/' fruits.txt",sed 's/apple/orange/' fruits.txt > fruits_new.txt,False,True,True,2
Q4_K_M:4,Q4_K_M,4,Display the first 5 columns of a CSV file using awk,"awk -F',' 'NR>1 {print $1,$2,$3,$4,$5}' data.csv","awk -F',' '{print $1,$2,$3,$4,$5}' data.csv",False,True,True,4
Q4_K_M:4,Q4_K_M,4,"Create a Bash function that takes a git branch name, checks out the branch, rebases it onto origin/main, runs the test suite (make test), and if successful, pushes the branch; otherwise, aborts and returns to the previous branch.","git_rebase_push(){ local branch=""$1""; git checkout ""$branch"" && git rebase origin/main && make test && git push origin ""$branch"" || { git rebase --abort; git checkout ""$branch""; }; }","git_rebase_and_push() {
  local branch=$1 prev=$(git rev-parse --abbrev-ref HEAD)
  git checkout ""$branch"" && git fetch origin && git rebase origin/main && make test && git push origin ""$branch"" || { git rebase --abort; git checkout ""$prev""; }
}",False,True,True,4
Q4_K_M:4,Q4_K_M,4,Display the last 5 commands from the shell history,history | tail -n 5,history | tail -n 5,True,True,True,5
Q4_K_M:4,Q4_K_M,4,"Using grep and perl, replace every occurrence of a MAC address in a log file with the string ""[REDACTED]"" and write the result to a new file.",grep -oE '[0-9A-Fa-f]{2}:[0-9A-Fa-f]{2}:[0-9A-Fa-f]{2}:[0-9A-Fa-f]{2}:[0-9A-Fa-f]{2}:[0-9A-Fa-f]{2}' log.txt | perl -pe 's/([0-9A-Fa-f]{2}:[0-9A-Fa-f]{2}:[0-9A-Fa-f]{2}:[0-9A-Fa-f]{2}:[0-9A,perl -pe 's/([0-9A-Fa-f]{2}:){5}[0-9A-Fa-f]{2}/[REDACTED]/g' /var/log/network.log > /var/log/network_redacted.log,False,True,False,1
Q4_K_M:4,Q4_K_M,4,Copy a directory named 'dir' to a remote server named 'server',scp -r dir user@server:/remote/directory,scp -r dir server:dir,False,True,True,3
Q4_K_M:4,Q4_K_M,4,"Recursively replace all occurrences of the word ""ERROR"" with ""WARN"" in *.conf files under /etc/app, but only in files that contain the string ""critical"" somewhere in the file.","find /etc/app -type f -name ""*.conf"" -exec grep -Iq . {} \; -and -exec grep -q ""critical"" {} \; -print0 | xargs -0 sed -i 's/ERROR/WARN/g'",grep -rl 'critical' /etc/app --include='*.conf' | xargs sed -i 's/ERROR/WARN/g',False,True,True,4
Q4_K_M:4,Q4_K_M,4,Display the last 5 git commits that modified src/main.c,git log -5 -- src/main.c,git log -n 5 --pretty=oneline -- src/main.c,False,True,True,4
Q4_K_M:4,Q4_K_M,4,Display the free memory,free -h,free -m,False,True,True,5
Q4_K_M:4,Q4_K_M,4,Create empty file quickly,touch YOUR_FILE,touch newfile,False,True,True,5
Q4_K_M:4,Q4_K_M,4,Show the current SELinux status,getenforce,sestatus,False,True,True,5
Q4_K_M:4,Q4_K_M,4,"Show the first 10 lines of a file named ""report.log"".",head -n 10 report.log,head -n 10 report.log,True,True,True,5
Q4_K_M:4,Q4_K_M,4,"Find all files with world‑writable permissions under /etc, list them with permissions and owner, and optionally fix them by removing the write bit.",find /etc -type f -perm -o=w -exec ls -l {} \;,"find /etc -type f -perm -o=w -ls | awk '{print $3,$5,$11}' # To fix: find /etc -type f -perm -o=w -exec chmod o-w {} \;",False,True,True,4
Q4_K_M:4,Q4_K_M,4,"Replace all occurrences of ""localhost"" with ""127.0.0.1"" in the file hosts.conf, editing the file in place.",sed -i 's/localhost/127.0.0.1/g' hosts.conf,sed -i 's/localhost/127.0.0.1/g' hosts.conf,True,True,True,5
Q4_K_M:4,Q4_K_M,4,Display the SHA256 checksum of the file iso_image.iso.,sha256sum iso_image.iso,sha256sum iso_image.iso,True,True,True,5
Q4_K_M:4,Q4_K_M,4,"Find all duplicate files (by content) under /data, list each set of duplicates on a single line separated by spaces, and delete all but the oldest file in each set.","#!/usr/bin/env bash
find /data -type f -exec md5sum {} + | sort | awk 'prev==$1{print $2} {prev=$1}' | xargs -I{} rm -f {}","fdupes -r /data | while read -r line; do set -- $line; oldest=$(stat -c %Y ""${1}""); keep=""${1}""; for f in ""$@""; do t=$(stat -c %Y ""$f""); if (( t < oldest )); then oldest=$t; keep=$f; fi; done; for f in ""$@""; do [[ $f != $keep ]] && rm -f ""$f""; done; echo ""$line""; done",False,True,True,1
Q4_K_M:4,Q4_K_M,4,"Show the difference between two directories ""dir1"" and ""dir2""",diff -qr dir1 dir2,diff -qr dir1 dir2,True,True,True,5
Q4_K_M:4,Q4_K_M,4,"Generate a report of disk usage per user on /home, showing user, total size in GiB, and number of files, sorted by size descending.","du -sh /home/* | awk -F'/' '{print $3}' | sort -hr | while read user; do size=$(du -s /home/$user | cut -f1 | tr -d 'G'); files=$(find /home/$user -type f | wc -l); echo ""$user\t$size GiB\t$files files""; done","du -sh /home/* 2>/dev/null | awk -F'/' '{print $3}' | while read user; do size=$(du -sb /home/$user 2>/dev/null | cut -f1); files=$(find /home/$user -type f 2>/dev/null | wc -l); printf ""%s\t%.2fGiB\t%d\n"" ""$user"" ""$(echo ""$size/1024/1024/1024"" | bc -l)"" ""$files""; done | sort -k2,2nr",False,True,True,1
Q4_K_M:4,Q4_K_M,4,Concatenate file1.txt and file2.txt into combined.txt,cat file1.txt file2.txt > combined.txt,cat file1.txt file2.txt > combined.txt,True,True,True,5
Q4_K_M:4,Q4_K_M,4,"Write a one‑liner that prints the number of lines added, deleted, and total changed files in the last git commit.",git show --stat HEAD,"git show --stat HEAD | awk '/files changed/ {added+=$4; deleted+=$6} END {print ""Added:"",added,""Deleted:"",deleted,""Files changed:"",NR}'",False,True,True,1
Q4_K_M:4,Q4_K_M,4,"Print the first field (username) of each line in ""/etc/passwd"".",cut -d: -f1 /etc/passwd,cut -d: -f1 /etc/passwd,True,True,True,5
Q4_K_M:4,Q4_K_M,4,"Find all symbolic links under /etc that point to files outside /etc, and list them with their target paths.","find /etc -xtype l -printf '%p %l\n' | while IFS=' ' read link target; do if [ ! -f ""$target"" ] && [ -f ""$(dirname ""$target"")/$(basename ""$target"")"" ]; then echo ""Link: $link -> $(dirname ""$target"")/$(basename ""$target"")""; fi; done","find /etc -type l -printf ""%p -> %l\n"" | awk '$3 !~ /^\/etc/ {print $0}'",False,True,True,2
Q4_K_M:4,Q4_K_M,4,Find all symbolic links in /usr/bin that point to files not existing,"find /usr/bin -xtype l -print0 | xargs -0 -I{} sh -c 'if [ ! -e ""{}"" ]; then echo ""{}""; fi'",find /usr/bin -type l ! -exec test -e {} \; -print,False,True,True,4
Q4_K_M:4,Q4_K_M,4,"Monitor CPU usage every 5 seconds, log spikes above 80% to /var/tmp/cpu_spikes.log with a timestamp, and send an email alert after 3 consecutive spikes.","#!/usr/bin/env bash
spike_count=0
while true; do
  cpu=$(top -bn1 | grep ""%Cpu"" | awk -F',' '{print $1}' | awk '{print $2}')
  if (( $(echo ""$cpu > 80"" | bc -l) )); then
    spike_count=$((spike_count+1))
    echo ""$(date): CPU $cpu%"" >> /var/tmp/cpu_spikes.log
    if (( spike_count >= 3 )); then
      echo ""CPU spike detected: $cpu%"" | mail -s ""CPU Alert"" admin@example.com","spike_count=0
while sleep 5; do
  cpu=$(top -bn1 | grep ""%Cpu"" | awk '{print 100-$8}')
  if (( $(echo ""$cpu > 80"" | bc -l) )); then
    echo ""$(date +%F_%T) CPU=$cpu%"" >> /var/tmp/cpu_spikes.log
    ((spike_count++))
    if ((spike_count>=3)); then
      echo ""CPU spikes detected"" | mail -s ""CPU Alert"" admin@example.com
      spike_count=0
    fi
  else
    spike_count=0
  fi
done",False,True,False,2
Q4_K_M:4,Q4_K_M,4,"Find all files named ""config.yaml"" starting from the home directory",find ~ -type f -name config.yaml,find ~ -type f -name config.yaml,True,True,True,5
Q4_K_M:4,Q4_K_M,4,Run a Python script named train.py with GPU support using CUDA_VISIBLE_DEVICES=0,CUDA_VISIBLE_DEVICES=0 python train.py,CUDA_VISIBLE_DEVICES=0 python train.py,True,True,True,5
Q4_K_M:4,Q4_K_M,4,Create a compressed tar archive of the /var/log directory named logs.tar.gz,tar -czf logs.tar.gz /var/log,tar -czvf logs.tar.gz /var/log,False,True,True,4
Q4_K_M:4,Q4_K_M,4,Create a systemd timer that runs /usr/local/bin/cleanup.sh daily at 02:30 and logs its output to /var/log/cleanup.log.,"cat <<'EOF' > /etc/systemd/system/cleanup.timer
[Unit]
Description=Run cleanup script daily
[Timer]
OnCalendar=*-*-* 02:30:00
Persistent=true
[Install]
WantedBy=timers.target
EOF
cat <<'EOF' > /etc/systemd/system/cleanup.service
[Unit]
Description=Run cleanup script
[Service]
ExecStart=/usr/local/bin/cleanup.sh
StandardOutput=append:/var/log/cleanup.log
StandardError=append:/var/log/cleanup.log
EOF
systemctl daemon-reload && systemctl enable --now","cat <<'EOF' > /etc/systemd/system/cleanup.service
[Unit]
Description=Daily cleanup
[Service]
Type=oneshot
ExecStart=/usr/local/bin/cleanup.sh
StandardOutput=append:/var/log/cleanup.log
StandardError=append:/var/log/cleanup.log
EOF
cat <<'EOF' > /etc/systemd/system/cleanup.timer
[Unit]
Description=Run cleanup daily at 02:30
[Timer]
OnCalendar=*-*-* 02:30:00
Persistent=true
[Install]
WantedBy=timers.target
EOF
systemctl daemon-reload && systemctl enable --now cleanup.timer",False,True,True,4
Q4_K_M:4,Q4_K_M,4,"Show the total size of all files in /var/www, displayed in human‑readable format.",du -sh /var/www,du -sh /var/www,True,True,True,5
Q4_K_M:4,Q4_K_M,4,Rename all .jpeg to .jpg in current folder.,"for f in *.jpeg; do mv ""$f"" ""${f%.jpeg}.jpg""; done","for f in *.jpeg; do mv ""$f"" ""${f%.jpeg}.jpg""; done",True,True,True,5
Q4_K_M:4,Q4_K_M,4,Find all symbolic links in /usr/local/bin that point to non‑existent files and remove those broken links.,find /usr/local/bin -xtype l -print -delete,find /usr/local/bin -xtype l -exec rm -v {} +,False,True,True,5
Q4_K_M:4,Q4_K_M,4,Sort a file 'file.txt' in descending order,sort -r file.txt,sort -r file.txt,True,True,True,5
Q4_K_M:4,Q4_K_M,4,List all system logs,journalctl -u systemd,ls /var/log,False,True,True,1
Q4_K_M:4,Q4_K_M,4,"Create a pipeline that reads a CSV file users.csv, filters rows where the age column >30, converts the result to JSON objects (one per line) using jq, and writes to users_over_30.jsonl.","jq -r 'select(.age > 30) | @csv' users.csv | while IFS=, read -r age name; do echo ""{\""age\"":$age,\""name\"":\""$name\""}""; done > users_over_30.jsonl","csvcut -c 1,2,3 users.csv | awk -F',' '$3>30 {print}' |
  jq -R -s 'split(""\n"") | .[] | select(length>0) | split("","") | {name: .[0], email: .[1], age: (.[2]|tonumber)}' > users_over_30.jsonl",False,True,True,4
Q4_K_M:4,Q4_K_M,4,Check the SHA256 checksum of file.iso,sha256sum file.iso,sha256sum file.iso,True,True,True,5
Q4_K_M:4,Q4_K_M,4,"Create a file with text ""config""","echo ""config"" > config.txt","$ echo ""config"" > settings.conf",False,True,True,5
Q4_K_M:4,Q4_K_M,4,"Show the difference between two files, file1.txt and file2.txt, ignoring whitespace differences.",diff -w file1.txt file2.txt,diff -w file1.txt file2.txt,True,True,True,5
Q4_K_M:4,Q4_K_M,4,"Count how many times each word appears in ""document.txt"" (case‑insensitive) and sort by frequency",tr -cs '[:alnum:]' '\n' < document.txt | tr '[:upper:]' '[:lower:]' | sort | uniq -c | sort -rn,tr '[:space:]' '\n' < document.txt | tr '[:upper:]' '[:lower:]' | grep -v '^$' | sort | uniq -c | sort -nr,False,True,True,3
Q4_K_M:4,Q4_K_M,4,"Find all files larger than 100 MB in ""/home/user""",find /home/user -type f -size +100M,find /home/user -type f -size +100M,True,True,True,5
Q4_K_M:4,Q4_K_M,4,Monitor real-time system resource usage,top,htop,False,True,True,5
Q4_K_M:4,Q4_K_M,4,Execute a command 'ls' and redirect both output and error to a file named 'output.txt',ls 2> output.txt,ls &> output.txt,False,True,True,3
Q4_K_M:4,Q4_K_M,4,Show the current SELinux mode.,getenforce,getenforce,True,True,True,5
Q4_K_M:4,Q4_K_M,4,"Print the first field of each line in data.csv, assuming comma delimiter","cut -d',' -f1 data.csv","cut -d',' -f1 data.csv",True,True,True,5
Q4_K_M:4,Q4_K_M,4,Sort a file 'example.txt' in descending order,sort -r example.txt,sort -r example.txt,True,True,True,5
Q4_K_M:4,Q4_K_M,4,"Write a Bash one‑liner that extracts all IPv4 addresses from a log file, counts how many times each appears, and outputs those with more than 100 occurrences.","grep -oE '\b([0-9]{1,3}\.){3}[0-9]{1,3}\b' access.log | sort | uniq -c | awk '$1>100 {print $0}'","grep -Eo '([0-9]{1,3}\.){3}[0-9]{1,3}' access.log | sort | uniq -c | awk '$1>100{print $2"" ""$1}'",False,True,True,4
Q4_K_M:4,Q4_K_M,4,Display the current date and time in ISO 8601 format.,date --iso-8601=seconds,date --iso-8601=seconds,True,True,True,5
Q4_K_M:4,Q4_K_M,4,Display the system's uptime,uptime,uptime,True,True,True,5
Q4_K_M:4,Q4_K_M,4,"Create a tar.gz archive of all modified .sh scripts in the last 7 days from the home directory, preserving permissions, and store it in /tmp with a timestamped name.","tar -czf ""/tmp/scripts_$(date +%Y%m%d_%H%M%S).tar.gz"" -C ""$HOME"" $(find . -type f -name ""*.sh"" -mtime -7)","tar -czf ""/tmp/scripts_$(date +%Y%m%d_%H%M%S).tgz"" -C ~ $(find ~ -type f -name ""*.sh"" -mtime -7 -printf ""%P\n"")",False,True,True,3
Q4_K_M:4,Q4_K_M,4,"Replace the string ""foo"" with ""bar"" in file ""data.txt"" (in-place)",sed -i 's/foo/bar/g' data.txt,sed -i 's/foo/bar/g' data.txt,True,True,True,5
Q4_K_M:4,Q4_K_M,4,Mirror website with wget,wget --mirror --convert-links --adjust-extension --page-requisites http://example.com/,wget --mirror --convert-links --adjust-extension --page-requisites --no-parent https://example.com,False,True,True,3
Q4_K_M:4,Q4_K_M,4,"Create a command that finds the 5 largest files in /var/lib/mysql, displays their sizes in human‑readable form, and writes the list to large_mysql_files.txt.",find /var/lib/mysql -type f -exec du -h {} + | sort -rh | head -n 5 > large_mysql_files.txt,find /var/lib/mysql -type f -exec du -h {} + | sort -hr | head -n 5 > large_mysql_files.txt,False,True,True,3
Q4_K_M:4,Q4_K_M,4,Show the top 10 lines of a CSV file with column headers,"head -n 1 data.csv && tail -n +2 data.csv | sort -t, -k1,1 | uniq -c | sort -rn | head -n 10",head -n 10 data.csv,False,True,True,1
Q4_K_M:4,Q4_K_M,4,"Create a compressed bzip2 archive of the directory ""data"" named ""data.tar.bz2"".",tar -cjf data.tar.bz2 data,tar -cjf data.tar.bz2 data/,False,True,True,5
Q4_K_M:4,Q4_K_M,4,"List the 5 largest files (by size) in the user's home directory, showing size in human readable form and full path, sorted descending.","find ~ -type f -printf ""%s %p\n"" | sort -nr | head -n 5 | numfmt --field=1 --to=iec-i --suffix=B","find ""$HOME"" -type f -printf '%s %p\n' | sort -rn | head -5 | numfmt --to=iec-i --suffix=B --padding=7 | awk '{print $1"" ""$2}'",False,True,True,5
Q4_K_M:4,Q4_K_M,4,Display the current working directory in bold green text using ANSI escape codes.,"echo -e ""\033[1;32m$(pwd)\033[0m""","echo -e ""\033[1;32m$(pwd)\033[0m""",True,True,True,5
Q4_K_M:4,Q4_K_M,4,List the 5 largest files in the current directory and its subdirectories.,find . -type f -exec du -h {} + | sort -rh | head -n 5,find . -type f -exec du -h {} + | sort -rh | head -n 5,True,True,True,5
Q4_K_M:4,Q4_K_M,4,"List all files in the current directory, including hidden files",ls -a,ls -a,True,True,True,5
Q4_K_M:4,Q4_K_M,4,"Display the last 20 lines of ""/var/log/syslog"" and keep updating as new lines are added.",tail -n 20 -f /var/log/syslog,tail -n 20 -f /var/log/syslog,True,True,True,5
Q4_K_M:4,Q4_K_M,4,Display the current environment variables in alphabetical order.,printenv | sort,env | sort,False,True,True,5
Q4_K_M:4,Q4_K_M,4,Convert a PDF to text using pdftotext,pdftotext document.pdf,pdftotext document.pdf document.txt,False,True,True,3
Q4_K_M:4,Q4_K_M,4,Generate a random 32‑character alphanumeric password and copy it to the clipboard (Linux with xclip).,"tr -dc 'A-Za-z0-9' </dev/urandom | head -c32 | xclip -selection clipboard && echo ""Password copied to clipboard""","tr -dc 'A-Za-z0-9' </dev/urandom | head -c32 | xclip -selection clipboard && echo ""Password copied to clipboard""",True,True,True,5
Q4_K_M:4,Q4_K_M,4,Copy all .conf files from /etc/nginx to /backup/nginx preserving directory structure.,cp -r /etc/nginx/*.conf /backup/nginx,rsync -av --include='*/' --include='*.conf' --exclude='*' /etc/nginx/ /backup/nginx/,False,True,True,1
Q4_K_M:4,Q4_K_M,4,"Recursively replace all occurrences of the string ""TODO"" with ""DONE"" in *.py files, but only in files that have been modified in the last 7 days.","find . -type f -name ""*.py"" -mtime -7 -exec sed -i 's/TODO/DONE/g' {} \;",find . -type f -name '*.py' -mtime -7 -exec sed -i 's/TODO/DONE/g' {} +,False,True,True,4
Q4_K_M:4,Q4_K_M,4,"List all processes owned by root that have opened network sockets, showing PID, command, and listening port, sorted by port number.",ss -tlnp | grep 'root' | awk 'NR>1 {print $5}' | cut -d: -f2 | sort -u,"ss -tulpn | awk '/^tcp/ && /root/ {split($5, a, "":""); printf ""%s %s %s\n"", $6, $7, a[2]}' | sort -k3,3n",False,True,True,1
Q4_K_M:4,Q4_K_M,4,"Write a one‑liner that replaces all occurrences of the word ""foo"" with ""bar"" in all "".conf"" files under /etc, but only in lines that are not commented out (i.e., do not start with #), preserving backup copies with extension .bak.","find /etc -type f -name ""*.conf"" -exec grep -l '^#' {} \; | xargs -r sed -i.bak 's/foo/bar/g'","find /etc -type f -name ""*.conf"" -print0 | xargs -0 -I{} sed -i.bak '/^[[:space:]]*#/! s/\bfoo\b/bar/g' {}",False,True,True,2
Q4_K_M:4,Q4_K_M,4,Show calendar of current month,cal,$ cal,False,True,True,5
Q4_K_M:4,Q4_K_M,4,"Parse a JSON file, extract specific fields, and output them in CSV format","jq -r '.[] | [.name, .age, .city] | @csv' data.json | column -t","jq -r '.[] | .name, .age, .city' data.json | paste -sd ','",False,True,True,5
Q4_K_M:4,Q4_K_M,4,Commit changes in a Git repository with a message 'Initial commit',git commit -m 'Initial commit',git commit -m 'Initial commit',True,True,True,5
Q4_K_M:4,Q4_K_M,4,Copy a file named 'example.txt' to the 'test' directory,cp example.txt test/,cp example.txt test,False,True,True,5
Q4_K_M:4,Q4_K_M,4,"List all files, including hidden ones, in long format",ls -la,ls -la,True,True,True,5
Q4_K_M:4,Q4_K_M,4,List the 5 most memory‑intensive processes sorted descending.,ps aux --sort=-%mem | head -n 6,ps aux --sort=-%mem | head -n 6,True,True,True,5
Q4_K_M:4,Q4_K_M,4,"Write a Bash script snippet that reads a CSV file of usernames and email addresses, creates a system user for each, sets a random password, and emails the credentials using mailx.","#!/usr/bin/env bash
while IFS=, read -r user email; do
  pass=$(openssl rand -base64 12)
  useradd -m ""$user"" && echo ""$user:$pass"" | chpasswd
  echo ""Subject: Your credentials"" | mailx -s ""Credentials"" ""$email"" <<< ""Username: $user\nPassword: $pass""
done < users.csv","while IFS=, read -r user email; do sudo useradd -m ""$user"" && pass=$(openssl rand -base64 12) && echo ""$user:$pass"" | sudo chpasswd && echo -e ""Your account: $user\nPassword: $pass"" | mailx -s ""Your new account"" ""$email""; done < users.csv",False,True,True,3
Q4_K_M:4,Q4_K_M,4,Compress all .log files in /var/log into a single zip archive called logs.zip.,zip logs.zip /var/log/*.log,zip logs.zip /var/log/*.log,True,True,True,5
Q4_K_M:4,Q4_K_M,4,Display the contents of a file named 'file.txt',cat file.txt,cat file.txt,True,True,True,5
Q4_K_M:4,Q4_K_M,4,Change the permissions of a file called 'example.txt' to read-only,chmod 444 example.txt,chmod 444 example.txt,True,True,True,5
Q4_K_M:4,Q4_K_M,4,Display the current battery charge percentage (on a laptop),cat /sys/class/power_supply/BAT0/capacity,acpi -b | grep -P -o '[0-9]+(?=%)',False,True,True,5
Q4_K_M:4,Q4_K_M,4,"Create a new empty file named ""placeholder.txt""",touch placeholder.txt,touch placeholder.txt,True,True,True,5
Q4_K_M:4,Q4_K_M,4,Show the differences between the working tree and the last commit for file src/main.c,git diff src/main.c,git diff src/main.c,True,True,True,5
Q4_K_M:4,Q4_K_M,4,Show disk usage of the current directory in human‑readable format,du -sh,du -sh .,False,True,True,5
Q4_K_M:4,Q4_K_M,4,"Using find, locate all symbolic links under /usr/local that point to non‑existent targets and delete them.",find /usr/local -xtype l -print -delete,find /usr/local -xtype l -delete,False,True,True,5
Q4_K_M:4,Q4_K_M,4,Show the disk usage of the current directory in a human‑readable format,du -sh,du -sh .,False,True,True,5
Q4_K_M:4,Q4_K_M,4,Append the content 'Hello World' to the file 'file1',echo 'Hello World' >> file1,echo 'Hello World' >> file1,True,True,True,5
Q4_K_M:4,Q4_K_M,4,Monitor CPU usage every 2 seconds and display it in a compact format,"watch -n 2 ""echo CPU Usage: $(top -bn1 | grep '%Cpu' | awk '{print $2}'%)""","top -b -d 2 -n 1 | grep ""Cpu(s)""",False,True,True,5
Q4_K_M:4,Q4_K_M,4,Display the last login time for user bob,lastlog -u bob,last -n 1 bob | head -n 1,False,True,True,5
Q4_K_M:4,Q4_K_M,4,"Using perl, replace all dates in format DD/MM/YYYY in a text file with ISO format YYYY-MM-DD, and write the changes in-place.",perl -pi -e 's/(\d{2})\/(\d{2})\/(\d{4})/$3-\$2-\$1/g' YOUR_FILE,perl -i -pe 's/(\d{2})\/(\d{2})\/(\d{4})/$3-\$2-\$1/g' /path/file.txt,False,True,True,3
Q4_K_M:4,Q4_K_M,4,"Write a Bash function that accepts a directory and a file extension, finds the newest N files (default 10) with that extension, and creates a zip archive named after the directory and timestamp.","archive_latest(){
  dir=""${1:-.}""
  ext=""${2:-*.log}""
  n=${3:-10}
  archive=""${dir%/}_$(date +%Y%m%d_%H%M%S).zip""
  find ""$dir"" -type f -name ""$ext"" -printf ""%T@ %p\n"" | sort -nr | head -n ""$n"" | cut -d' ' -f2- | xargs -I{} zip -@ ""$archive""
}","archive_recent(){ local dir=""$1""; local ext=""$2""; local n=${3:-10}; local ts=$(date +%Y%m%d_%H%M%S); local archive=""${dir##*/}_$ts.zip""; find ""$dir"" -type f -name ""*.$ext"" -printf '%T@ %p\n' | sort -nr | head -n ""$n"" | cut -d' ' -f2- | zip -@ ""$archive""; echo ""Created $archive""; }",False,True,True,4
Q4_K_M:4,Q4_K_M,4,"Replace the first occurrence of ""VERSION=1"" with ""VERSION=2"" in the file ""Makefile"" without creating a backup.","sed -i '0,/VERSION=1/s//VERSION=2/' Makefile","sed -i '0,/VERSION=1/s//VERSION=2/' Makefile",True,True,True,5
Q4_K_M:4,Q4_K_M,4,"Change the permissions of ""script.sh"" to be executable by the owner only",chmod 700 script.sh,chmod 700 script.sh,True,True,True,5
Q4_K_M:4,Q4_K_M,4,Print the first 100 characters of the string stored in the variable $LONG_TEXT.,"echo ""${LONG_TEXT:0:100}""","echo ""${LONG_TEXT}"" | cut -c1-100",False,True,True,5
Q4_K_M:4,Q4_K_M,4,Extract the contents of a zip archive named 'example.zip',unzip example.zip,unzip example.zip,True,True,True,5
Q4_K_M:4,Q4_K_M,4,"Count how many lines contain ""FAIL"" in results.log.","grep -c ""FAIL"" results.log","grep -c ""FAIL"" results.log",True,True,True,5
Q4_K_M:4,Q4_K_M,4,Set the file permissions of script.sh to be executable by the owner only,chmod 700 script.sh,chmod 700 script.sh,True,True,True,5
Q4_K_M:4,Q4_K_M,4,"Extract all JSON objects from a mixed log file, pretty‑print them with jq, and write the results to a new file named cleaned.json.",grep -a '{' mixed.log | grep -a '}' | jq -c . > cleaned.json,grep -o '{[^}]*}' mixed.log | jq -s '.' > cleaned.json,False,True,True,3
Q4_K_M:4,Q4_K_M,4,"Check the SHA256 checksum of ""download.iso""",sha256sum download.iso,sha256sum download.iso,True,True,True,5
Q4_K_M:4,Q4_K_M,4,"Monitor the file ""access.log"" in real time, showing new lines as they are added.",tail -F access.log,tail -f access.log,False,True,True,4
Q4_K_M:4,Q4_K_M,4,Show the current user's default editor,echo $EDITOR,echo $EDITOR,True,True,True,5
Q4_K_M:4,Q4_K_M,4,"Create a tarball of all .conf files that contain the word ""PasswordAuthentication"" (case‑insensitive) in /etc/ssh, preserving directory structure, and compress with xz, naming the archive with the current date.","tar -czf ""sshd_config_backup_$(date +%Y%m%d).tar.gz"" -C /etc/ssh --exclude='*' --include='*.conf' --include='*/' --exclude='*/' --exclude='*/' --exclude='*/' --exclude='*/' --exclude='*/' --exclude='*/' --exclude='*/' --exclude='*/' --exclude='*/' --exclude='*/' --exclude='*/' --exclude='*/' --exclude='*/' --exclude='*/' --exclude='*/' --exclude='*/' --exclude='*/' --exclude","tar -cJf ""ssh_conf_$(date +%F).tar.xz"" $(grep -ril ""PasswordAuthentication"" /etc/ssh --include='*.conf')",False,True,True,1
Q4_K_M:4,Q4_K_M,4,"Show the current CPU temperature (Linux, using sensors).",sensors | grep -i cpu | grep -i temp,sensors | grep 'Core',False,True,True,4
Q4_K_M:4,Q4_K_M,4,Reload the current shell's environment variables,source ~/.bashrc,source ~/.bashrc,True,True,True,5
Q4_K_M:4,Q4_K_M,4,"Print the size of each subdirectory in the current directory, sorted largest first",du -sh */ | sort -hr,du -sh */ | sort -hr,True,True,True,5
Q4_K_M:4,Q4_K_M,4,Print the number of CPU seconds used by the current shell process.,ps -p $$ -o etime=,ps -p $$ -o cputime=,False,True,True,3
Q4_K_M:4,Q4_K_M,4,Show the last 20 lines of a file named report.txt,tail -n 20 report.txt,tail -n 20 report.txt,True,True,True,5
Q4_K_M:4,Q4_K_M,4,Show the last 5 git commit messages in one‑line format.,git log -5 --oneline,git log -5 --oneline,True,True,True,5
Q4_K_M:4,Q4_K_M,4,"Create a compressed tar archive named ""backup.tar.gz"" containing the directory ""project"" while preserving permissions.",tar -czpf backup.tar.gz project,tar -czvf backup.tar.gz project,False,True,True,3
Q4_K_M:4,Q4_K_M,4,"Write a Bash snippet that reads lines from stdin, groups them by the first field (space‑separated), and outputs each group preceded by the count of lines in that group.","awk '{a[$1]++} END {for (i in a) print a[i], i}'","awk '{count[$1]++; lines[$1]=lines[$1]""\n""$0} END {for (g in count) print count[g] "":"" lines[g]}'",False,True,True,3
Q4_K_M:4,Q4_K_M,4,List all running Docker containers with their names and ports,"docker ps --format ""{{.Names}}\t{{range .Ports}}{{.HostPort}}\n{{end}}""","docker ps --format ""{{.Names}}	{{.Ports}}""",False,True,True,3
Q4_K_M:4,Q4_K_M,4,"Extract all URLs from a log file, remove duplicates, and sort them in descending order based on the number of occurrences",grep -oE 'https?://[^[:space:]]+' access.log | sort | uniq -c | sort -nr | awk '{print $2}',grep -oE 'https?://[^\s]+' access.log | sort | uniq -c | sort -rn | awk '{print $2}',False,True,True,4
Q4_K_M:4,Q4_K_M,4,Monitor the CPU usage of all processes in real time.,top -b -d 1,top,False,True,True,1
Q4_K_M:4,Q4_K_M,4,Display the first 10 lines of a file named data.txt,head -n 10 data.txt,head -n 10 data.txt,True,True,True,5
Q4_K_M:4,Q4_K_M,4,Copy a file called 'source.txt' to 'destination.txt',cp source.txt destination.txt,cp source.txt destination.txt,True,True,True,5
Q4_K_M:4,Q4_K_M,4,"Write a pipeline that extracts all JPEG image files from a tar archive without extracting the whole archive, and copies them to /tmp/images preserving directory hierarchy.","tar -xf archive.tar --wildcards --exclude ""*.jpg"" | tar -xf - -O --wildcards ""*.jpg"" | xargs -I {} cp ""{}"" /tmp/images/","tar -tf archive.tar | grep '\.jpe?g$' | while read -r path; do mkdir -p ""/tmp/images/$(dirname ""$path"")""; tar -xf archive.tar ""$path"" -O > ""/tmp/images/$path""; done",False,True,True,3
Q4_K_M:4,Q4_K_M,4,"Write a Bash one‑liner that monitors the CPU temperature every 10 seconds for 5 minutes, logs timestamps and temperature to cpu_temp.log, and triggers an audible alert if temperature exceeds 80°C.","for i in {1..30}; do temp=$(cat /sys/class/thermal/thermal_zone0/temp | awk '{print $1/1000}'); echo ""$(date +%F\\%T) $temp°C"" >> cpu_temp.log; if (( $(echo ""$temp > 80"" | bc -l) )); then echo ""High temp $temp°C"" | festival --tts; fi; sleep 10; done","end=$((SECONDS+300)); while [ $SECONDS -lt $end ]; do t=$(sensors | awk '/^Package id 0:/ {print $4}' | tr -d '+°C'); echo ""$(date '+%F %T') $t"" >> cpu_temp.log; if (( $(echo ""$t > 80"" | bc -l) )); then paplay /usr/share/sounds/freedesktop/stereo/alarm-clock-elapsed.oga; fi; sleep 10; done",False,True,True,1
Q4_K_M:4,Q4_K_M,4,"Monitor a directory /var/spool for new files, and when a new file appears, compute its SHA‑1 hash and move it to /var/processed with the hash prefixed to the filename.","inotifywait -m -e create --format ""%w%f"" /var/spool | while read file; do sha1=$(sha1sum ""$file"" | awk '{print $1}'); mv ""$file"" /var/processed/${sha1}$(basename ""$file""); done","inotifywait -m -e create --format '%w%f' /var/spool | while read newfile; do hash=$(sha1sum ""$newfile"" | awk '{print $1}'); base=$(basename ""$newfile""); mv ""$newfile"" ""/var/processed/${hash}_$base""; echo ""Processed $newfile -> ${hash}_$base""; done",False,True,True,5
Q4_K_M:4,Q4_K_M,4,Find the top 5 processes consuming the most memory,ps aux --sort=-%mem | head -n 6,ps aux --sort=-%mem | head -n 6,True,True,True,5
Q4_K_M:4,Q4_K_M,4,"Stop and remove a Docker container with ID ""a1b2c3d4e5f6"".",docker rm -f a1b2c3d4e5f6,docker rm -f a1b2c3d4e5f6,True,True,True,5
Q4_K_M:4,Q4_K_M,4,Connect to a remote server named 'remote_server' using SSH,ssh remote_server,ssh remote_server,True,True,True,5
Q4_K_M:4,Q4_K_M,4,"Using sed, replace the version number in a file version.txt that matches the pattern vMAJOR.MINOR.PATCH (e.g., v2.3.4) with v$(date +%Y.%m.%d). Ensure only the first occurrence is changed.",sed -i 's/^v[0-9]\+\.[0-9]\+\.[0-9]\+$/v$(date +%Y.%m.%d)/' version.txt,"sed -i '0,/v[0-9]\+\.[0-9]\+\.[0-9]\+/s//v$(date +%Y.%m.%d)/' version.txt",False,True,True,2
Q4_K_M:4,Q4_K_M,4,"Run the command ""make"" and log both stdout and stderr to build.log",make > build.log 2>&1,make > build.log 2>&1,True,True,True,5
Q4_K_M:4,Q4_K_M,4,"Write a one‑liner that continuously monitors /proc/meminfo, and when free memory drops below 200 MiB, writes a warning with timestamp to /var/log/mem_warn.log.","while true; do mem=$(awk '/MemAvailable/ {print $2}' /proc/meminfo); if [ $mem -lt 200000 ]; then echo ""$(date +%F_%T) Low memory: $mem kB"" >> /var/log/mem_warn.log; fi; sleep 5; done &","watch -n 5 ""awk '/MemFree/ {if(\$2<204800) print \""$(date +'%F %T') WARN: Low memory \$2 kB\"" >> /var/log/mem_warn.log}' /proc/meminfo""",False,True,True,4
Q4_K_M:4,Q4_K_M,4,"Create a symbolic link named ""latest.log"" pointing to ""log_2023_09_01.txt"".",ln -s log_2023_09_01.txt latest.log,ln -s log_2023_09_01.txt latest.log,True,True,True,5
Q4_K_M:4,Q4_K_M,4,Display the LVM logical volume status,lvdisplay YOUR_DEVICE,lvdisplay /dev/vg_example/lv_example,False,True,True,3
Q4_K_M:4,Q4_K_M,4,Clone a remote Git repository named 'example.git',git clone https://github.com/user/example.git,git clone example.git,False,True,True,3
Q4_K_M:4,Q4_K_M,4,Display the current swap usage in megabytes,"free -m | awk '/Swap/ {print $3"" MB used, "" $4"" MB total""}'","free -m | awk '/Swap/ {print $3"" MB used, ""$4"" MB free""}'",False,True,True,4
Q4_K_M:4,Q4_K_M,4,Display the unique lines of a file 'file.txt',sort file.txt | uniq,uniq file.txt,False,True,True,3
Q4_K_M:4,Q4_K_M,4,"Using ffmpeg, batch‑convert all .mov videos in ~/videos to .mp4 with H.264 video codec and AAC audio, preserving original filenames, and store them in ~/converted.","mkdir -p ~/converted && for f in ~/videos/*.mov; do ffmpeg -i ""$f"" -c:v libx264 -c:a aac -strict experimental ""${f%.mov}.mp4"" -y && mv ""${f%.mov}.mp4"" ~/converted/; done","mkdir -p ~/converted; for f in ~/videos/*.mov; do ffmpeg -i ""$f"" -c:v libx264 -c:a aac ""~/converted/$(basename ""${f%.*}"").mp4""; done",False,True,True,4
Q4_K_M:4,Q4_K_M,4,"Print the first 5 fields of each line in ""data.csv"" using comma as delimiter","cut -d',' -f1-5 data.csv","cut -d',' -f1-5 data.csv",True,True,True,5
Q4_K_M:4,Q4_K_M,4,Change the permissions of a file named 'file.txt' to '755',chmod 755 file.txt,chmod 755 file.txt,True,True,True,5
Q4_K_M:8,Q4_K_M,8,"Convert the image ""photo.png"" to a JPEG with 80% quality using ImageMagick.",convert photo.png -quality 80 photo.jpg,convert photo.png -quality 80 photo.jpg,True,True,True,5
Q4_K_M:8,Q4_K_M,8,"Using find, locate all .sh files that contain the string ""TODO"", replace it with ""DONE"" in‑place, and create a backup of each modified file with a .bak extension.","find . -type f -name ""*.sh"" -exec grep -l ""TODO"" {} \; | while read -r file; do
  sed -i.bak 's/TODO/DONE/g' ""$file""
  echo ""Updated $file""
done","find . -type f -name ""*.sh"" -exec grep -l ""TODO"" {} + | while read -r f; do cp ""$f"" ""$f.bak""; sed -i 's/TODO/DONE/g' ""$f""; done",False,True,True,4
Q4_K_M:8,Q4_K_M,8,"Download a file with progress bar and resume capability from ""https://example.com/large.iso"".",wget --progress=bar https://example.com/large.iso,wget -c https://example.com/large.iso,False,True,True,3
Q4_K_M:8,Q4_K_M,8,Sort the contents of unsorted.txt alphabetically and remove duplicates.,sort -u unsorted.txt -o sorted_unique.txt,sort -u unsorted.txt > sorted_unique.txt,False,True,True,5
Q4_K_M:8,Q4_K_M,8,Show the 10 most recent entries in the system journal,journalctl -n 10,journalctl -n 10 --no-pager,False,True,True,4
Q4_K_M:8,Q4_K_M,8,Show the current load averages,cat /proc/loadavg,cat /proc/loadavg,True,True,True,5
Q4_K_M:8,Q4_K_M,8,Create RAM disk 1G,sudo mount -t tmpfs -o size=1G tmpfs /mnt/ramdisk,sudo mkdir -p /mnt/ram && sudo mount -t tmpfs -o size=1G tmpfs /mnt/ram,False,True,True,3
Q4_K_M:8,Q4_K_M,8,Create alias ll for ls -la,alias ll='ls -la',$ alias ll='ls -la',False,True,True,5
Q4_K_M:8,Q4_K_M,8,Display the first 10 lines of a file named data.log,head -n 10 data.log,head -n 10 data.log,True,True,True,5
Q4_K_M:8,Q4_K_M,8,"Download a file from ""https://example.com/file.tar.gz"" using wget",wget https://example.com/file.tar.gz,wget https://example.com/file.tar.gz,True,True,True,5
Q4_K_M:8,Q4_K_M,8,Find all Python files that contain the string 'TODO',"grep -rl ""TODO"" --include=""*.py"" .","grep -R ""TODO"" --include='*.py' .
./module/utils.py:# TODO: refactor this function",False,True,True,5
Q4_K_M:8,Q4_K_M,8,"Create a command that monitors /var/log/syslog for lines containing the word ""CRITICAL"", extracts the timestamp and the message, and sends an email alert with the extracted info to admin@example.com using sendmail.","tail -F /var/log/syslog | grep --line-buffered ""CRITICAL"" | while read -r line; do ts=$(echo ""$line"" | awk '{print $1"" ""$2"" ""$3}'); msg=$(echo ""$line"" | awk '{$1=""""; $2=""""; print}'); echo -e ""Subject: Critical Alert\n\n$ts - $msg"" | sendmail admin@example.com; done","tail -F /var/log/syslog | grep --line-buffered 'CRITICAL' | while read -r line; do
  ts=$(echo ""$line"" | awk '{print $1"" ""$2"" ""$3}')
  msg=$(echo ""$line"" | cut -d' ' -f4-)
  printf ""Subject: Critical alert\n\nTime: %s\nMessage: %s\n"" ""$ts"" ""$msg"" | sendmail admin@example.com
done &",False,True,True,4
Q4_K_M:8,Q4_K_M,8,Create a user called alice with a home directory and bash shell,sudo useradd -m -s /bin/bash alice,sudo useradd -m -s /bin/bash alice,True,True,True,5
Q4_K_M:8,Q4_K_M,8,"Show the last 20 lines of the Apache access log, but only the IP addresses.",tail -n 20 /var/log/apache2/access.log | awk '{print $1}',tail -n 20 /var/log/apache2/access.log | awk '{print $1}',True,True,True,5
Q4_K_M:8,Q4_K_M,8,"List the 10 largest files in /home, sorted descending.",find /home -type f -exec du -h {} + | sort -rh | head -n 10,find /home -type f -exec du -h {} + | sort -rh | head -n 10,True,True,True,5
Q4_K_M:8,Q4_K_M,8,Extend a LVM logical volume,lvextend -L +500M /dev/vg_example/lv_example,lvextend -L +100M /dev/vg_example/lv_example,False,True,True,3
Q4_K_M:8,Q4_K_M,8,"Using perl, replace any occurrence of dates in MM/DD/YYYY format in all .txt files under /data with ISO format YYYY‑MM‑DD, editing files in‑place.",perl -pi -e 's/(\d{2})\/(\d{2})\/(\d{4})/$3-\$2-\$1/g' /data/*.txt,find /data -type f -name '*.txt' -print0 | xargs -0 perl -i -pe 's/(\d{2})\/(\d{2})\/(\d{4})/$3-\$1-\$2/g',False,True,True,3
Q4_K_M:8,Q4_K_M,8,Show the current user and their groups,id,id,True,True,True,5
Q4_K_M:8,Q4_K_M,8,Show the last login time for the current user,lastlog -u $USER,last -n 1 $(whoami),False,True,True,4
Q4_K_M:8,Q4_K_M,8,Show the current shell's process ID,"echo $$
12345",echo $$,False,True,True,4
Q4_K_M:8,Q4_K_M,8,Create a new system group named 'example',groupadd example,groupadd example,True,True,True,5
Q4_K_M:8,Q4_K_M,8,"Show the 3 most frequently occurring words in ""book.txt"" (ignore case, strip punctuation).",tr -cs '[:alnum:]' '\n' < book.txt | tr '[:upper:]' '[:lower:]' | sort | uniq -c | sort -nr | head -n 3,"tr -c ""[:alnum:]"" ""\n"" < book.txt | tr '[:upper:]' '[:lower:]' | sort | uniq -c | sort -nr | head -n 3",False,True,True,4
Q4_K_M:8,Q4_K_M,8,"Using sed, transform a configuration file /etc/app.conf by commenting out any line that starts with ""debug="" and appending a new line ""debug=off"" at the end of the file, all in-place.",sed -i '/^debug=/s/^/#/' /etc/app.conf && echo 'debug=off' >> /etc/app.conf,sed -i '/^debug=/s/^/#/' /etc/app.conf && echo 'debug=off' >> /etc/app.conf,True,True,True,5
Q4_K_M:8,Q4_K_M,8,"Show the difference between two directories dirA and dirB, ignoring empty files.",diff -qr dirA dirB --brief,"diff -qr dirA dirB | grep -v ""Only in""",False,True,True,3
Q4_K_M:8,Q4_K_M,8,Create a 1 GB file filled with zeros named zero.bin.,dd if=/dev/zero of=zero.bin bs=1M count=1024,dd if=/dev/zero of=zero.bin bs=1M count=1024,True,True,True,5
Q4_K_M:8,Q4_K_M,8,Create a new group,groupadd newgroup,groupadd newgroup,True,True,True,5
Q4_K_M:8,Q4_K_M,8,"Kill all processes named ""node""",pkill node,pkill node,True,True,True,5
Q4_K_M:8,Q4_K_M,8,Print the current working directory in bold text using ANSI escape codes.,"echo -e ""\033[1m$(pwd)\033[0m""","printf ""\e[1m$(pwd)\e[0m\n""",False,True,True,5
Q4_K_M:8,Q4_K_M,8,"Create a Bash function that takes a directory and a file extension, calculates the total size of all files with that extension, and prints the size in megabytes with three decimal places.","size_of_ext(){
  dir=""$1""
  ext=""$2""
  find ""$dir"" -type f -name ""*.$ext"" -exec du -sm {} + | awk '{total+=$1} END {print ""Total size: "" total "" MB""}'
}","total_size() {
  local dir=""$1""
  local ext=""$2""
  local bytes=$(find ""$dir"" -type f -name ""*.$ext"" -printf ""%s\n"" | awk '{total+=$1} END {print total}')
  printf ""Total size: %.3f MB\n"" ""$(echo ""scale=6; $bytes/1024/1024"" | bc)""
}",False,True,True,3
Q4_K_M:8,Q4_K_M,8,Create a new git repository in the current directory,git init,git init,True,True,True,5
Q4_K_M:8,Q4_K_M,8,"Show the top 10 lines of the output of ""dmesg"" that contain the word ""usb""",dmesg | grep usb | head -n 10,dmesg | grep -i usb | head -n 10,False,True,True,3
Q4_K_M:8,Q4_K_M,8,Count the number of lines in input.txt,wc -l < input.txt,"$ wc -l input.txt
42",False,True,True,5
Q4_K_M:8,Q4_K_M,8,Create a new archive 'archive.tar' from a directory 'example',tar -cvf archive.tar example,tar -cvf archive.tar example,True,True,True,5
Q4_K_M:8,Q4_K_M,8,Check whether the port 3306 is listening on the local machine.,ss -tlnp | grep ':3306 ',ss -tuln | grep ':3306',False,True,True,4
Q4_K_M:8,Q4_K_M,8,"Merge the branch ""dev"" into the current branch without fast‑forward","git merge -m ""Merge dev into main"" dev",git merge --no-ff dev,False,True,True,2
Q4_K_M:8,Q4_K_M,8,Show last 20 lines of syslog,tail -n 20 /var/log/syslog,sudo tail -n 20 /var/log/syslog,False,True,True,4
Q4_K_M:8,Q4_K_M,8,Show the file type of the file 'example.txt',file example.txt,file example.txt,True,True,True,5
Q4_K_M:8,Q4_K_M,8,Show the IP address and hostname of the machine,hostname -I,hostname -I && hostname,False,True,True,3
Q4_K_M:8,Q4_K_M,8,"Provide a Bash one‑liner that reads a large JSON array from stdin, streams each object to jq to extract the ""id"" and ""status"" fields, and writes them as CSV rows to output.csv without loading the entire array into memory.","jq -c 'select(.id && .status) | [.id, .status] | @csv' | tee output.csv","jq -r '.[] | [.id, .status] | @csv' > output.csv",False,True,True,3
Q4_K_M:8,Q4_K_M,8,"Find and replace the string ""VERSION=1.0"" with ""VERSION=2.0"" in all ""Makefile"" files recursively.","find . -type f -name ""Makefile"" -exec sed -i 's/VERSION=1.0/VERSION=2.0/g' {} \;","find . -type f -name ""Makefile"" -exec sed -i 's/VERSION=1\.0/VERSION=2.0/g' {} +",False,True,True,3
Q4_K_M:8,Q4_K_M,8,Show the total number of files in the current directory and its subdirectories,find . -type f | wc -l,find . -type f | wc -l,True,True,True,5
Q4_K_M:8,Q4_K_M,8,"Find all Docker containers that have been exited for more than 24 hours and remove them, then output the IDs of removed containers.","docker ps -a --filter ""status=exited"" --format ""{{.ID}} {{.RunningFor}}"" | while read id time; do if [[ $time == *""days""* ]]; then days=$(echo $time | grep -o '[0-9]\+'); if (( days >= 1 )); then docker rm ""$id""; echo ""Removed container $id""; fi; fi; done","ids=$(docker ps -a --filter 'status=exited' --filter 'exited=24h' -q); [ -n ""$ids"" ] && docker rm $ids && echo ""Removed containers: $ids"" || echo ""No containers to remove""",False,True,True,3
Q4_K_M:8,Q4_K_M,8,Extract the third column from a space‑separated file and sort it uniquely,cut -d' ' -f3 YOUR_FILE | sort -u,cut -d' ' -f3 data.txt | sort -u,False,True,True,5
Q4_K_M:8,Q4_K_M,8,Print the number of CPU cores,nproc,nproc,True,True,True,5
Q4_K_M:8,Q4_K_M,8,"Download the file https://example.com/archive.tar.gz and save it as /tmp/archive.tar.gz, showing a progress bar.",wget --progress=bar https://example.com/archive.tar.gz -O /tmp/archive.tar.gz,curl -L --progress-bar https://example.com/archive.tar.gz -o /tmp/archive.tar.gz,False,True,True,5
Q4_K_M:8,Q4_K_M,8,"Search recursively for the pattern ""TODO"" in the src/ directory and show line numbers","grep -Rnl ""TODO"" src/","grep -R ""TODO"" -n src/",False,True,True,3
Q4_K_M:8,Q4_K_M,8,Start a system service named 'service_name',systemctl start service_name,systemctl start service_name,True,True,True,5
Q4_K_M:8,Q4_K_M,8,Add a user named 'example' to a group named 'example',sudo usermod -aG example example,usermod -aG example example,False,True,True,5
Q4_K_M:8,Q4_K_M,8,Find all files larger than 100 MB in /var and list their sizes in a human‑readable format.,find /var -type f -size +100M -exec ls -lh {} + | awk '{print $5}',"find /var -type f -size +100M -exec ls -lh {} + | awk '{print $5, $9}'",False,True,True,4
Q4_K_M:8,Q4_K_M,8,Change the permissions of the directory /var/www to 750 recursively.,chmod -R 750 /var/www,chmod -R 750 /var/www,True,True,True,5
Q4_K_M:8,Q4_K_M,8,Show the IP addresses of all network interfaces,ip -brief address,ip -brief address,True,True,True,5
Q4_K_M:8,Q4_K_M,8,"Using find, locate all executable files in /usr/local/bin that have been modified in the last week, and create a tar archive named recent_bins.tar containing them while preserving permissions.",find /usr/local/bin -type f -executable -mtime -7 -print0 | tar --null -czf recent_bins.tar --files-from=-,find /usr/local/bin -type f -executable -mtime -7 -print0 | tar --null -cvf recent_bins.tar --files-from=-,False,True,True,3
Q4_K_M:8,Q4_K_M,8,"Using awk, compute the average response time from an Nginx access log assuming the response time is the last field in each line.",awk '{sum+=$NF; n++} END {print sum/n}' /var/log/nginx/access.log,"awk '{sum+=$NF; cnt++} END {if (cnt>0) printf ""Average response time: %.3f\n"", sum/cnt}' /var/log/nginx/access.log",False,True,True,4
Q4_K_M:8,Q4_K_M,8,"Append the line 'alias ll=""ls -la""' to ~/.bashrc","echo 'alias ll=""ls -la""' >> ~/.bashrc","echo 'alias ll=""ls -la""' >> ~/.bashrc",True,True,True,5
Q4_K_M:8,Q4_K_M,8,List all Docker images that are not currently used by any container (dangling).,"docker images --filter ""dangling=true"" -q",docker images -f dangling=true,False,True,True,5
Q4_K_M:8,Q4_K_M,8,"Decompress ""archive.gz"" and write output to ""archive""",gunzip archive.gz,gunzip -c archive.gz > archive,False,True,True,3
Q4_K_M:8,Q4_K_M,8,"Create a temporary file and write ""Hello World"" into it, then display its path","tmpfile=$(mktemp) && echo ""Hello World"" > ""$tmpfile"" && echo ""$tmpfile""","tmpfile=$(mktemp) && echo ""Hello World"" > ""$tmpfile"" && echo ""$tmpfile""",True,True,True,5
Q4_K_M:8,Q4_K_M,8,"Convert all spaces at the beginning of lines in ""script.sh"" to tabs (assuming 4 spaces per tab).","sed -i 's/^ \{4,\}/\t/' script.sh",expand -t 4 -i script.sh > script_tmp.sh && mv script_tmp.sh script.sh,False,True,True,2
Q4_K_M:8,Q4_K_M,8,Show the current firewall rules using iptables,sudo iptables -L -n,sudo iptables -L -v -n,False,True,True,4
Q4_K_M:8,Q4_K_M,8,"Create a new virtual environment named ""venv"" using Python 3",python3 -m venv venv,python3 -m venv venv,True,True,True,5
Q4_K_M:8,Q4_K_M,8,"Check the syntax of the Bash script ""deploy.sh"" without executing it.",bash -n deploy.sh,bash -n deploy.sh,True,True,True,5
Q4_K_M:8,Q4_K_M,8,"Find all services that are enabled but not currently running, and start them automatically.","systemctl list-units --type=service --state=enabled --no-legend | awk '{print $1}' | while read svc; do if ! systemctl is-active --quiet ""$svc""; then systemctl enable ""$svc""; fi; done","systemctl list-unit-files --type=service --state=enabled | awk 'NR>1{print $1}' | while read svc; do
  if ! systemctl is-active --quiet ""$svc""; then
    systemctl start ""$svc""
  fi
done",False,True,True,2
Q4_K_M:8,Q4_K_M,8,"List the top 10 IP addresses accessing the Apache access log, sorted by request count, and output the result as a JSON array of objects with fields ""ip"" and ""hits"".","awk '{print $1}' /var/log/apache2/access.log | sort | uniq -c | sort -nr | head -n 10 | while read cnt ip; do echo ""{\""ip\"": \""$ip\"", \""hits\"": $cnt}""; done | jq -s '.'","#!/usr/bin/env bash
awk '{print $1}' /var/log/apache2/access.log | sort | uniq -c | sort -nr | head -10 \
    | awk '{print ""{\""ip\"": \""""$2""\"", \""hits\"": ""$1""}""}' \
    | jq -s '.'",False,True,True,4
Q4_K_M:8,Q4_K_M,8,"Use sed to replace all occurrences of a specific string in a file, and then use diff to compare the original and modified files",sed 's/old_string/new_string/g' file.txt > file_modified.txt; diff file.txt file_modified.txt,sed 's/old_string/new_string/g' file.txt > modified_file.txt; diff file.txt modified_file.txt,False,True,True,4
Q4_K_M:8,Q4_K_M,8,"Create a command that finds all files larger than 1 GiB, moves them to /mnt/large_files preserving directory structure, and logs the original and new paths to /var/log/large_file_moves.log.","#!/usr/bin/env bash
find / -type f -size +1G -print0 | while IFS= read -r -d '' file; do
  rel=${file#/}
  dest=/mnt/large_files/$rel
  mkdir -p ""$(dirname ""$dest"")""
  mv ""$file"" ""$dest"" && echo ""$(date +%F_%T) $file -> $dest"" >> /var/log/large_file_moves.log
done","find / -type f -size +1G -print0 | while IFS= read -r -d '' f; do rel=${f#/}; dest=""/mnt/large_files/$rel""; mkdir -p ""$(dirname ""$dest"")"" && mv ""$f"" ""$dest"" && echo ""$(date +%F_%T) $f -> $dest"" >> /var/log/large_file_moves.log; done",False,True,True,3
Q4_K_M:8,Q4_K_M,8,"Generate a report of disk usage per user on /home, sorted descending, and output as a JSON array.","printf '['; find /home -type f -printf '%u %s\n' | sort | uniq -c | sort -nr | while IFS=' ' read -r count user; do printf '{""user"":""%s"",""size"":%s},'; done; printf ']';","du -sh /home/* 2>/dev/null | \
  awk '{print $2"":""$1}' | \
  while IFS="":"" read user size; do echo ""{\""user\"":\""${user#/home/}\"",\""size\"":\""$size\""}""; done | \
  jq -s 'sort_by(.size|sub(""[KMG]$"";"""";""g"")|tonumber) | reverse'",False,True,True,1
Q4_K_M:8,Q4_K_M,8,"Write a Bash script that generates a histogram of HTTP response codes from an Apache log, using awk to count each code and then printing a simple bar chart with '*' characters.","#!/usr/bin/env bash
awk '{print $9}' /var/log/apache2/access.log | sort | uniq -c | while read count code; do
  printf ""%s %s | "" ""$code"" ""$(printf '%0.1f%%' $(echo ""$count * 100 / $(awk '{sum+=$1} END {print sum}' /var/log/apache2/access.log)"" | bc -l))""
  for ((i=0;i<count;i++)); do echo -n '*'; done
  echo
done","#!/usr/bin/env bash\nlog=/var/log/apache2/access.log\nawk '{print $9}' ""$log"" |\n  sort | uniq -c |\n  awk '{printf ""%s %s %s\n"", $2, $1, sprintf(""%*s"", $1, """").gsub(/ /,""*"")}'",False,True,True,4
Q4_K_M:8,Q4_K_M,8,List the files in a package named 'example',dpkg -L example,dpkg -L example,True,True,True,5
Q4_K_M:8,Q4_K_M,8,"Show detailed information of files in the /var/log directory, sorted by size descending.",find /var/log -type f -exec ls -lh {} + | sort -k5 -rh,ls -lhS /var/log,False,True,True,3
Q4_K_M:8,Q4_K_M,8,Schedule a one‑time system shutdown at 23:30 today.,sudo shutdown -h 23:30,sudo shutdown -h 23:30,True,True,True,5
Q4_K_M:8,Q4_K_M,8,"Using only bash and coreutils, generate a progress bar that shows the copy progress of a 5 GiB file src.bin to /mnt/backup/src.bin, updating every second.","#!/usr/bin/env bash
src=""/path/to/src.bin""
dest=""/mnt/backup/src.bin""
size=$(stat -c%s ""$src"")
start=$(date +%s)
while [ $(stat -c%s ""$src"") -gt 0 ]; do
  cp --progress=bar:force --progress=bar:status=0 ""$src"" ""$dest""
  sleep 1
  cur=$(stat -c%s ""$src"")
  prog=$((cur*100/size))
  echo -ne ""\r[""
  for ((i=0;i<prog;i++)); do echo -ne ""=""; done","{ dd if=src.bin of=/mnt/backup/src.bin bs=4M status=none & pid=$!; while kill -0 $pid 2>/dev/null; do copied=$(stat --format=%s /mnt/backup/src.bin 2>/dev/null || echo 0); percent=$(( copied*100/5368709120 )); printf ""\rProgress: [%-50s] %3d%%"" $(printf ""#""{1..$((percent/2))}) $percent; sleep 1; done; wait $pid; echo; }",False,True,False,1
Q4_K_M:8,Q4_K_M,8,"Print the contents of ""data.json"" with syntax highlighting using ""jq""",jq '.' data.json,"jq . data.json
{
  ""name"": ""example"",
  ""value"": 42
}",False,True,True,5
Q4_K_M:8,Q4_K_M,8,Remove the directory temp_dir and all its contents without prompting,rm -rf temp_dir,rm -rf temp_dir,True,True,True,5
Q4_K_M:8,Q4_K_M,8,"Write a Bash one‑liner that lists all users on the system who have not logged in for more than 90 days, using /var/log/lastlog, and disables their accounts with usermod.","awk -F: '($3>=1000){print $1}' /etc/passwd | while read user; do lastlog -u ""$user"" | awk 'NR==2{if($4<$(date -d ""90 days ago"" +%s)){print $1}}' | while read acct; do usermod -L ""$acct""; done; done","while IFS=: read -r user _ uid _ _ _ _; do
  if ((uid>=1000)); then
    last=$(lastlog -u ""$user"" | awk 'NR==2 {print $4,$5,$6}')
    if [[ ""$last"" == '**Never logged in**' ]] || (( $(date -d ""$last"" +%s) < $(date -d '-90 days' +%s) )); then
      usermod -L ""$user""
    fi
  fi
done < <(cut -d: -f1,3 /etc/passwd)",False,True,True,1
Q4_K_M:8,Q4_K_M,8,"List all Docker images sorted by size, showing the top 5","docker images --format ""{{.Repository}} {{.Tag}} {{.Size}}"" | sort -hr | head -n 5","docker images --format ""{{.Repository}}:{{.Tag}} {{.Size}}"" | sort -k2 -h | tail -n 5",False,True,True,3
Q4_K_M:8,Q4_K_M,8,"Copy the local file report.pdf to the remote host /tmp directory using scp, preserving timestamps.",scp -p report.pdf user@remote:/tmp,scp -p report.pdf user@example.com:/tmp/,False,True,True,3
Q4_K_M:8,Q4_K_M,8,Extract the contents of a compressed archive named 'archive.tar.gz',tar -xzvf archive.tar.gz,tar -xzvf archive.tar.gz,True,True,True,5
Q4_K_M:8,Q4_K_M,8,Create a new file named 'example.txt' and write 'Hello World' to it,echo 'Hello World' > example.txt,echo 'Hello World' > example.txt,True,True,True,5
Q4_K_M:8,Q4_K_M,8,Generate a random UUID and print it.,uuidgen,uuidgen,True,True,True,5
Q4_K_M:8,Q4_K_M,8,"Write a Bash one-liner that lists the 5 largest files in /var/www, showing size in human readable format and full path, sorted descending.",find /var/www -type f -exec du -h {} + | sort -hr | head -n 5,"#!/usr/bin/env bash
find /var/www -type f -exec du -h {} + | sort -hr | head -5",False,True,True,5
Q4_K_M:8,Q4_K_M,8,"Write a Bash one‑liner that prints the number of CPUs, total memory in GB, and the system uptime in days, formatted as JSON.","printf '{""cpus"": %d, ""mem_gb"": %.2f, ""uptime_days"": %.2f}\n' ""$(nproc)"" ""$(awk '/MemTotal/ {printf ""%.2f"", $2/1024}' /proc/meminfo)"" ""$(awk '/Uptime/ {print $1}' /proc/uptime | cut -d. -f1)""","printf '{""cpus"":%d,""memory_gb"":%.2f,""uptime_days"":%.2f}\n' ""$(nproc)"" ""$(awk '/MemTotal/ {printf $2/1024/1024}' /proc/meminfo)"" ""$(awk '{print $1/86400}' /proc/uptime)""",False,True,True,3
Q4_K_M:8,Q4_K_M,8,"Create a Bash function that accepts a git branch name, checks out the branch, rebases it onto master, runs the test suite, and if successful, pushes the branch; otherwise, aborts the rebase and returns to the previous branch.","git_rebase_test(){
  local branch=""$1""
  git checkout ""$branch"" && git rebase master && git push origin ""$branch"" || {
    git rebase --abort && git checkout ""$branch""
    echo ""Rebase failed, aborting""
  }
}","git_sync(){ local branch=""$1""; local cur=$(git rev-parse --abbrev-ref HEAD); git checkout ""$branch"" && git rebase master && if ./run_tests.sh; then git push origin ""$branch""; else git rebase --abort && git checkout ""$cur""; fi; }",False,True,True,3
Q4_K_M:8,Q4_K_M,8,Create a zip archive of the 'example' directory,zip -r example.zip example,zip -r example.zip example,True,True,True,5
Q4_K_M:8,Q4_K_M,8,"Create a pipeline that reads a large log file, extracts JSON objects embedded in lines, pretty-prints them with jq, and writes to json_logs.txt, handling malformed JSON gracefully.",grep -a '{' large.log | grep -a '}' | jq -c . 2>/dev/null | tee json_logs.txt,"grep -o '{.*}' large.log |
  while read line; do
    echo ""$line"" | jq . 2>/dev/null || echo ""Malformed JSON: $line"" >> errors.log
  done > json_logs.txt",False,True,True,2
Q4_K_M:8,Q4_K_M,8,"Using curl, download the latest release tarball of jq from GitHub API, verify its SHA256 checksum against the value returned by the API, and extract it to ~/tools/jq_latest/ if verification succeeds.","api_url=""https://api.github.com/repos/jqlang/jq/releases/latest""
response=$(curl -sSL ""$api_url"")
tag=$(echo ""$response"" | jq -r '.tag_name')
url=$(echo ""$response"" | jq -r '.assets[] | select(.name|endswith("".tar.gz"")) .browser_download_url')
curl -sSL ""$url"" -o ~/tools/jq_latest/jq.tar.gz
expected=$(curl -sSL ""$api_url"" | jq -r '.assets[] | select(.name|endswith("".sha256"")) .browser_download_url' | xargs curl","url=$(curl -s https://api.github.com/repos/stedolan/jq/releases/latest | jq -r '.assets[] | select(.name|test(""jq-.*\.tar\.gz"")) | .browser_download_url'); checksum=$(curl -s https://api.github.com/repos/stedolan/jq/releases/latest | jq -r '.assets[] | select(.name|test(""jq-.*\.tar\.gz\.sha256"")) | .browser_download_url' | xargs curl -sL); curl -L -o /tmp/jq.tar.gz ""$url""; echo ""$checksum  /tmp/jq.tar.gz"" | sha256sum -c - && mkdir -p ~/tools/jq_latest && tar -xzf /tmp/jq.tar.gz -C ~/tools/jq_latest",False,True,False,1
Q4_K_M:8,Q4_K_M,8,"Create a pipeline that reads a CSV of user data, filters rows where age > 30, extracts the email column, removes duplicates, and writes them to emails.txt.","awk -F',' '$3>30 {print $2}' users.csv | sort -u > emails.txt","awk -F',' '$3>30 {print $5}' users.csv | sort -u > emails.txt",False,True,True,3
Q4_K_M:8,Q4_K_M,8,Display the current bash version.,echo $BASH_VERSION,echo $BASH_VERSION,True,True,True,5
Q4_K_M:8,Q4_K_M,8,Check the disk information,df -h,lsblk,False,True,True,5
Q4_K_M:8,Q4_K_M,8,Create a new directory named 'test',mkdir test,mkdir test,True,True,True,5
Q4_K_M:8,Q4_K_M,8,"Create a symbolic link named ""latest"" pointing to ""release_v2.3""",ln -s release_v2.3 latest,ln -s release_v2.3 latest,True,True,True,5
Q4_K_M:8,Q4_K_M,8,Display the current user's groups as a space‑separated list.,groups,id -Gn,False,True,True,5
Q4_K_M:8,Q4_K_M,8,"Find all ELF binaries in /usr/local/bin that are not owned by root, change their ownership to root:root, and set the setuid bit, logging each change to /var/log/setuid_changes.log.","find /usr/local/bin -type f -exec file {} \; | grep 'ELF' | cut -d: -f1 | while read bin; do if [ $(stat -c %U ""$bin"") != 'root' ]; then chown root:root ""$bin"" && chmod u+s ""$bin"" && echo ""$(date +%F_%T) $bin setuid"" >> /var/log/setuid_changes.log; fi; done","#!/usr/bin/env bash
find /usr/local/bin -type f -executable -exec file {} \; | grep -i ELF | cut -d: -f1 | while read -r bin; do
  if [ $(stat -c %U ""$bin"") != ""root"" ]; then
    chown root:root ""$bin""
    chmod u+s ""$bin""
    echo ""$(date '+%F %T') Modified $bin"" >> /var/log/setuid_changes.log
  fi
done",False,True,True,5
Q4_K_M:8,Q4_K_M,8,"Write a Bash one‑liner that extracts all IPv4 addresses from access.log, counts occurrences, and prints the top 5 attackers.","awk '{print $1}' access.log | grep -Eo '([0-9]{1,3}\.){3}[0-9]{1,3}' | sort | uniq -c | sort -nr | head -n 5","awk '{for(i=1;i<=NF;i++) if($i ~ /([0-9]{1,3}\.){3}[0-9]{1,3}/) print $i}' access.log | sort | uniq -c | sort -nr | head -5",False,True,True,3
Q4_K_M:8,Q4_K_M,8,Extract the tar.gz archive backup.tar.gz into /opt/backup,tar -xzvf backup.tar.gz -C /opt/backup,tar -xzf backup.tar.gz -C /opt/backup,False,True,True,4
Q4_K_M:8,Q4_K_M,8,"Download the file from ""https://example.com/file.txt"" and save it as ""file.txt"".",curl -L -o file.txt https://example.com/file.txt,curl -L -o file.txt https://example.com/file.txt,True,True,True,5
Q4_K_M:8,Q4_K_M,8,"Write a pipeline that reads a list of URLs from urls.txt, downloads each with curl (max 3 retries, 10s timeout), computes its SHA256, and writes ""<url> <sha256>"" to checksums.txt, skipping URLs that fail after retries.","while read -r url; do
  for i in {1..3}; do
    if curl -m 10 --retry 3 --retry-delay 2 -sSL ""$url"" -o ""$(basename ""$url"")""; then
      sha256sum ""$(basename ""$url"")"" | awk '{print \""$url $1\""}' >> checksums.txt;
      break;
    fi;
  done;
done < urls.txt","while read -r url; do sha=$(curl -sSf --retry 3 --max-time 10 ""$url"" | sha256sum | awk '{print $1}') && echo ""$url $sha"" >> checksums.txt; done < urls.txt",False,True,True,4
Q4_K_M:8,Q4_K_M,8,"Create a new user ""devuser"" with a home directory and default shell /bin/bash.",sudo useradd -m -s /bin/bash devuser,sudo useradd -m -s /bin/bash devuser,True,True,True,5
Q4_K_M:8,Q4_K_M,8,Change the permissions of a file named 'file.txt' to 'rwxr-x',chmod 755 file.txt,chmod 755 file.txt,True,True,True,5
Q4_K_M:8,Q4_K_M,8,"Using find and chmod, locate all executable files in /opt/scripts that are not owned by root, and change their ownership to root while preserving the executable bits.",find /opt/scripts -type f -perm -111 ! -user root -exec chmod 755 {} \;,"find /opt/scripts -type f -executable ! -user root -exec chown root:{} \; -exec chmod u+x,g+x,o+x {} \;",False,True,True,2
Q4_K_M:8,Q4_K_M,8,"Replace every occurrence of a UUID (format 8-4-4-4-12 hex) in all *.txt files under /data with a newly generated UUID, preserving the rest of the file content.","#!/usr/bin/env bash
find /data -type f -name ""*.txt"" -print0 | xargs -0 -I{} sh -c 'uuid=$(cat /proc/sys/kernel/random/uuid); sed -i ""s/$(echo ""$uuid"" | tr -d '[:space:]')/$(cat /proc/sys/kernel/random/uuid)/g"" ""{}""'","find /data -type f -name '*.txt' -print0 | xargs -0 -I{} bash -c 'sed -i -E ""s/[0-9a-fA-F]{8}(-[0-9a-fA-F]{4}){3}-[0-9a-fA-F]{12}/$(uuidgen)/g"" ""{}""'",False,True,True,3
Q4_K_M:8,Q4_K_M,8,Append the contents 'Hello World' to a file named 'file.txt',echo 'Hello World' >> file.txt,echo 'Hello World' >> file.txt,True,True,True,5
Q4_K_M:8,Q4_K_M,8,"Using curl, download a JSON API at https://api.example.com/data, extract the field ""items"" (an array), and for each item, download the URL in its ""download_url"" field concurrently (max 5 parallel jobs), saving to ./downloads with original filenames.","curl -s https://api.example.com/data | \
  jq -r '.items[] | ""\(.download_url) \(.filename)""' | \
  xargs -n1 -P5 -I{} bash -c 'curl -s -L ""{}"" -o ""./downloads/$(basename ""{}"")""'","curl -s https://api.example.com/data | jq -r '.items[].download_url' | xargs -n1 -P5 -I{} sh -c 'url={}; fname=$(basename ""$url""); curl -s -o ""./downloads/$fname"" ""$url""'",False,True,True,2
Q4_K_M:8,Q4_K_M,8,Find all symbolic links in /usr/local that are broken.,find /usr/local -xtype l,find /usr/local -xtype l,True,True,True,5
Q4_K_M:8,Q4_K_M,8,Print the first 3 fields of /etc/passwd separated by commas,"cut -d: -f1,3,5 /etc/passwd | tr ':' ','","cut -d: -f1,2,3 /etc/passwd | tr ':' ','",False,True,True,2
Q4_K_M:8,Q4_K_M,8,Find all symbolic links in the current directory and list their targets,find . -type l -exec readlink {} \;,find . -type l -ls,False,True,True,5
Q4_K_M:8,Q4_K_M,8,"Create a tarball of the current directory and upload it to a remote server using curl, then verify the upload by checking the file size","tar -czf archive.tar.gz . && curl -u username:password -T archive.tar.gz https://example.com/upload && curl -u username:password -I https://example.com/upload/archive.tar.gz | grep -i ""Content-Length"" | awk '{print $2}' && curl -u username:password -I https://example.com/upload/archive.tar.gz | grep -i ""Content-Type"" | awk '{print $2}'",tar -czf archive.tar.gz . && curl -T archive.tar.gz http://example.com/upload && curl http://example.com/upload/archive.tar.gz | tar -tzf - | wc -c,False,True,True,2
Q4_K_M:8,Q4_K_M,8,Limit the output of ls to the first 20 entries using head.,ls | head,ls | head -n 20,False,True,True,3
Q4_K_M:8,Q4_K_M,8,Schedule a daily backup at 2 am using cron (edit crontab),"(crontab -l 2>/dev/null; echo ""0 2 * * * /usr/local/bin/backup.sh"") | crontab -","(crontab -l ; echo ""0 2 * * * /usr/local/bin/daily_backup.sh"") | crontab -",False,True,True,4
Q4_K_M:8,Q4_K_M,8,Display the current swap usage in megabytes.,"free -m | awk '/Swap/ {print $3"" MB used, "" $4"" MB total""}'","free -m | awk '/Swap/ {print $3"" MB used, ""$4"" MB free""}'",False,True,True,4
Q4_K_M:8,Q4_K_M,8,Set the system date to 2025‑12‑31 23:59:00 (requires root).,"sudo date -s ""2025-12-31 23:59:00""","sudo date -s ""2025-12-31 23:59:00""",True,True,True,5
Q4_K_M:8,Q4_K_M,8,"Check the syntax of an Nginx configuration file ""/etc/nginx/nginx.conf""",nginx -t -c /etc/nginx/nginx.conf,sudo nginx -t -c /etc/nginx/nginx.conf,False,True,True,4
Q4_K_M:8,Q4_K_M,8,Create a compressed tar archive of the folder src,tar -czf archive.tar.gz src,tar -czvf src.tar.gz src/,False,True,True,4
Q4_K_M:8,Q4_K_M,8,Create a script to download a list of URLs using curl and save them to a specific directory,"#!/usr/bin/env bash
mkdir -p ~/downloads
while IFS= read -r url; do
  curl -sSL ""$url"" -o ~/downloads/$(basename ""$url"")
done < urls.txt",while IFS= read -r url; do curl -o /downloads/${url##*/} $url; done < url_list.txt,False,True,True,4
Q4_K_M:8,Q4_K_M,8,Count how many files are in each subdirectory of the current folder and display the result.,"for d in */; do echo ""$d: $(find ""$d"" -type f | wc -l) files""; done","for d in */; do echo -n ""$d: ""; find ""$d"" -type f | wc -l; done",False,True,True,5
Q4_K_M:8,Q4_K_M,8,Sort a file named 'file.txt' in ascending order,sort file.txt,sort file.txt,True,True,True,5
Q4_K_M:8,Q4_K_M,8,Create a new archive 'archive1.tar' from the files 'file1' and 'file2',tar -cvf archive1.tar file1 file2,tar cvf archive1.tar file1 file2,False,True,True,5
Q4_K_M:8,Q4_K_M,8,"Count the number of lines, words, and characters in file.txt",wc file.txt,wc file.txt,True,True,True,5
Q4_K_M:8,Q4_K_M,8,Print the environment variables,printenv,env,False,True,True,5
Q4_K_M:8,Q4_K_M,8,Restart a service on a systemd-based system,sudo systemctl restart nginx,systemctl restart service,False,True,True,2
Q4_K_M:8,Q4_K_M,8,Batch convert PNG to JPEG,mogrify -format jpg *.png,mogrify -format jpg *.png,True,True,True,5
Q4_K_M:8,Q4_K_M,8,"Find all git repositories under /srv, and for each repository print the current branch and the number of uncommitted changes.","find /srv -type d -name .git -prune -print0 | xargs -0 -I{} git -C {} rev-parse --abbrev-ref HEAD | while IFS= read -r branch; do repo=$(dirname ""{}""); cd ""$repo"" && echo ""$branch $(git status --porcelain | wc -l)""; done","find /srv -type d -name .git -prune -print | while read gitdir; do repo=$(dirname ""$gitdir""); echo -n ""$repo: ""; (cd ""$repo"" && git rev-parse --abbrev-ref HEAD && git status --porcelain | wc -l | awk '{print $1"" uncommitted changes""}'); done",False,True,True,4
Q4_K_M:8,Q4_K_M,8,Display the current process's environment variables,printenv,printenv,True,True,True,5
Q4_K_M:8,Q4_K_M,8,"Find all empty directories under ""/var/www"" and delete them",find /var/www -type d -empty -delete,find /var/www -type d -empty -delete,True,True,True,5
Q4_K_M:8,Q4_K_M,8,"Replace the first occurrence of ""apple"" with ""orange"" on each line of ""fruits.txt"" and write the result to ""fruits_new.txt"".","sed -i '0,/apple/s//orange/' fruits.txt",sed 's/apple/orange/' fruits.txt > fruits_new.txt,False,True,True,2
Q4_K_M:8,Q4_K_M,8,Display the first 5 columns of a CSV file using awk,"awk -F',' '{print $1,$2,$3,$4,$5}' data.csv","awk -F',' '{print $1,$2,$3,$4,$5}' data.csv",True,True,True,5
Q4_K_M:8,Q4_K_M,8,"Create a Bash function that takes a git branch name, checks out the branch, rebases it onto origin/main, runs the test suite (make test), and if successful, pushes the branch; otherwise, aborts and returns to the previous branch.","git_rebase_push(){ local branch=""$1""; git checkout ""$branch"" && git rebase origin/main && make test && git push origin ""$branch"" || { git rebase --abort; git checkout ""$branch""; }; }","git_rebase_and_push() {
  local branch=$1 prev=$(git rev-parse --abbrev-ref HEAD)
  git checkout ""$branch"" && git fetch origin && git rebase origin/main && make test && git push origin ""$branch"" || { git rebase --abort; git checkout ""$prev""; }
}",False,True,True,4
Q4_K_M:8,Q4_K_M,8,Display the last 5 commands from the shell history,history | tail -n 5,history | tail -n 5,True,True,True,5
Q4_K_M:8,Q4_K_M,8,"Using grep and perl, replace every occurrence of a MAC address in a log file with the string ""[REDACTED]"" and write the result to a new file.",grep -oE '[0-9A-Fa-f]{2}:[0-9A-Fa-f]{2}:[0-9A-Fa-f]{2}:[0-9A-Fa-f]{2}:[0-9A-Fa-f]{2}:[0-9A-Fa-f]{2}' log.txt | perl -pe 's/([0-9A-Fa-f]{2}[:-]){5}/[REDACTED]/g' > redacted_log.txt,perl -pe 's/([0-9A-Fa-f]{2}:){5}[0-9A-Fa-f]{2}/[REDACTED]/g' /var/log/network.log > /var/log/network_redacted.log,False,True,True,3
Q4_K_M:8,Q4_K_M,8,Copy a directory named 'dir' to a remote server named 'server',scp -r dir user@server:/remote/directory,scp -r dir server:dir,False,True,True,3
Q4_K_M:8,Q4_K_M,8,"Recursively replace all occurrences of the word ""ERROR"" with ""WARN"" in *.conf files under /etc/app, but only in files that contain the string ""critical"" somewhere in the file.","find /etc/app -type f -name ""*.conf"" -exec grep -Iq . {} \; -and -exec grep -q ""critical"" {} \; -print0 | xargs -0 sed -i 's/ERROR/WARN/g'",grep -rl 'critical' /etc/app --include='*.conf' | xargs sed -i 's/ERROR/WARN/g',False,True,True,4
Q4_K_M:8,Q4_K_M,8,Display the last 5 git commits that modified src/main.c,git log -5 --pretty=format:'%h %s' -- src/main.c,git log -n 5 --pretty=oneline -- src/main.c,False,True,True,4
Q4_K_M:8,Q4_K_M,8,Display the free memory,free -h,free -m,False,True,True,4
Q4_K_M:8,Q4_K_M,8,Create empty file quickly,touch YOUR_FILE,touch newfile,False,True,True,5
Q4_K_M:8,Q4_K_M,8,Show the current SELinux status,getenforce,sestatus,False,True,True,5
Q4_K_M:8,Q4_K_M,8,"Show the first 10 lines of a file named ""report.log"".",head -n 10 report.log,head -n 10 report.log,True,True,True,5
Q4_K_M:8,Q4_K_M,8,"Find all files with world‑writable permissions under /etc, list them with permissions and owner, and optionally fix them by removing the write bit.",find /etc -type f -perm -002 -exec ls -l {} \;,"find /etc -type f -perm -o=w -ls | awk '{print $3,$5,$11}' # To fix: find /etc -type f -perm -o=w -exec chmod o-w {} \;",False,True,True,4
Q4_K_M:8,Q4_K_M,8,"Replace all occurrences of ""localhost"" with ""127.0.0.1"" in the file hosts.conf, editing the file in place.",sed -i 's/localhost/127.0.0.1/g' hosts.conf,sed -i 's/localhost/127.0.0.1/g' hosts.conf,True,True,True,5
Q4_K_M:8,Q4_K_M,8,Display the SHA256 checksum of the file iso_image.iso.,sha256sum iso_image.iso,sha256sum iso_image.iso,True,True,True,5
Q4_K_M:8,Q4_K_M,8,"Find all duplicate files (by content) under /data, list each set of duplicates on a single line separated by spaces, and delete all but the oldest file in each set.","#!/usr/bin/env bash
find /data -type f -exec md5sum {} + | sort | awk 'prev==$1{print $2} {prev=$1}' | xargs -I{} rm -f {}","fdupes -r /data | while read -r line; do set -- $line; oldest=$(stat -c %Y ""${1}""); keep=""${1}""; for f in ""$@""; do t=$(stat -c %Y ""$f""); if (( t < oldest )); then oldest=$t; keep=$f; fi; done; for f in ""$@""; do [[ $f != $keep ]] && rm -f ""$f""; done; echo ""$line""; done",False,True,True,1
Q4_K_M:8,Q4_K_M,8,"Show the difference between two directories ""dir1"" and ""dir2""",diff -qr dir1 dir2,diff -qr dir1 dir2,True,True,True,5
Q4_K_M:8,Q4_K_M,8,"Generate a report of disk usage per user on /home, showing user, total size in GiB, and number of files, sorted by size descending.","du -sh /home/* | awk -F'/' '{print $3}' | while read user; do size=$(du -s /home/$user | cut -f1 | tr -d 'G'); files=$(find /home/$user -type f | wc -l); echo ""$user\t$size\t$files""; done | sort -k2 -hr","du -sh /home/* 2>/dev/null | awk -F'/' '{print $3}' | while read user; do size=$(du -sb /home/$user 2>/dev/null | cut -f1); files=$(find /home/$user -type f 2>/dev/null | wc -l); printf ""%s\t%.2fGiB\t%d\n"" ""$user"" ""$(echo ""$size/1024/1024/1024"" | bc -l)"" ""$files""; done | sort -k2,2nr",False,True,True,2
Q4_K_M:8,Q4_K_M,8,Concatenate file1.txt and file2.txt into combined.txt,cat file1.txt file2.txt > combined.txt,cat file1.txt file2.txt > combined.txt,True,True,True,5
Q4_K_M:8,Q4_K_M,8,"Write a one‑liner that prints the number of lines added, deleted, and total changed files in the last git commit.",git show --stat HEAD,"git show --stat HEAD | awk '/files changed/ {added+=$4; deleted+=$6} END {print ""Added:"",added,""Deleted:"",deleted,""Files changed:"",NR}'",False,True,True,1
Q4_K_M:8,Q4_K_M,8,"Print the first field (username) of each line in ""/etc/passwd"".",cut -d: -f1 /etc/passwd,cut -d: -f1 /etc/passwd,True,True,True,5
Q4_K_M:8,Q4_K_M,8,"Find all symbolic links under /etc that point to files outside /etc, and list them with their target paths.","find /etc -xtype l -printf '%p %l\n' | while IFS=' ' read link target; do if [ ! -f ""$target"" ] && [ -f ""$(dirname ""$target"")/$(basename ""$target"")"" ]; then echo ""Link: $link -> $target""; fi; done","find /etc -type l -printf ""%p -> %l\n"" | awk '$3 !~ /^\/etc/ {print $0}'",False,True,True,2
Q4_K_M:8,Q4_K_M,8,Find all symbolic links in /usr/bin that point to files not existing,"find /usr/bin -xtype l -print0 | xargs -0 -I{} sh -c 'if [ ! -e ""{}"" ]; then echo ""{}""; fi'",find /usr/bin -type l ! -exec test -e {} \; -print,False,True,True,4
Q4_K_M:8,Q4_K_M,8,"Monitor CPU usage every 5 seconds, log spikes above 80% to /var/tmp/cpu_spikes.log with a timestamp, and send an email alert after 3 consecutive spikes.","#!/usr/bin/env bash
spike_count=0
while true; do
  cpu=$(top -bn1 | grep ""%Cpu"" | awk -F',' '{print $1}' | awk '{print $2}')
  if (( $(echo ""$cpu > 80"" | bc -l) )); then
    echo ""$(date +%F_%T) CPU $cpu%"" >> /var/tmp/cpu_spikes.log
    ((spike_count++))
    if (( spike_count >= 3 )); then
      echo ""CPU usage spike detected: $cpu%"" | mail -s 'CPU Alert' admin@example","spike_count=0
while sleep 5; do
  cpu=$(top -bn1 | grep ""%Cpu"" | awk '{print 100-$8}')
  if (( $(echo ""$cpu > 80"" | bc -l) )); then
    echo ""$(date +%F_%T) CPU=$cpu%"" >> /var/tmp/cpu_spikes.log
    ((spike_count++))
    if ((spike_count>=3)); then
      echo ""CPU spikes detected"" | mail -s ""CPU Alert"" admin@example.com
      spike_count=0
    fi
  else
    spike_count=0
  fi
done",False,True,False,1
Q4_K_M:8,Q4_K_M,8,"Find all files named ""config.yaml"" starting from the home directory",find ~ -type f -name config.yaml,find ~ -type f -name config.yaml,True,True,True,5
Q4_K_M:8,Q4_K_M,8,Run a Python script named train.py with GPU support using CUDA_VISIBLE_DEVICES=0,CUDA_VISIBLE_DEVICES=0 python train.py,CUDA_VISIBLE_DEVICES=0 python train.py,True,True,True,5
Q4_K_M:8,Q4_K_M,8,Create a compressed tar archive of the /var/log directory named logs.tar.gz,tar -czf logs.tar.gz /var/log,tar -czvf logs.tar.gz /var/log,False,True,True,4
Q4_K_M:8,Q4_K_M,8,Create a systemd timer that runs /usr/local/bin/cleanup.sh daily at 02:30 and logs its output to /var/log/cleanup.log.,"[Unit]
Description=Run cleanup script daily
[Service]
ExecStart=/usr/local/bin/cleanup.sh
[Install]
WantedBy=timers.target
[Unit]
Description=Run cleanup script daily at 02:30
[Timer]
OnCalendar=*-*-* 02:30:00
Persistent=true
[Install]
WantedBy=timers.target","cat <<'EOF' > /etc/systemd/system/cleanup.service
[Unit]
Description=Daily cleanup
[Service]
Type=oneshot
ExecStart=/usr/local/bin/cleanup.sh
StandardOutput=append:/var/log/cleanup.log
StandardError=append:/var/log/cleanup.log
EOF
cat <<'EOF' > /etc/systemd/system/cleanup.timer
[Unit]
Description=Run cleanup daily at 02:30
[Timer]
OnCalendar=*-*-* 02:30:00
Persistent=true
[Install]
WantedBy=timers.target
EOF
systemctl daemon-reload && systemctl enable --now cleanup.timer",False,True,True,1
Q4_K_M:8,Q4_K_M,8,"Show the total size of all files in /var/www, displayed in human‑readable format.",du -sh /var/www,du -sh /var/www,True,True,True,5
Q4_K_M:8,Q4_K_M,8,Rename all .jpeg to .jpg in current folder.,"for f in *.jpeg; do mv ""$f"" ""${f%.jpeg}.jpg""; done","for f in *.jpeg; do mv ""$f"" ""${f%.jpeg}.jpg""; done",True,True,True,5
Q4_K_M:8,Q4_K_M,8,Find all symbolic links in /usr/local/bin that point to non‑existent files and remove those broken links.,find /usr/local/bin -xtype l -print0 | xargs -0 rm,find /usr/local/bin -xtype l -exec rm -v {} +,False,True,True,4
Q4_K_M:8,Q4_K_M,8,Sort a file 'file.txt' in descending order,sort -r file.txt,sort -r file.txt,True,True,True,5
Q4_K_M:8,Q4_K_M,8,List all system logs,journalctl -u systemd,ls /var/log,False,True,True,1
Q4_K_M:8,Q4_K_M,8,"Create a pipeline that reads a CSV file users.csv, filters rows where the age column >30, converts the result to JSON objects (one per line) using jq, and writes to users_over_30.jsonl.","jq -r 'select(.age > 30) | @csv' users.csv | while IFS=, read -r age name; do echo ""{\""age\"":$age,\""name\"":\""$name\""}""; done > users_over_30.jsonl","csvcut -c 1,2,3 users.csv | awk -F',' '$3>30 {print}' |
  jq -R -s 'split(""\n"") | .[] | select(length>0) | split("","") | {name: .[0], email: .[1], age: (.[2]|tonumber)}' > users_over_30.jsonl",False,True,True,2
Q4_K_M:8,Q4_K_M,8,Check the SHA256 checksum of file.iso,sha256sum file.iso,sha256sum file.iso,True,True,True,5
Q4_K_M:8,Q4_K_M,8,"Create a file with text ""config""","echo ""config"" > config.txt","$ echo ""config"" > settings.conf",False,True,True,5
Q4_K_M:8,Q4_K_M,8,"Show the difference between two files, file1.txt and file2.txt, ignoring whitespace differences.",diff -w file1.txt file2.txt,diff -w file1.txt file2.txt,True,True,True,5
Q4_K_M:8,Q4_K_M,8,"Count how many times each word appears in ""document.txt"" (case‑insensitive) and sort by frequency",tr -cs '[:alnum:]' '\n' < document.txt | tr '[:upper:]' '[:lower:]' | sort | uniq -c | sort -nr,tr '[:space:]' '\n' < document.txt | tr '[:upper:]' '[:lower:]' | grep -v '^$' | sort | uniq -c | sort -nr,False,True,True,3
Q4_K_M:8,Q4_K_M,8,"Find all files larger than 100 MB in ""/home/user""",find /home/user -type f -size +100M,find /home/user -type f -size +100M,True,True,True,5
Q4_K_M:8,Q4_K_M,8,Monitor real-time system resource usage,top,htop,False,True,True,5
Q4_K_M:8,Q4_K_M,8,Execute a command 'ls' and redirect both output and error to a file named 'output.txt',ls 2> output.txt,ls &> output.txt,False,True,True,3
Q4_K_M:8,Q4_K_M,8,Show the current SELinux mode.,getenforce,getenforce,True,True,True,5
Q4_K_M:8,Q4_K_M,8,"Print the first field of each line in data.csv, assuming comma delimiter","cut -d',' -f1 data.csv","cut -d',' -f1 data.csv",True,True,True,5
Q4_K_M:8,Q4_K_M,8,Sort a file 'example.txt' in descending order,sort -r example.txt,sort -r example.txt,True,True,True,5
Q4_K_M:8,Q4_K_M,8,"Write a Bash one‑liner that extracts all IPv4 addresses from a log file, counts how many times each appears, and outputs those with more than 100 occurrences.","grep -oE '([0-9]{1,3}\.){3}[0-9]{1,3}' /var/log/syslog | sort | uniq -c | awk '$1>100 {print $0}'","grep -Eo '([0-9]{1,3}\.){3}[0-9]{1,3}' access.log | sort | uniq -c | awk '$1>100{print $2"" ""$1}'",False,True,True,3
Q4_K_M:8,Q4_K_M,8,Display the current date and time in ISO 8601 format.,date --iso-8601=seconds,date --iso-8601=seconds,True,True,True,5
Q4_K_M:8,Q4_K_M,8,Display the system's uptime,uptime,uptime,True,True,True,5
Q4_K_M:8,Q4_K_M,8,"Create a tar.gz archive of all modified .sh scripts in the last 7 days from the home directory, preserving permissions, and store it in /tmp with a timestamped name.","tar -czf ""/tmp/scripts_$(date +%Y%m%d_%H%M%S).tar.gz"" $(find ~ -type f -name ""*.sh"" -mtime -7)","tar -czf ""/tmp/scripts_$(date +%Y%m%d_%H%M%S).tgz"" -C ~ $(find ~ -type f -name ""*.sh"" -mtime -7 -printf ""%P\n"")",False,True,True,3
Q4_K_M:8,Q4_K_M,8,"Replace the string ""foo"" with ""bar"" in file ""data.txt"" (in-place)",sed -i 's/foo/bar/g' data.txt,sed -i 's/foo/bar/g' data.txt,True,True,True,5
Q4_K_M:8,Q4_K_M,8,Mirror website with wget,wget --mirror --convert-links --adjust-extension --page-requisites https://example.com,wget --mirror --convert-links --adjust-extension --page-requisites --no-parent https://example.com,False,True,True,4
Q4_K_M:8,Q4_K_M,8,"Create a command that finds the 5 largest files in /var/lib/mysql, displays their sizes in human‑readable form, and writes the list to large_mysql_files.txt.",find /var/lib/mysql -type f -exec du -h {} + | sort -rh | head -n 5 > large_mysql_files.txt,find /var/lib/mysql -type f -exec du -h {} + | sort -hr | head -n 5 > large_mysql_files.txt,False,True,True,3
Q4_K_M:8,Q4_K_M,8,Show the top 10 lines of a CSV file with column headers,"head -n 1 data.csv && tail -n +2 data.csv | sort -t, -k1,1 | uniq -c | sort -rn | head -n 10",head -n 10 data.csv,False,True,True,1
Q4_K_M:8,Q4_K_M,8,"Create a compressed bzip2 archive of the directory ""data"" named ""data.tar.bz2"".",tar -cjf data.tar.bz2 data,tar -cjf data.tar.bz2 data/,False,True,True,5
Q4_K_M:8,Q4_K_M,8,"List the 5 largest files (by size) in the user's home directory, showing size in human readable form and full path, sorted descending.","find ~ -type f -printf ""%s %p\n"" | sort -nr | head -n 5 | numfmt --field=1 --to=iec-i --suffix=B","find ""$HOME"" -type f -printf '%s %p\n' | sort -rn | head -5 | numfmt --to=iec-i --suffix=B --padding=7 | awk '{print $1"" ""$2}'",False,True,True,5
Q4_K_M:8,Q4_K_M,8,Display the current working directory in bold green text using ANSI escape codes.,"echo -e ""\033[1;32m$(pwd)\033[0m""","echo -e ""\033[1;32m$(pwd)\033[0m""",True,True,True,5
Q4_K_M:8,Q4_K_M,8,List the 5 largest files in the current directory and its subdirectories.,find . -type f -exec du -h {} + | sort -rh | head -n 5,find . -type f -exec du -h {} + | sort -rh | head -n 5,True,True,True,5
Q4_K_M:8,Q4_K_M,8,"List all files in the current directory, including hidden files",ls -a,ls -a,True,True,True,5
Q4_K_M:8,Q4_K_M,8,"Display the last 20 lines of ""/var/log/syslog"" and keep updating as new lines are added.",tail -n 20 -f /var/log/syslog,tail -n 20 -f /var/log/syslog,True,True,True,5
Q4_K_M:8,Q4_K_M,8,Display the current environment variables in alphabetical order.,printenv | sort,env | sort,False,True,True,5
Q4_K_M:8,Q4_K_M,8,Convert a PDF to text using pdftotext,pdftotext document.pdf,pdftotext document.pdf document.txt,False,True,True,3
Q4_K_M:8,Q4_K_M,8,Generate a random 32‑character alphanumeric password and copy it to the clipboard (Linux with xclip).,"tr -dc 'A-Za-z0-9' </dev/urandom | head -c32 | xclip -selection clipboard && echo ""Password copied to clipboard""","tr -dc 'A-Za-z0-9' </dev/urandom | head -c32 | xclip -selection clipboard && echo ""Password copied to clipboard""",True,True,True,5
Q4_K_M:8,Q4_K_M,8,Copy all .conf files from /etc/nginx to /backup/nginx preserving directory structure.,cp -r /etc/nginx/*.conf /backup/nginx/,rsync -av --include='*/' --include='*.conf' --exclude='*' /etc/nginx/ /backup/nginx/,False,True,True,1
Q4_K_M:8,Q4_K_M,8,"Recursively replace all occurrences of the string ""TODO"" with ""DONE"" in *.py files, but only in files that have been modified in the last 7 days.","find . -type f -name ""*.py"" -mtime -7 -exec sed -i 's/TODO/DONE/g' {} \;",find . -type f -name '*.py' -mtime -7 -exec sed -i 's/TODO/DONE/g' {} +,False,True,True,4
Q4_K_M:8,Q4_K_M,8,"List all processes owned by root that have opened network sockets, showing PID, command, and listening port, sorted by port number.",ss -tlnp | grep 'LISTEN' | grep 'root' | awk '{print $5}' | cut -d: -f2 | sort -u,"ss -tulpn | awk '/^tcp/ && /root/ {split($5, a, "":""); printf ""%s %s %s\n"", $6, $7, a[2]}' | sort -k3,3n",False,True,True,1
Q4_K_M:8,Q4_K_M,8,"Write a one‑liner that replaces all occurrences of the word ""foo"" with ""bar"" in all "".conf"" files under /etc, but only in lines that are not commented out (i.e., do not start with #), preserving backup copies with extension .bak.","find /etc -type f -name ""*.conf"" -exec grep -l '^#' {} \; | xargs -r sed -i.bak 's/foo/bar/g'","find /etc -type f -name ""*.conf"" -print0 | xargs -0 -I{} sed -i.bak '/^[[:space:]]*#/! s/\bfoo\b/bar/g' {}",False,True,True,2
Q4_K_M:8,Q4_K_M,8,Show calendar of current month,cal,$ cal,False,True,True,5
Q4_K_M:8,Q4_K_M,8,"Parse a JSON file, extract specific fields, and output them in CSV format","jq -r '.[] | [.name, .age, .city] | @csv' users.json | column -t","jq -r '.[] | .name, .age, .city' data.json | paste -sd ','",False,True,True,5
Q4_K_M:8,Q4_K_M,8,Commit changes in a Git repository with a message 'Initial commit',git commit -m 'Initial commit',git commit -m 'Initial commit',True,True,True,5
Q4_K_M:8,Q4_K_M,8,Copy a file named 'example.txt' to the 'test' directory,cp example.txt test/,cp example.txt test,False,True,True,5
Q4_K_M:8,Q4_K_M,8,"List all files, including hidden ones, in long format",ls -la,ls -la,True,True,True,5
Q4_K_M:8,Q4_K_M,8,List the 5 most memory‑intensive processes sorted descending.,ps aux --sort=-%mem | head -n 6,ps aux --sort=-%mem | head -n 6,True,True,True,5
Q4_K_M:8,Q4_K_M,8,"Write a Bash script snippet that reads a CSV file of usernames and email addresses, creates a system user for each, sets a random password, and emails the credentials using mailx.","#!/usr/bin/env bash
csv=""users.csv""
while IFS=, read -r user email; do
  pass=$(openssl rand -base64 12)
  useradd -m -s /bin/bash ""$user"" && echo ""$user:$pass"" | chpasswd
  echo -e ""Subject: Your account\n\nUsername: $user\nPassword: $pass"" | mailx -s ""Account Credentials"" ""$email""
done < ""$csv""","while IFS=, read -r user email; do sudo useradd -m ""$user"" && pass=$(openssl rand -base64 12) && echo ""$user:$pass"" | sudo chpasswd && echo -e ""Your account: $user\nPassword: $pass"" | mailx -s ""Your new account"" ""$email""; done < users.csv",False,True,True,3
Q4_K_M:8,Q4_K_M,8,Compress all .log files in /var/log into a single zip archive called logs.zip.,zip -r logs.zip /var/log/*.log,zip logs.zip /var/log/*.log,False,True,True,4
Q4_K_M:8,Q4_K_M,8,Display the contents of a file named 'file.txt',cat file.txt,cat file.txt,True,True,True,5
Q4_K_M:8,Q4_K_M,8,Change the permissions of a file called 'example.txt' to read-only,chmod 444 example.txt,chmod 444 example.txt,True,True,True,5
Q4_K_M:8,Q4_K_M,8,Display the current battery charge percentage (on a laptop),cat /sys/class/power_supply/BAT0/capacity,acpi -b | grep -P -o '[0-9]+(?=%)',False,True,True,5
Q4_K_M:8,Q4_K_M,8,"Create a new empty file named ""placeholder.txt""",touch placeholder.txt,touch placeholder.txt,True,True,True,5
Q4_K_M:8,Q4_K_M,8,Show the differences between the working tree and the last commit for file src/main.c,git diff --cached src/main.c,git diff src/main.c,False,True,True,1
Q4_K_M:8,Q4_K_M,8,Show disk usage of the current directory in human‑readable format,du -sh,du -sh .,False,True,True,5
Q4_K_M:8,Q4_K_M,8,"Using find, locate all symbolic links under /usr/local that point to non‑existent targets and delete them.",find /usr/local -xtype l -print -delete,find /usr/local -xtype l -delete,False,True,True,5
Q4_K_M:8,Q4_K_M,8,Show the disk usage of the current directory in a human‑readable format,du -sh,du -sh .,False,True,True,5
Q4_K_M:8,Q4_K_M,8,Append the content 'Hello World' to the file 'file1',echo 'Hello World' >> file1,echo 'Hello World' >> file1,True,True,True,5
Q4_K_M:8,Q4_K_M,8,Monitor CPU usage every 2 seconds and display it in a compact format,"watch -n 2 ""echo CPU Usage: $(top -b -n 1 | grep '%Cpu' | awk '{print $2}'%)""","top -b -d 2 -n 1 | grep ""Cpu(s)""",False,True,True,3
Q4_K_M:8,Q4_K_M,8,Display the last login time for user bob,lastlog -u bob | head -n 1,last -n 1 bob | head -n 1,False,True,True,3
Q4_K_M:8,Q4_K_M,8,"Using perl, replace all dates in format DD/MM/YYYY in a text file with ISO format YYYY-MM-DD, and write the changes in-place.",perl -pi -e 's/(\d{2})\/(\d{2})\/(\d{4})/$3-\$2-\$1/g' YOUR_FILE,perl -i -pe 's/(\d{2})\/(\d{2})\/(\d{4})/$3-\$2-\$1/g' /path/file.txt,False,True,True,3
Q4_K_M:8,Q4_K_M,8,"Write a Bash function that accepts a directory and a file extension, finds the newest N files (default 10) with that extension, and creates a zip archive named after the directory and timestamp.","archive_latest(){
  dir=""$1""
  ext=""$2""
  n=${3:-10}
  archive=""${dir%/}_$(date +%Y%m%d_%H%M%S).zip""
  find ""$dir"" -type f -name ""*.$ext"" -printf ""%T@ %p\n"" | sort -nr | head -n ""$n"" | cut -d' ' -f2- | xargs -d '\n' zip -@ ""$archive""
}","archive_recent(){ local dir=""$1""; local ext=""$2""; local n=${3:-10}; local ts=$(date +%Y%m%d_%H%M%S); local archive=""${dir##*/}_$ts.zip""; find ""$dir"" -type f -name ""*.$ext"" -printf '%T@ %p\n' | sort -nr | head -n ""$n"" | cut -d' ' -f2- | zip -@ ""$archive""; echo ""Created $archive""; }",False,True,True,4
Q4_K_M:8,Q4_K_M,8,"Replace the first occurrence of ""VERSION=1"" with ""VERSION=2"" in the file ""Makefile"" without creating a backup.","sed -i '0,/VERSION=1/s//VERSION=2/' Makefile","sed -i '0,/VERSION=1/s//VERSION=2/' Makefile",True,True,True,5
Q4_K_M:8,Q4_K_M,8,"Change the permissions of ""script.sh"" to be executable by the owner only",chmod 700 script.sh,chmod 700 script.sh,True,True,True,5
Q4_K_M:8,Q4_K_M,8,Print the first 100 characters of the string stored in the variable $LONG_TEXT.,"echo ""${LONG_TEXT:0:100}""","echo ""${LONG_TEXT}"" | cut -c1-100",False,True,True,5
Q4_K_M:8,Q4_K_M,8,Extract the contents of a zip archive named 'example.zip',unzip example.zip,unzip example.zip,True,True,True,5
Q4_K_M:8,Q4_K_M,8,"Count how many lines contain ""FAIL"" in results.log.","grep -c ""FAIL"" results.log","grep -c ""FAIL"" results.log",True,True,True,5
Q4_K_M:8,Q4_K_M,8,Set the file permissions of script.sh to be executable by the owner only,chmod 700 script.sh,chmod 700 script.sh,True,True,True,5
Q4_K_M:8,Q4_K_M,8,"Extract all JSON objects from a mixed log file, pretty‑print them with jq, and write the results to a new file named cleaned.json.",grep -a '{' mixed.log | grep -a '}' | jq -c . > cleaned.json,grep -o '{[^}]*}' mixed.log | jq -s '.' > cleaned.json,False,True,True,3
Q4_K_M:8,Q4_K_M,8,"Check the SHA256 checksum of ""download.iso""",sha256sum download.iso,sha256sum download.iso,True,True,True,5
Q4_K_M:8,Q4_K_M,8,"Monitor the file ""access.log"" in real time, showing new lines as they are added.",tail -F access.log,tail -f access.log,False,True,True,4
Q4_K_M:8,Q4_K_M,8,Show the current user's default editor,echo $EDITOR,echo $EDITOR,True,True,True,5
Q4_K_M:8,Q4_K_M,8,"Create a tarball of all .conf files that contain the word ""PasswordAuthentication"" (case‑insensitive) in /etc/ssh, preserving directory structure, and compress with xz, naming the archive with the current date.",tar -czf /tmp/ssh_config_$(date +%Y%m%d).tar.gz -C /etc/ssh --exclude='*' --include='*.conf' --exclude='*' --include='*.conf' --exclude='*' --include='*.conf' --exclude='*' --include='*.conf' --exclude='*' --include='*.conf' --exclude='*' --include='*.conf' --exclude='*' --include='*.conf' --exclude='*' --include='*.conf' --exclude='*' --include='*.conf' --exclude='*' --include='*.conf' --,"tar -cJf ""ssh_conf_$(date +%F).tar.xz"" $(grep -ril ""PasswordAuthentication"" /etc/ssh --include='*.conf')",False,True,True,1
Q4_K_M:8,Q4_K_M,8,"Show the current CPU temperature (Linux, using sensors).",sensors | grep -i cpu | grep -i temp,sensors | grep 'Core',False,True,True,4
Q4_K_M:8,Q4_K_M,8,Reload the current shell's environment variables,source ~/.bashrc,source ~/.bashrc,True,True,True,5
Q4_K_M:8,Q4_K_M,8,"Print the size of each subdirectory in the current directory, sorted largest first",du -sh */ | sort -rh,du -sh */ | sort -hr,False,True,True,5
Q4_K_M:8,Q4_K_M,8,Print the number of CPU seconds used by the current shell process.,ps -p $$ -o cputime=,ps -p $$ -o cputime=,True,True,True,5
Q4_K_M:8,Q4_K_M,8,Show the last 20 lines of a file named report.txt,tail -n 20 report.txt,tail -n 20 report.txt,True,True,True,5
Q4_K_M:8,Q4_K_M,8,Show the last 5 git commit messages in one‑line format.,git log -5 --oneline,git log -5 --oneline,True,True,True,5
Q4_K_M:8,Q4_K_M,8,"Create a compressed tar archive named ""backup.tar.gz"" containing the directory ""project"" while preserving permissions.",tar -czvf backup.tar.gz project,tar -czvf backup.tar.gz project,True,True,True,5
Q4_K_M:8,Q4_K_M,8,"Write a Bash snippet that reads lines from stdin, groups them by the first field (space‑separated), and outputs each group preceded by the count of lines in that group.","awk '{a[$1]++} END {for (i in a) print a[i], i}'","awk '{count[$1]++; lines[$1]=lines[$1]""\n""$0} END {for (g in count) print count[g] "":"" lines[g]}'",False,True,True,3
Q4_K_M:8,Q4_K_M,8,List all running Docker containers with their names and ports,"docker ps --format ""{{.Names}}\t{{range .Ports}}{{.HostPort}}\t{{.HostIP}}{{end}}""","docker ps --format ""{{.Names}}	{{.Ports}}""",False,True,True,4
Q4_K_M:8,Q4_K_M,8,"Extract all URLs from a log file, remove duplicates, and sort them in descending order based on the number of occurrences",grep -oE 'https?://[^[:space:]]+' access.log | sort | uniq -c | sort -nr | awk '{print $2}',grep -oE 'https?://[^\s]+' access.log | sort | uniq -c | sort -rn | awk '{print $2}',False,True,True,4
Q4_K_M:8,Q4_K_M,8,Monitor the CPU usage of all processes in real time.,top -b -d 1,top,False,True,True,4
Q4_K_M:8,Q4_K_M,8,Display the first 10 lines of a file named data.txt,head -n 10 data.txt,head -n 10 data.txt,True,True,True,5
Q4_K_M:8,Q4_K_M,8,Copy a file called 'source.txt' to 'destination.txt',cp source.txt destination.txt,cp source.txt destination.txt,True,True,True,5
Q4_K_M:8,Q4_K_M,8,"Write a pipeline that extracts all JPEG image files from a tar archive without extracting the whole archive, and copies them to /tmp/images preserving directory hierarchy.","tar -xf archive.tar --wildcards --exclude ""*.jpg"" | tar -xf - -C /tmp/images","tar -tf archive.tar | grep '\.jpe?g$' | while read -r path; do mkdir -p ""/tmp/images/$(dirname ""$path"")""; tar -xf archive.tar ""$path"" -O > ""/tmp/images/$path""; done",False,True,True,1
Q4_K_M:8,Q4_K_M,8,"Write a Bash one‑liner that monitors the CPU temperature every 10 seconds for 5 minutes, logs timestamps and temperature to cpu_temp.log, and triggers an audible alert if temperature exceeds 80°C.","for i in {1..30}; do temp=$(cat /sys/class/thermal/thermal_zone0/temp | awk '{print $1/1000}'); echo ""$(date +%F_%T) $temp°C"" >> cpu_temp.log; if (( $(echo ""$temp > 80"" | bc -l) )); then echo ""High temp $temp°C"" | festival --tts; fi; sleep 10; done","end=$((SECONDS+300)); while [ $SECONDS -lt $end ]; do t=$(sensors | awk '/^Package id 0:/ {print $4}' | tr -d '+°C'); echo ""$(date '+%F %T') $t"" >> cpu_temp.log; if (( $(echo ""$t > 80"" | bc -l) )); then paplay /usr/share/sounds/freedesktop/stereo/alarm-clock-elapsed.oga; fi; sleep 10; done",False,True,True,1
Q4_K_M:8,Q4_K_M,8,"Monitor a directory /var/spool for new files, and when a new file appears, compute its SHA‑1 hash and move it to /var/processed with the hash prefixed to the filename.","inotifywait -m -e create --format ""%w%f"" /var/spool | while read file; do sha1=$(sha1sum ""$file"" | awk '{print $1}'); mv ""$file"" /var/processed/${sha1}$(basename ""$file""); done","inotifywait -m -e create --format '%w%f' /var/spool | while read newfile; do hash=$(sha1sum ""$newfile"" | awk '{print $1}'); base=$(basename ""$newfile""); mv ""$newfile"" ""/var/processed/${hash}_$base""; echo ""Processed $newfile -> ${hash}_$base""; done",False,True,True,5
Q4_K_M:8,Q4_K_M,8,Find the top 5 processes consuming the most memory,ps aux --sort=-%mem | head -n 6,ps aux --sort=-%mem | head -n 6,True,True,True,5
Q4_K_M:8,Q4_K_M,8,"Stop and remove a Docker container with ID ""a1b2c3d4e5f6"".",docker rm -f a1b2c3d4e5f6,docker rm -f a1b2c3d4e5f6,True,True,True,5
Q4_K_M:8,Q4_K_M,8,Connect to a remote server named 'remote_server' using SSH,ssh remote_server,ssh remote_server,True,True,True,5
Q4_K_M:8,Q4_K_M,8,"Using sed, replace the version number in a file version.txt that matches the pattern vMAJOR.MINOR.PATCH (e.g., v2.3.4) with v$(date +%Y.%m.%d). Ensure only the first occurrence is changed.",sed -i 's/^v[0-9]\+\.[0-9]\+\.[0-9]\+$/v$(date +%Y.%m.%d)/' version.txt,"sed -i '0,/v[0-9]\+\.[0-9]\+\.[0-9]\+/s//v$(date +%Y.%m.%d)/' version.txt",False,True,True,1
Q4_K_M:8,Q4_K_M,8,"Run the command ""make"" and log both stdout and stderr to build.log",make > build.log 2>&1,make > build.log 2>&1,True,True,True,5
Q4_K_M:8,Q4_K_M,8,"Write a one‑liner that continuously monitors /proc/meminfo, and when free memory drops below 200 MiB, writes a warning with timestamp to /var/log/mem_warn.log.","while true; do mem=$(awk '/MemAvailable/ {print $2}' /proc/meminfo); if [ $mem -lt 200000 ]; then echo ""$(date +%F_%T) Low memory: $mem kB"" >> /var/log/mem_warn.log; fi; sleep 5; done &","watch -n 5 ""awk '/MemFree/ {if(\$2<204800) print \""$(date +'%F %T') WARN: Low memory \$2 kB\"" >> /var/log/mem_warn.log}' /proc/meminfo""",False,True,True,4
Q4_K_M:8,Q4_K_M,8,"Create a symbolic link named ""latest.log"" pointing to ""log_2023_09_01.txt"".",ln -s log_2023_09_01.txt latest.log,ln -s log_2023_09_01.txt latest.log,True,True,True,5
Q4_K_M:8,Q4_K_M,8,Display the LVM logical volume status,lvdisplay YOUR_DEVICE,lvdisplay /dev/vg_example/lv_example,False,True,True,3
Q4_K_M:8,Q4_K_M,8,Clone a remote Git repository named 'example.git',git clone https://github.com/user/example.git,git clone example.git,False,True,True,3
Q4_K_M:8,Q4_K_M,8,Display the current swap usage in megabytes,"free -m | awk '/Swap/ {print $3"" MB used, "" $2"" MB total""}'","free -m | awk '/Swap/ {print $3"" MB used, ""$4"" MB free""}'",False,True,True,3
Q4_K_M:8,Q4_K_M,8,Display the unique lines of a file 'file.txt',sort file.txt | uniq,uniq file.txt,False,True,True,3
Q4_K_M:8,Q4_K_M,8,"Using ffmpeg, batch‑convert all .mov videos in ~/videos to .mp4 with H.264 video codec and AAC audio, preserving original filenames, and store them in ~/converted.","mkdir -p ~/converted && for f in ~/videos/*.mov; do ffmpeg -i ""$f"" -c:v libx264 -c:a aac -strict experimental ""${f%.mov}.mp4"" && mv ""${f%.mov}.mp4"" ~/converted/; done","mkdir -p ~/converted; for f in ~/videos/*.mov; do ffmpeg -i ""$f"" -c:v libx264 -c:a aac ""~/converted/$(basename ""${f%.*}"").mp4""; done",False,True,True,4
Q4_K_M:8,Q4_K_M,8,"Print the first 5 fields of each line in ""data.csv"" using comma as delimiter","cut -d',' -f1-5 data.csv","cut -d',' -f1-5 data.csv",True,True,True,5
Q4_K_M:8,Q4_K_M,8,Change the permissions of a file named 'file.txt' to '755',chmod 755 file.txt,chmod 755 file.txt,True,True,True,5
